<step title="Incoming Request" date="2025-10-28T08:41:08.664" instance="53cb09" url="/api/zipdeploy?isAsync=true&amp;deployer=GITHUB_ZIP_DEPLOY&amp;message=%7B%22type%22%3A%22deployment%22%2C%22sha%22%3A%229d22ee7f108c79fc8d8a7b72e52b590321d729b7%22%2C%22repoName%22%3A%22mxchestnut%2Fsharedthread%22%2C%22actor%22%3A%22mxchestnut%22%2C%22slotName%22%3A%22production%22%2C%22commitMessage%22%3A%22%F0%9F%94%A7%20Fix%20Staff%20page%3A%20add%20mock%20data%20for%20community%20proposals%20when%20database%20unavailable%22%7D" method="POST" type="request" pid="825,1,79" Host="sharedthread-ggeheafjamb9hxc2.scm.centralus-01.azurewebsites.net" User-Agent="GITHUBACTIONS_DeployWebAppToAzure_df1ac74e5fcc350eb4fc3a077fcafa660132f4b2532732a238d3f4a07c967089" Authorization="Bas..." Content-Type="application/octet-stream" Cookie="ARRAffinity=53cb09fa1df56cad4377ddb96071183a2409f29839db9f7c48309c156a15e042;Path=/;HttpOnly;Secure;Domain=sharedthread-ggeheafjamb9hxc2.scm.centralus-01.azurewebsites.net; ARRAffinitySameSite=53cb09fa1df56cad4377ddb96071183a2409f29839db9f7c48309c156a15e042;Path=/;HttpOnly;SameSite=None;Secure;Domain=sharedthread-ggeheafjamb9hxc2.scm.centralus-01.azurewebsites.net" Transfer-Encoding="chunked" X-ARR-LOG-ID="cce44c17-1ed9-4718-bba7-dce2686e37bd" CLIENT-IP="172.184.214.214:19504" X-SITE-DEPLOYMENT-ID="sharedthread" WAS-DEFAULT-HOSTNAME="sharedthread-ggeheafjamb9hxc2.scm.centralus-01.azurewebsites.net" X-Forwarded-Proto="https" X-AppService-Proto="https" X-Forwarded-TlsVersion="1.3" X-WAWS-Unencoded-URL="/api/zipdeploy?isAsync=true&amp;deployer=GITHUB_ZIP_DEPLOY&amp;message=%7B%22type%22%3A%22deployment%22%2C%22sha%22%3A%229d22ee7f108c79fc8d8a7b72e52b590321d729b7%22%2C%22repoName%22%3A%22mxchestnut%2Fsharedthread%22%2C%22actor%22%3A%22mxchestnut%22%2C%22slotName%22%3A%22production%22%2C%22commitMessage%22%3A%22%F0%9F%94%A7%20Fix%20Staff%20page%3A%20add%20mock%20data%20for%20community%20proposals%20when%20database%20unavailable%22%7D" X-Client-IP="172.184.214.214" X-Client-Port="19504" >
  <step title="Cleanup Xml Logs" date="2025-10-28T08:41:08.674" /><!-- duration: 26ms -->
  <step title="ZipPushDeploy" date="2025-10-28T08:41:08.796" >
    <step title="ZipDeploy. Run from package. Ignore remote build." date="2025-10-28T08:41:08.821" /><!-- duration: 6ms -->
    <step title="Starting PushDeployAsync" date="2025-10-28T08:41:08.841" /><!-- duration: 6ms -->
    <step title="WEBSITE_RUN_FROM_PACKAGE is set to 1. Writing zip to SitePackagesPath" date="2025-10-28T08:41:08.881" /><!-- duration: 11ms -->
    <step title="Copying zip to SitePackages /home/data/SitePackages/20251028084108.zip from request body" date="2025-10-28T08:41:08.934" /><!-- duration: 9ms -->
    <step title="Writing multipart request body to /home/data/SitePackages/20251028084108.zip" date="2025-10-28T08:41:08.952" /><!-- duration: 13ms -->
    <step title="Deleting outdated zip file /home/data/SitePackages/20251028080532.zip" date="2025-10-28T08:41:18.489" /><!-- duration: 85ms -->
    <step title="Start deployment in the background" date="2025-10-28T08:41:18.603" >
      <step title="Acquiring Deployment Lock" date="2025-10-28T08:41:18.690" /><!-- duration: 6ms -->
      <step title="Acquired Deployment Lock" date="2025-10-28T08:41:18.733" /><!-- duration: 6ms -->
    </step><!-- duration: 323ms -->
  </step><!-- duration: 10160ms -->
  <step title="Outgoing response" date="2025-10-28T08:41:18.969" type="response" statusCode="202" statusText="Accepted" /><!-- duration: 21ms -->
</step><!-- duration: 10331ms -->
