<step title="Incoming Request" date="2025-10-29T14:00:03.012" instance="53cb09" url="/api/zipdeploy?isAsync=true&amp;deployer=GITHUB_ZIP_DEPLOY&amp;message=%7B%22type%22%3A%22deployment%22%2C%22sha%22%3A%22f921fa8c70bb1c8df32fff0edd4d5ce0b28feb8d%22%2C%22repoName%22%3A%22mxchestnut%2Fsharedthread%22%2C%22actor%22%3A%22mxchestnut%22%2C%22slotName%22%3A%22production%22%2C%22commitMessage%22%3A%22fix%3A%20improve%20TOTP%20demo%20functionality%5Cn%5Cn-%20Update%20TOTP%20verification%20to%20accept%20any%206-digit%20code%20for%20demo%5Cn-%20Add%20demo%20instructions%20to%20TOTP%20form%20for%20easier%20testing%5Cn-%20Improve%20error%20handling%20in%20TOTP%20verification%20flow%22%7D" method="POST" type="request" pid="824,1,7" Host="sharedthread-ggeheafjamb9hxc2.scm.centralus-01.azurewebsites.net" User-Agent="GITHUBACTIONS_DeployWebAppToAzure_df1ac74e5fcc350eb4fc3a077fcafa660132f4b2532732a238d3f4a07c967089" Authorization="Bas..." Content-Type="application/octet-stream" Cookie="ARRAffinity=53cb09fa1df56cad4377ddb96071183a2409f29839db9f7c48309c156a15e042;Path=/;HttpOnly;Secure;Domain=sharedthread-ggeheafjamb9hxc2.scm.centralus-01.azurewebsites.net; ARRAffinitySameSite=53cb09fa1df56cad4377ddb96071183a2409f29839db9f7c48309c156a15e042;Path=/;HttpOnly;SameSite=None;Secure;Domain=sharedthread-ggeheafjamb9hxc2.scm.centralus-01.azurewebsites.net" Transfer-Encoding="chunked" X-ARR-LOG-ID="8f99d885-d1c4-4e5a-9da1-910eebf24fca" CLIENT-IP="145.132.100.71:50240" X-SITE-DEPLOYMENT-ID="sharedthread" WAS-DEFAULT-HOSTNAME="sharedthread-ggeheafjamb9hxc2.scm.centralus-01.azurewebsites.net" X-Forwarded-Proto="https" X-AppService-Proto="https" X-Forwarded-TlsVersion="1.3" X-WAWS-Unencoded-URL="/api/zipdeploy?isAsync=true&amp;deployer=GITHUB_ZIP_DEPLOY&amp;message=%7B%22type%22%3A%22deployment%22%2C%22sha%22%3A%22f921fa8c70bb1c8df32fff0edd4d5ce0b28feb8d%22%2C%22repoName%22%3A%22mxchestnut%2Fsharedthread%22%2C%22actor%22%3A%22mxchestnut%22%2C%22slotName%22%3A%22production%22%2C%22commitMessage%22%3A%22fix%3A%20improve%20TOTP%20demo%20functionality%5Cn%5Cn-%20Update%20TOTP%20verification%20to%20accept%20any%206-digit%20code%20for%20demo%5Cn-%20Add%20demo%20instructions%20to%20TOTP%20form%20for%20easier%20testing%5Cn-%20Improve%20error%20handling%20in%20TOTP%20verification%20flow%22%7D" X-Client-IP="145.132.100.71" X-Client-Port="50240" >
  <step title="Cleanup Xml Logs" date="2025-10-29T14:00:03.031" >
    <step title="Cleanup Infos" date="2025-10-29T14:00:03.232" totalFiles="270" totalCleanup="110" /><!-- duration: 95ms -->
  </step><!-- duration: 351ms -->
  <step title="ZipPushDeploy" date="2025-10-29T14:00:04.676" >
    <step title="ZipDeploy. Run from package. Ignore remote build." date="2025-10-29T14:00:04.752" /><!-- duration: 57ms -->
    <step title="None repository commit" date="2025-10-29T14:00:04.998" >
      <step title="Commit id: b19be95e-65ae-4fde-851f-a1eb4e466bd2" date="2025-10-29T14:00:05.104" Message="N/A" AuthorName="N/A" AuthorEmail="N/A" /><!-- duration: 37ms -->
    </step><!-- duration: 156ms -->
    <step title="Starting PushDeployAsync" date="2025-10-29T14:00:05.254" /><!-- duration: 30ms -->
    <step title="WEBSITE_RUN_FROM_PACKAGE is set to 1. Writing zip to SitePackagesPath" date="2025-10-29T14:00:05.417" /><!-- duration: 37ms -->
    <step title="Copying zip to SitePackages /home/data/SitePackages/20251029140004.zip from request body" date="2025-10-29T14:00:05.539" /><!-- duration: 44ms -->
    <step title="Writing multipart request body to /home/data/SitePackages/20251029140004.zip" date="2025-10-29T14:00:05.747" /><!-- duration: 35ms -->
    <step title="Deleting outdated zip file /home/data/SitePackages/20251028185959.zip" date="2025-10-29T14:00:44.531" /><!-- duration: 19ms -->
    <step title="Start deployment in the background" date="2025-10-29T14:00:44.604" >
      <step title="Acquiring Deployment Lock" date="2025-10-29T14:00:44.766" /><!-- duration: 9ms -->
      <step title="Acquired Deployment Lock" date="2025-10-29T14:00:45.046" /><!-- duration: 33ms -->
    </step><!-- duration: 1172ms -->
  </step><!-- duration: 41157ms -->
  <step title="Outgoing response" date="2025-10-29T14:00:45.911" type="response" statusCode="202" statusText="Accepted" /><!-- duration: 14ms -->
</step><!-- duration: 42923ms -->
