<step title="Incoming Request" date="2025-10-31T13:05:58.110" instance="53cb09" url="/api/deployments/latest?deployer=GITHUB_ZIP_DEPLOY&amp;time=2025-10-31_13-05-51Z" method="GET" type="request" pid="823,1,20" Host="sharedthread-ggeheafjamb9hxc2.scm.centralus-01.azurewebsites.net" User-Agent="GITHUBACTIONS_DeployWebAppToAzure_df1ac74e5fcc350eb4fc3a077fcafa660132f4b2532732a238d3f4a07c967089" Authorization="Bas..." Content-Type="application/json; charset=utf-8" Cookie="ARRAffinity=53cb09fa1df56cad4377ddb96071183a2409f29839db9f7c48309c156a15e042;Path=/;HttpOnly;Secure;Domain=sharedthread-ggeheafjamb9hxc2.scm.centralus-01.azurewebsites.net; ARRAffinitySameSite=53cb09fa1df56cad4377ddb96071183a2409f29839db9f7c48309c156a15e042;Path=/;HttpOnly;SameSite=None;Secure;Domain=sharedthread-ggeheafjamb9hxc2.scm.centralus-01.azurewebsites.net" Content-Length="0" X-ARR-LOG-ID="86ec4754-35a2-4dde-89ea-3c96af590e3c" CLIENT-IP="57.151.128.245:1026" X-SITE-DEPLOYMENT-ID="sharedthread" WAS-DEFAULT-HOSTNAME="sharedthread-ggeheafjamb9hxc2.scm.centralus-01.azurewebsites.net" X-Forwarded-Proto="https" X-AppService-Proto="https" X-Forwarded-TlsVersion="1.3" X-WAWS-Unencoded-URL="/api/deployments/latest?deployer=GITHUB_ZIP_DEPLOY&amp;time=2025-10-31_13-05-51Z" X-Client-IP="57.151.128.245" X-Client-Port="1026" >
  <step title="Cleanup Xml Logs" date="2025-10-31T13:05:58.146" >
    <step title="Cleanup Infos" date="2025-10-31T13:05:58.221" totalFiles="414" totalCleanup="254" /><!-- duration: 5ms -->
  </step><!-- duration: 84ms -->
  <step title="DeploymentService.GetResult" date="2025-10-31T13:05:58.256" >
    <step title="DeploymentService.GetLatestDeployment" date="2025-10-31T13:05:58.263" >
      <step title="DeploymentManager.GetResults" date="2025-10-31T13:05:58.271" /><!-- duration: 767ms -->
    </step><!-- duration: 782ms -->
  </step><!-- duration: 794ms -->
  <step title="Outgoing response" date="2025-10-31T13:05:59.065" type="response" statusCode="202" statusText="Accepted" /><!-- duration: 7ms -->
</step><!-- duration: 966ms -->
