<step title="Incoming Request" date="2025-10-29T16:28:00.563" instance="53cb09" url="/api/zipdeploy?isAsync=true&amp;deployer=GITHUB_ZIP_DEPLOY&amp;message=%7B%22type%22%3A%22deployment%22%2C%22sha%22%3A%22d65d211f111983b02335a689ceab4e7cef61d884%22%2C%22repoName%22%3A%22mxchestnut%2Fsharedthread%22%2C%22actor%22%3A%22mxchestnut%22%2C%22slotName%22%3A%22production%22%2C%22commitMessage%22%3A%22docs%3A%20comprehensive%20deployment%20readiness%20report%5Cn%5Cn-%20Document%20all%20fixes%20applied%20during%20Azure%20downtime%5Cn-%20Complete%20feature%20inventory%20and%20deployment%20checklist%5Cn-%20Lessons%20learned%20from%20deployment%20issues%5Cn-%20Ready-to-deploy%20status%20with%20timeline%20estimates%5Cn-%20Production-ready%20with%20robust%20error%20handling%20and%20notifications%22%7D" method="POST" type="request" pid="823,1,64" Host="sharedthread-ggeheafjamb9hxc2.scm.centralus-01.azurewebsites.net" User-Agent="GITHUBACTIONS_DeployWebAppToAzure_df1ac74e5fcc350eb4fc3a077fcafa660132f4b2532732a238d3f4a07c967089" Authorization="Bas..." Content-Type="application/octet-stream" Cookie="ARRAffinity=53cb09fa1df56cad4377ddb96071183a2409f29839db9f7c48309c156a15e042;Path=/;HttpOnly;Secure;Domain=sharedthread-ggeheafjamb9hxc2.scm.centralus-01.azurewebsites.net; ARRAffinitySameSite=53cb09fa1df56cad4377ddb96071183a2409f29839db9f7c48309c156a15e042;Path=/;HttpOnly;SameSite=None;Secure;Domain=sharedthread-ggeheafjamb9hxc2.scm.centralus-01.azurewebsites.net" Transfer-Encoding="chunked" X-ARR-LOG-ID="693901a2-3ddb-4667-beec-f696e6c7f4fc" CLIENT-IP="57.151.128.196:41984" X-SITE-DEPLOYMENT-ID="sharedthread" WAS-DEFAULT-HOSTNAME="sharedthread-ggeheafjamb9hxc2.scm.centralus-01.azurewebsites.net" X-Forwarded-Proto="https" X-AppService-Proto="https" X-Forwarded-TlsVersion="1.3" X-WAWS-Unencoded-URL="/api/zipdeploy?isAsync=true&amp;deployer=GITHUB_ZIP_DEPLOY&amp;message=%7B%22type%22%3A%22deployment%22%2C%22sha%22%3A%22d65d211f111983b02335a689ceab4e7cef61d884%22%2C%22repoName%22%3A%22mxchestnut%2Fsharedthread%22%2C%22actor%22%3A%22mxchestnut%22%2C%22slotName%22%3A%22production%22%2C%22commitMessage%22%3A%22docs%3A%20comprehensive%20deployment%20readiness%20report%5Cn%5Cn-%20Document%20all%20fixes%20applied%20during%20Azure%20downtime%5Cn-%20Complete%20feature%20inventory%20and%20deployment%20checklist%5Cn-%20Lessons%20learned%20from%20deployment%20issues%5Cn-%20Ready-to-deploy%20status%20with%20timeline%20estimates%5Cn-%20Production-ready%20with%20robust%20error%20handling%20and%20notifications%22%7D" X-Client-IP="57.151.128.196" X-Client-Port="41984" >
  <step title="Cleanup Xml Logs" date="2025-10-29T16:28:00.575" >
    <step title="Cleanup Infos" date="2025-10-29T16:28:00.597" totalFiles="312" totalCleanup="152" /><!-- duration: 7ms -->
  </step><!-- duration: 33ms -->
  <step title="ZipPushDeploy" date="2025-10-29T16:28:00.675" >
    <step title="ZipDeploy. Run from package. Ignore remote build." date="2025-10-29T16:28:00.694" /><!-- duration: 8ms -->
    <step title="Starting PushDeployAsync" date="2025-10-29T16:28:00.714" /><!-- duration: 5ms -->
    <step title="WEBSITE_RUN_FROM_PACKAGE is set to 1. Writing zip to SitePackagesPath" date="2025-10-29T16:28:00.730" /><!-- duration: 4ms -->
    <step title="Copying zip to SitePackages /home/data/SitePackages/20251029162800.zip from request body" date="2025-10-29T16:28:00.753" /><!-- duration: 20ms -->
    <step title="Writing multipart request body to /home/data/SitePackages/20251029162800.zip" date="2025-10-29T16:28:00.779" /><!-- duration: 4ms -->
    <step title="Deleting outdated zip file /home/data/SitePackages/20251029140521.zip" date="2025-10-29T16:28:22.836" /><!-- duration: 9ms -->
    <step title="Start deployment in the background" date="2025-10-29T16:28:22.886" >
      <step title="Acquiring Deployment Lock" date="2025-10-29T16:28:22.977" /><!-- duration: 4ms -->
      <step title="Acquired Deployment Lock" date="2025-10-29T16:28:23.053" /><!-- duration: 6ms -->
    </step><!-- duration: 483ms -->
  </step><!-- duration: 22779ms -->
  <step title="Outgoing response" date="2025-10-29T16:28:23.491" type="response" statusCode="202" statusText="Accepted" /><!-- duration: 7ms -->
</step><!-- duration: 22938ms -->
