<step title="Incoming Request" date="2025-10-31T16:33:28.344" instance="53cb09" url="/api/deployments/latest?deployer=GITHUB_ZIP_DEPLOY&amp;time=2025-10-31_16-33-18Z" method="GET" type="request" pid="825,1,3" Host="sharedthread-ggeheafjamb9hxc2.scm.centralus-01.azurewebsites.net" User-Agent="GITHUBACTIONS_DeployWebAppToAzure_df1ac74e5fcc350eb4fc3a077fcafa660132f4b2532732a238d3f4a07c967089" Authorization="Bas..." Content-Type="application/json; charset=utf-8" Cookie="ARRAffinity=53cb09fa1df56cad4377ddb96071183a2409f29839db9f7c48309c156a15e042;Path=/;HttpOnly;Secure;Domain=sharedthread-ggeheafjamb9hxc2.scm.centralus-01.azurewebsites.net; ARRAffinitySameSite=53cb09fa1df56cad4377ddb96071183a2409f29839db9f7c48309c156a15e042;Path=/;HttpOnly;SameSite=None;Secure;Domain=sharedthread-ggeheafjamb9hxc2.scm.centralus-01.azurewebsites.net" Content-Length="0" X-ARR-LOG-ID="cb0aa3c2-3160-448a-b0e2-ead21bb53fe5" CLIENT-IP="20.168.117.146:35858" X-SITE-DEPLOYMENT-ID="sharedthread" WAS-DEFAULT-HOSTNAME="sharedthread-ggeheafjamb9hxc2.scm.centralus-01.azurewebsites.net" X-Forwarded-Proto="https" X-AppService-Proto="https" X-Forwarded-TlsVersion="1.3" X-WAWS-Unencoded-URL="/api/deployments/latest?deployer=GITHUB_ZIP_DEPLOY&amp;time=2025-10-31_16-33-18Z" X-Client-IP="20.168.117.146" X-Client-Port="35858" >
  <step title="Cleanup Xml Logs" date="2025-10-31T16:33:28.380" >
    <step title="Cleanup Infos" date="2025-10-31T16:33:28.420" totalFiles="484" totalCleanup="324" /><!-- duration: 26ms -->
  </step><!-- duration: 85ms -->
  <step title="DeploymentService.GetResult" date="2025-10-31T16:33:28.486" >
    <step title="DeploymentService.GetLatestDeployment" date="2025-10-31T16:33:28.503" >
      <step title="DeploymentManager.GetResults" date="2025-10-31T16:33:28.514" /><!-- duration: 2717ms -->
    </step><!-- duration: 2773ms -->
  </step><!-- duration: 2800ms -->
  <step title="Outgoing response" date="2025-10-31T16:33:31.315" type="response" statusCode="202" statusText="Accepted" /><!-- duration: 10ms -->
</step><!-- duration: 3010ms -->
