<step title="Incoming Request" date="2025-10-31T07:15:16.974" instance="53cb09" url="/api/deployments/latest?deployer=GITHUB_ZIP_DEPLOY&amp;time=2025-10-31_07-15-06Z" method="GET" type="request" pid="823,1,21" Host="sharedthread-ggeheafjamb9hxc2.scm.centralus-01.azurewebsites.net" User-Agent="GITHUBACTIONS_DeployWebAppToAzure_df1ac74e5fcc350eb4fc3a077fcafa660132f4b2532732a238d3f4a07c967089" Authorization="Bas..." Content-Type="application/json; charset=utf-8" Cookie="ARRAffinity=53cb09fa1df56cad4377ddb96071183a2409f29839db9f7c48309c156a15e042;Path=/;HttpOnly;Secure;Domain=sharedthread-ggeheafjamb9hxc2.scm.centralus-01.azurewebsites.net; ARRAffinitySameSite=53cb09fa1df56cad4377ddb96071183a2409f29839db9f7c48309c156a15e042;Path=/;HttpOnly;SameSite=None;Secure;Domain=sharedthread-ggeheafjamb9hxc2.scm.centralus-01.azurewebsites.net" Content-Length="0" X-ARR-LOG-ID="cf4f09db-f467-4e7c-ab33-1bea9d6a77e6" CLIENT-IP="172.184.209.184:34818" X-SITE-DEPLOYMENT-ID="sharedthread" WAS-DEFAULT-HOSTNAME="sharedthread-ggeheafjamb9hxc2.scm.centralus-01.azurewebsites.net" X-Forwarded-Proto="https" X-AppService-Proto="https" X-Forwarded-TlsVersion="1.3" X-WAWS-Unencoded-URL="/api/deployments/latest?deployer=GITHUB_ZIP_DEPLOY&amp;time=2025-10-31_07-15-06Z" X-Client-IP="172.184.209.184" X-Client-Port="34818" >
  <step title="Cleanup Xml Logs" date="2025-10-31T07:15:16.984" >
    <step title="Cleanup Infos" date="2025-10-31T07:15:17.034" totalFiles="373" totalCleanup="213" /><!-- duration: 6ms -->
  </step><!-- duration: 60ms -->
  <step title="DeploymentService.GetResult" date="2025-10-31T07:15:17.062" >
    <step title="DeploymentService.GetLatestDeployment" date="2025-10-31T07:15:17.097" >
      <step title="DeploymentManager.GetResults" date="2025-10-31T07:15:17.104" /><!-- duration: 836ms -->
    </step><!-- duration: 857ms -->
  </step><!-- duration: 898ms -->
  <step title="Outgoing response" date="2025-10-31T07:15:17.966" type="response" statusCode="202" statusText="Accepted" /><!-- duration: 3ms -->
</step><!-- duration: 1001ms -->
