<step title="BackgroundTrace" date="2025-10-28T19:00:28.794" instance="53cb09" url="/api/zipdeploy" method="POST" >
  <step title="Cleanup Xml Logs" date="2025-10-28T19:00:28.805" >
    <step title="Cleanup Infos" date="2025-10-28T19:00:28.869" totalFiles="234" totalCleanup="74" /><!-- duration: 38ms -->
  </step><!-- duration: 112ms -->
  <step title="Creating temporary deployment - FetchDeploymentManager" date="2025-10-28T19:00:29.019" /><!-- duration: 26ms -->
  <step title="Creating temporary deployment" date="2025-10-28T19:00:29.057" /><!-- duration: 188ms -->
  <step title="Performing fetch based deployment" date="2025-10-28T19:00:29.338" >
    <step title="Deployment timer started" date="2025-10-28T19:00:34.814" >
      <step title="DeploymentManager.Deploy(id:a5dc123e-387c-4c8a-bf92-4f71b0a2fa3c)" date="2025-10-28T19:00:34.830" >
        <step title="Collecting changeset information" date="2025-10-28T19:00:34.859" /><!-- duration: 168ms -->
        <step title="Updating submodules" date="2025-10-28T19:00:35.054" /><!-- duration: 1278ms -->
        <step title="Determining deployment builder" date="2025-10-28T19:00:36.994" >
          <step title="Builder is RunFromZipSiteBuilder" date="2025-10-28T19:00:37.032" /><!-- duration: 30ms -->
        </step><!-- duration: 108ms -->
        <step title="PreDeployment: context.CleanOutputPath False" date="2025-10-28T19:00:37.379" >
          <step title="PreDeployment: context.OutputPath /home/site/wwwroot" date="2025-10-28T19:00:37.645" >
            <step title="Building" date="2025-10-28T19:00:37.929" >
              <step title="Triggering recycle (preview mode disabled)." date="2025-10-28T19:00:39.353" /><!-- duration: 17ms -->
              <step title="Modified file to trigger a restart of the app container." date="2025-10-28T19:00:39.482" /><!-- duration: 85ms -->
              <step title="Skip function trigger and logicapp sync because function is not enabled." date="2025-10-28T19:00:39.589" /><!-- duration: 644ms -->
              <step title="Purge deployment items" date="2025-10-28T19:00:43.709" >
                <step title="Remove dc2b0c48-, Success, received at 10/28/2025 13:58:25" date="2025-10-28T19:00:43.929" /><!-- duration: 9ms -->
              </step><!-- duration: 245ms -->
            </step><!-- duration: 6208ms -->
          </step><!-- duration: 6509ms -->
          <step title="Cleaning up temp files" date="2025-10-28T19:00:44.163" /><!-- duration: 48ms -->
          <step title="Cleaning up temp files" date="2025-10-28T19:00:44.230" /><!-- duration: 639ms -->
          <step title="Reloading status file with latest updates" date="2025-10-28T19:00:45.020" >
            <step title="WebHooksManager.PublishEventAsync: PostDeployment" date="2025-10-28T19:00:45.066" /><!-- duration: 151ms -->
          </step><!-- duration: 215ms -->
          <step title="Cleaning up temporary deployment - fetch deployment was successful" date="2025-10-28T19:00:45.271" /><!-- duration: 11ms -->
        </step><!-- duration: 8139ms -->
      </step><!-- duration: 10785ms -->
