<step title="Incoming Request" date="2025-10-28T13:06:22.620" instance="53cb09" url="/api/zipdeploy?isAsync=true&amp;deployer=GITHUB_ZIP_DEPLOY&amp;message=%7B%22type%22%3A%22deployment%22%2C%22sha%22%3A%229bc487b2a0f0f5e46878c34d1f5cdeb09ff00b80%22%2C%22repoName%22%3A%22mxchestnut%2Fsharedthread%22%2C%22actor%22%3A%22mxchestnut%22%2C%22slotName%22%3A%22production%22%2C%22commitMessage%22%3A%22Fix%20signup%20link%20to%20point%20to%20%2Fsignup%20instead%20of%20%2Fregister%22%7D" method="POST" type="request" pid="824,1,20" Host="sharedthread-ggeheafjamb9hxc2.scm.centralus-01.azurewebsites.net" User-Agent="GITHUBACTIONS_DeployWebAppToAzure_df1ac74e5fcc350eb4fc3a077fcafa660132f4b2532732a238d3f4a07c967089" Authorization="Bas..." Content-Type="application/octet-stream" Cookie="ARRAffinity=53cb09fa1df56cad4377ddb96071183a2409f29839db9f7c48309c156a15e042;Path=/;HttpOnly;Secure;Domain=sharedthread-ggeheafjamb9hxc2.scm.centralus-01.azurewebsites.net; ARRAffinitySameSite=53cb09fa1df56cad4377ddb96071183a2409f29839db9f7c48309c156a15e042;Path=/;HttpOnly;SameSite=None;Secure;Domain=sharedthread-ggeheafjamb9hxc2.scm.centralus-01.azurewebsites.net" Transfer-Encoding="chunked" X-ARR-LOG-ID="a2f4e475-7eb7-4655-9319-b1d40d590171" CLIENT-IP="40.76.191.139:3152" X-SITE-DEPLOYMENT-ID="sharedthread" WAS-DEFAULT-HOSTNAME="sharedthread-ggeheafjamb9hxc2.scm.centralus-01.azurewebsites.net" X-Forwarded-Proto="https" X-AppService-Proto="https" X-Forwarded-TlsVersion="1.3" X-WAWS-Unencoded-URL="/api/zipdeploy?isAsync=true&amp;deployer=GITHUB_ZIP_DEPLOY&amp;message=%7B%22type%22%3A%22deployment%22%2C%22sha%22%3A%229bc487b2a0f0f5e46878c34d1f5cdeb09ff00b80%22%2C%22repoName%22%3A%22mxchestnut%2Fsharedthread%22%2C%22actor%22%3A%22mxchestnut%22%2C%22slotName%22%3A%22production%22%2C%22commitMessage%22%3A%22Fix%20signup%20link%20to%20point%20to%20%2Fsignup%20instead%20of%20%2Fregister%22%7D" X-Client-IP="40.76.191.139" X-Client-Port="3152" >
  <step title="Cleanup Xml Logs" date="2025-10-28T13:06:22.624" /><!-- duration: 12ms -->
  <step title="ZipPushDeploy" date="2025-10-28T13:06:22.889" >
    <step title="ZipDeploy. Run from package. Ignore remote build." date="2025-10-28T13:06:22.927" /><!-- duration: 16ms -->
    <step title="Starting PushDeployAsync" date="2025-10-28T13:06:22.961" /><!-- duration: 9ms -->
    <step title="WEBSITE_RUN_FROM_PACKAGE is set to 1. Writing zip to SitePackagesPath" date="2025-10-28T13:06:23.008" /><!-- duration: 35ms -->
    <step title="Copying zip to SitePackages /home/data/SitePackages/20251028130622.zip from request body" date="2025-10-28T13:06:23.073" /><!-- duration: 7ms -->
    <step title="Writing multipart request body to /home/data/SitePackages/20251028130622.zip" date="2025-10-28T13:06:23.083" /><!-- duration: 7ms -->
    <step title="Deleting outdated zip file /home/data/SitePackages/20251028100103.zip" date="2025-10-28T13:06:33.896" /><!-- duration: 9ms -->
    <step title="Start deployment in the background" date="2025-10-28T13:06:33.928" >
      <step title="Acquiring Deployment Lock" date="2025-10-28T13:06:33.976" /><!-- duration: 7ms -->
      <step title="Acquired Deployment Lock" date="2025-10-28T13:06:34.020" /><!-- duration: 5ms -->
    </step><!-- duration: 240ms -->
  </step><!-- duration: 11299ms -->
  <step title="Outgoing response" date="2025-10-28T13:06:34.201" type="response" statusCode="202" statusText="Accepted" /><!-- duration: 12ms -->
</step><!-- duration: 11596ms -->
