<step title="Incoming Request" date="2025-10-28T16:42:38.562" instance="53cb09" url="/api/zipdeploy?isAsync=true&amp;deployer=GITHUB_ZIP_DEPLOY&amp;message=%7B%22type%22%3A%22deployment%22%2C%22sha%22%3A%221801137253b0ca26d0baded5fd0f1bc03f9500e8%22%2C%22repoName%22%3A%22mxchestnut%2Fsharedthread%22%2C%22actor%22%3A%22mxchestnut%22%2C%22slotName%22%3A%22production%22%2C%22commitMessage%22%3A%22Add%20comprehensive%20user%20management%20for%20staff%20dashboard%5Cn%5Cn-%20Full%20user%20management%20table%20with%20all%20signup%20fields%20(NO%20passwords)%5Cn-%20Real-time%20search%20across%20username%2C%20name%2C%20email%2C%20phone%5Cn-%20Filter%20by%20role%2C%20approval%20status%2C%20verification%2C%20waitlist%5Cn-%20Display%3A%20contact%20info%2C%20age%2C%20pronouns%2C%20newsletter%2FSMS%20opt-in%5Cn-%20Password%20reset%20functionality%20for%20admins%5Cn-%20Summary%20statistics%20dashboard%5Cn-%20Staff-only%20access%20(admin%20role%20required)%5Cn-%20Clean%20black%20%26%20white%20design%20with%20lucide%20icons%5Cn-%20Accessible%20table%20with%20all%20user%20details%20visible%22%7D" method="POST" type="request" pid="824,1,34" Host="sharedthread-ggeheafjamb9hxc2.scm.centralus-01.azurewebsites.net" User-Agent="GITHUBACTIONS_DeployWebAppToAzure_df1ac74e5fcc350eb4fc3a077fcafa660132f4b2532732a238d3f4a07c967089" Authorization="Bas..." Content-Type="application/octet-stream" Cookie="ARRAffinity=53cb09fa1df56cad4377ddb96071183a2409f29839db9f7c48309c156a15e042;Path=/;HttpOnly;Secure;Domain=sharedthread-ggeheafjamb9hxc2.scm.centralus-01.azurewebsites.net; ARRAffinitySameSite=53cb09fa1df56cad4377ddb96071183a2409f29839db9f7c48309c156a15e042;Path=/;HttpOnly;SameSite=None;Secure;Domain=sharedthread-ggeheafjamb9hxc2.scm.centralus-01.azurewebsites.net" Transfer-Encoding="chunked" X-ARR-LOG-ID="6b04354d-9424-430b-bb73-927486e92429" CLIENT-IP="104.209.11.215:4096" X-SITE-DEPLOYMENT-ID="sharedthread" WAS-DEFAULT-HOSTNAME="sharedthread-ggeheafjamb9hxc2.scm.centralus-01.azurewebsites.net" X-Forwarded-Proto="https" X-AppService-Proto="https" X-Forwarded-TlsVersion="1.3" X-WAWS-Unencoded-URL="/api/zipdeploy?isAsync=true&amp;deployer=GITHUB_ZIP_DEPLOY&amp;message=%7B%22type%22%3A%22deployment%22%2C%22sha%22%3A%221801137253b0ca26d0baded5fd0f1bc03f9500e8%22%2C%22repoName%22%3A%22mxchestnut%2Fsharedthread%22%2C%22actor%22%3A%22mxchestnut%22%2C%22slotName%22%3A%22production%22%2C%22commitMessage%22%3A%22Add%20comprehensive%20user%20management%20for%20staff%20dashboard%5Cn%5Cn-%20Full%20user%20management%20table%20with%20all%20signup%20fields%20(NO%20passwords)%5Cn-%20Real-time%20search%20across%20username%2C%20name%2C%20email%2C%20phone%5Cn-%20Filter%20by%20role%2C%20approval%20status%2C%20verification%2C%20waitlist%5Cn-%20Display%3A%20contact%20info%2C%20age%2C%20pronouns%2C%20newsletter%2FSMS%20opt-in%5Cn-%20Password%20reset%20functionality%20for%20admins%5Cn-%20Summary%20statistics%20dashboard%5Cn-%20Staff-only%20access%20(admin%20role%20required)%5Cn-%20Clean%20black%20%26%20white%20design%20with%20lucide%20icons%5Cn-%20Accessible%20table%20with%20all%20user%20details%20visible%22%7D" X-Client-IP="104.209.11.215" X-Client-Port="4096" >
  <step title="Cleanup Xml Logs" date="2025-10-28T16:42:38.565" /><!-- duration: 15ms -->
  <step title="ZipPushDeploy" date="2025-10-28T16:42:38.648" >
    <step title="ZipDeploy. Run from package. Ignore remote build." date="2025-10-28T16:42:38.665" /><!-- duration: 4ms -->
    <step title="Starting PushDeployAsync" date="2025-10-28T16:42:38.679" /><!-- duration: 8ms -->
    <step title="WEBSITE_RUN_FROM_PACKAGE is set to 1. Writing zip to SitePackagesPath" date="2025-10-28T16:42:38.713" /><!-- duration: 11ms -->
    <step title="Copying zip to SitePackages /home/data/SitePackages/20251028164238.zip from request body" date="2025-10-28T16:42:38.742" /><!-- duration: 17ms -->
    <step title="Writing multipart request body to /home/data/SitePackages/20251028164238.zip" date="2025-10-28T16:42:38.762" /><!-- duration: 7ms -->
    <step title="Deleting outdated zip file /home/data/SitePackages/20251028135756.zip" date="2025-10-28T16:42:53.435" /><!-- duration: 18ms -->
    <step title="Start deployment in the background" date="2025-10-28T16:42:53.485" >
      <step title="Acquiring Deployment Lock" date="2025-10-28T16:42:53.624" /><!-- duration: 4ms -->
      <step title="Acquired Deployment Lock" date="2025-10-28T16:42:53.693" /><!-- duration: 4ms -->
    </step><!-- duration: 399ms -->
  </step><!-- duration: 15273ms -->
  <step title="Outgoing response" date="2025-10-28T16:42:53.933" type="response" statusCode="202" statusText="Accepted" /><!-- duration: 5ms -->
</step><!-- duration: 15380ms -->
