<step title="BackgroundTrace" date="2025-10-31T12:40:32.855" instance="53cb09" url="/api/zipdeploy" method="POST" >
  <step title="Cleanup Xml Logs" date="2025-10-31T12:40:32.871" >
    <step title="Cleanup Infos" date="2025-10-31T12:40:32.972" totalFiles="392" totalCleanup="232" /><!-- duration: 9ms -->
  </step><!-- duration: 116ms -->
  <step title="Creating temporary deployment - FetchDeploymentManager" date="2025-10-31T12:40:33.132" /><!-- duration: 11ms -->
  <step title="Creating temporary deployment" date="2025-10-31T12:40:33.158" /><!-- duration: 212ms -->
  <step title="Performing fetch based deployment" date="2025-10-31T12:40:33.478" >
    <step title="Deployment timer started" date="2025-10-31T12:40:38.127" >
      <step title="DeploymentManager.Deploy(id:1b7dfd62-879e-4144-b1d4-c93de2e1b0a1)" date="2025-10-31T12:40:38.134" >
        <step title="Collecting changeset information" date="2025-10-31T12:40:38.174" /><!-- duration: 165ms -->
        <step title="Updating submodules" date="2025-10-31T12:40:38.345" /><!-- duration: 1156ms -->
        <step title="Determining deployment builder" date="2025-10-31T12:40:39.743" >
          <step title="Builder is RunFromZipSiteBuilder" date="2025-10-31T12:40:39.768" /><!-- duration: 12ms -->
        </step><!-- duration: 44ms -->
        <step title="PreDeployment: context.CleanOutputPath False" date="2025-10-31T12:40:39.877" >
          <step title="PreDeployment: context.OutputPath /home/site/wwwroot" date="2025-10-31T12:40:40.020" >
            <step title="Building" date="2025-10-31T12:40:40.196" >
              <step title="Triggering recycle (preview mode disabled)." date="2025-10-31T12:40:40.641" /><!-- duration: 22ms -->
              <step title="Modified file to trigger a restart of the app container." date="2025-10-31T12:40:40.704" /><!-- duration: 17ms -->
              <step title="Skip function trigger and logicapp sync because function is not enabled." date="2025-10-31T12:40:40.741" /><!-- duration: 10ms -->
              <step title="Purge deployment items" date="2025-10-31T12:40:42.987" >
                <step title="Remove f4252172-, Success, received at 10/29/2025 15:36:38" date="2025-10-31T12:40:43.046" /><!-- duration: 6ms -->
              </step><!-- duration: 70ms -->
            </step><!-- duration: 2952ms -->
          </step><!-- duration: 3133ms -->
          <step title="Cleaning up temp files" date="2025-10-31T12:40:43.157" /><!-- duration: 4ms -->
          <step title="Cleaning up temp files" date="2025-10-31T12:40:43.166" /><!-- duration: 530ms -->
          <step title="Reloading status file with latest updates" date="2025-10-31T12:40:43.749" >
            <step title="WebHooksManager.PublishEventAsync: PostDeployment" date="2025-10-31T12:40:43.759" /><!-- duration: 199ms -->
          </step><!-- duration: 213ms -->
          <step title="Cleaning up temporary deployment - fetch deployment was successful" date="2025-10-31T12:40:43.977" /><!-- duration: 17ms -->
        </step><!-- duration: 4247ms -->
      </step><!-- duration: 6028ms -->
