<step title="Incoming Request" date="2025-10-28T18:50:47.412" instance="53cb09" url="/api/deployments/latest?deployer=GITHUB_ZIP_DEPLOY&amp;time=2025-10-28_18-50-40Z" method="GET" type="request" pid="824,1,24" Host="sharedthread-ggeheafjamb9hxc2.scm.centralus-01.azurewebsites.net" User-Agent="GITHUBACTIONS_DeployWebAppToAzure_df1ac74e5fcc350eb4fc3a077fcafa660132f4b2532732a238d3f4a07c967089" Authorization="Bas..." Content-Type="application/json; charset=utf-8" Cookie="ARRAffinity=53cb09fa1df56cad4377ddb96071183a2409f29839db9f7c48309c156a15e042;Path=/;HttpOnly;Secure;Domain=sharedthread-ggeheafjamb9hxc2.scm.centralus-01.azurewebsites.net; ARRAffinitySameSite=53cb09fa1df56cad4377ddb96071183a2409f29839db9f7c48309c156a15e042;Path=/;HttpOnly;SameSite=None;Secure;Domain=sharedthread-ggeheafjamb9hxc2.scm.centralus-01.azurewebsites.net" Content-Length="0" X-ARR-LOG-ID="6617a375-92bd-4bc6-a383-e6764320f9b4" CLIENT-IP="64.236.177.118:27649" X-SITE-DEPLOYMENT-ID="sharedthread" WAS-DEFAULT-HOSTNAME="sharedthread-ggeheafjamb9hxc2.scm.centralus-01.azurewebsites.net" X-Forwarded-Proto="https" X-AppService-Proto="https" X-Forwarded-TlsVersion="1.3" X-WAWS-Unencoded-URL="/api/deployments/latest?deployer=GITHUB_ZIP_DEPLOY&amp;time=2025-10-28_18-50-40Z" X-Client-IP="64.236.177.118" X-Client-Port="27649" >
  <step title="Cleanup Xml Logs" date="2025-10-28T18:50:47.415" >
    <step title="Cleanup Infos" date="2025-10-28T18:50:47.424" totalFiles="208" totalCleanup="48" /><!-- duration: 6ms -->
  </step><!-- duration: 20ms -->
  <step title="DeploymentService.GetResult" date="2025-10-28T18:50:47.446" >
    <step title="DeploymentService.GetLatestDeployment" date="2025-10-28T18:50:47.450" >
      <step title="DeploymentManager.GetResults" date="2025-10-28T18:50:47.454" /><!-- duration: 672ms -->
    </step><!-- duration: 681ms -->
  </step><!-- duration: 690ms -->
  <step title="Outgoing response" date="2025-10-28T18:50:48.140" type="response" statusCode="202" statusText="Accepted" /><!-- duration: 7ms -->
</step><!-- duration: 738ms -->
