<step title="Incoming Request" date="2025-10-31T15:24:33.223" instance="53cb09" url="/api/deployments/latest?deployer=GITHUB_ZIP_DEPLOY&amp;time=2025-10-31_15-24-26Z" method="GET" type="request" pid="825,1,3" Host="sharedthread-ggeheafjamb9hxc2.scm.centralus-01.azurewebsites.net" User-Agent="GITHUBACTIONS_DeployWebAppToAzure_df1ac74e5fcc350eb4fc3a077fcafa660132f4b2532732a238d3f4a07c967089" Authorization="Bas..." Content-Type="application/json; charset=utf-8" Cookie="ARRAffinity=53cb09fa1df56cad4377ddb96071183a2409f29839db9f7c48309c156a15e042;Path=/;HttpOnly;Secure;Domain=sharedthread-ggeheafjamb9hxc2.scm.centralus-01.azurewebsites.net; ARRAffinitySameSite=53cb09fa1df56cad4377ddb96071183a2409f29839db9f7c48309c156a15e042;Path=/;HttpOnly;SameSite=None;Secure;Domain=sharedthread-ggeheafjamb9hxc2.scm.centralus-01.azurewebsites.net" Content-Length="0" X-ARR-LOG-ID="063b4089-b788-47c8-8ff5-abad3ab994e2" CLIENT-IP="9.234.151.19:23553" X-SITE-DEPLOYMENT-ID="sharedthread" WAS-DEFAULT-HOSTNAME="sharedthread-ggeheafjamb9hxc2.scm.centralus-01.azurewebsites.net" X-Forwarded-Proto="https" X-AppService-Proto="https" X-Forwarded-TlsVersion="1.3" X-WAWS-Unencoded-URL="/api/deployments/latest?deployer=GITHUB_ZIP_DEPLOY&amp;time=2025-10-31_15-24-26Z" X-Client-IP="9.234.151.19" X-Client-Port="23553" >
  <step title="Cleanup Xml Logs" date="2025-10-31T15:24:33.228" >
    <step title="Cleanup Infos" date="2025-10-31T15:24:33.276" totalFiles="463" totalCleanup="303" /><!-- duration: 42ms -->
  </step><!-- duration: 95ms -->
  <step title="DeploymentService.GetResult" date="2025-10-31T15:24:33.334" >
    <step title="DeploymentService.GetLatestDeployment" date="2025-10-31T15:24:33.342" >
      <step title="DeploymentManager.GetResults" date="2025-10-31T15:24:33.347" /><!-- duration: 1038ms -->
    </step><!-- duration: 1048ms -->
  </step><!-- duration: 1060ms -->
  <step title="Outgoing response" date="2025-10-31T15:24:34.398" type="response" statusCode="202" statusText="Accepted" /><!-- duration: 4ms -->
</step><!-- duration: 1183ms -->
