<step title="BackgroundTrace" date="2025-10-29T15:28:21.128" instance="53cb09" url="/api/zipdeploy" method="POST" >
  <step title="Cleanup Xml Logs" date="2025-10-29T15:28:21.131" >
    <step title="Cleanup Infos" date="2025-10-29T15:28:21.167" totalFiles="299" totalCleanup="139" /><!-- duration: 11ms -->
  </step><!-- duration: 54ms -->
  <step title="Creating temporary deployment - FetchDeploymentManager" date="2025-10-29T15:28:21.579" /><!-- duration: 9ms -->
  <step title="Creating temporary deployment" date="2025-10-29T15:28:21.596" /><!-- duration: 352ms -->
  <step title="Performing fetch based deployment" date="2025-10-29T15:28:22.304" >
    <step title="Deployment timer started" date="2025-10-29T15:28:27.203" >
      <step title="DeploymentManager.Deploy(id:fc995685-ffbb-44c3-96ba-f3a5adab8b8e)" date="2025-10-29T15:28:27.232" >
        <step title="Collecting changeset information" date="2025-10-29T15:28:27.317" /><!-- duration: 257ms -->
        <step title="Updating submodules" date="2025-10-29T15:28:27.600" /><!-- duration: 1301ms -->
        <step title="Determining deployment builder" date="2025-10-29T15:28:29.351" >
          <step title="Builder is RunFromZipSiteBuilder" date="2025-10-29T15:28:29.367" /><!-- duration: 9ms -->
        </step><!-- duration: 34ms -->
        <step title="PreDeployment: context.CleanOutputPath False" date="2025-10-29T15:28:29.457" >
          <step title="PreDeployment: context.OutputPath /home/site/wwwroot" date="2025-10-29T15:28:29.621" >
            <step title="Building" date="2025-10-29T15:28:29.771" >
              <step title="Triggering recycle (preview mode disabled)." date="2025-10-29T15:28:30.832" /><!-- duration: 47ms -->
              <step title="Modified file to trigger a restart of the app container." date="2025-10-29T15:28:31.032" /><!-- duration: 3ms -->
              <step title="Skip function trigger and logicapp sync because function is not enabled." date="2025-10-29T15:28:31.055" /><!-- duration: 11ms -->
              <step title="Purge deployment items" date="2025-10-29T15:28:32.926" >
                <step title="Remove 182c9142-, Success, received at 10/28/2025 18:59:54" date="2025-10-29T15:28:33.054" /><!-- duration: 4ms -->
              </step><!-- duration: 137ms -->
            </step><!-- duration: 3400ms -->
          </step><!-- duration: 3555ms -->
          <step title="Cleaning up temp files" date="2025-10-29T15:28:33.188" /><!-- duration: 7ms -->
          <step title="Cleaning up temp files" date="2025-10-29T15:28:33.208" /><!-- duration: 534ms -->
          <step title="Reloading status file with latest updates" date="2025-10-29T15:28:33.794" >
            <step title="WebHooksManager.PublishEventAsync: PostDeployment" date="2025-10-29T15:28:33.808" /><!-- duration: 104ms -->
          </step><!-- duration: 127ms -->
          <step title="Cleaning up temporary deployment - fetch deployment was successful" date="2025-10-29T15:28:33.935" /><!-- duration: 6ms -->
        </step><!-- duration: 4553ms -->
      </step><!-- duration: 6804ms -->
