<step title="BackgroundTrace" date="2025-10-31T14:32:58.584" instance="53cb09" url="/api/zipdeploy" method="POST" >
  <step title="Cleanup Xml Logs" date="2025-10-31T14:32:58.593" >
    <step title="Cleanup Infos" date="2025-10-31T14:32:58.634" totalFiles="440" totalCleanup="280" /><!-- duration: 9ms -->
  </step><!-- duration: 55ms -->
  <step title="Creating temporary deployment - FetchDeploymentManager" date="2025-10-31T14:32:58.738" /><!-- duration: 8ms -->
  <step title="Creating temporary deployment" date="2025-10-31T14:32:58.758" /><!-- duration: 177ms -->
  <step title="Performing fetch based deployment" date="2025-10-31T14:32:59.025" >
    <step title="Deployment timer started" date="2025-10-31T14:33:06.399" >
      <step title="DeploymentManager.Deploy(id:384fedc0-a63f-43b3-a8f5-03532485514f)" date="2025-10-31T14:33:06.407" >
        <step title="Collecting changeset information" date="2025-10-31T14:33:06.445" /><!-- duration: 185ms -->
        <step title="Updating submodules" date="2025-10-31T14:33:06.641" /><!-- duration: 1170ms -->
        <step title="Determining deployment builder" date="2025-10-31T14:33:08.128" >
          <step title="Builder is RunFromZipSiteBuilder" date="2025-10-31T14:33:08.158" /><!-- duration: 25ms -->
        </step><!-- duration: 59ms -->
        <step title="PreDeployment: context.CleanOutputPath False" date="2025-10-31T14:33:08.258" >
          <step title="PreDeployment: context.OutputPath /home/site/wwwroot" date="2025-10-31T14:33:08.391" >
            <step title="Building" date="2025-10-31T14:33:08.654" >
              <step title="Triggering recycle (preview mode disabled)." date="2025-10-31T14:33:09.095" /><!-- duration: 19ms -->
              <step title="Modified file to trigger a restart of the app container." date="2025-10-31T14:33:09.161" /><!-- duration: 16ms -->
              <step title="Skip function trigger and logicapp sync because function is not enabled." date="2025-10-31T14:33:09.197" /><!-- duration: 20ms -->
              <step title="Purge deployment items" date="2025-10-31T14:33:11.448" >
                <step title="Remove 99771e48-, Success, received at 10/31/2025 05:30:57" date="2025-10-31T14:33:11.530" /><!-- duration: 5ms -->
              </step><!-- duration: 91ms -->
            </step><!-- duration: 2978ms -->
          </step><!-- duration: 3248ms -->
          <step title="Cleaning up temp files" date="2025-10-31T14:33:11.642" /><!-- duration: 6ms -->
          <step title="Cleaning up temp files" date="2025-10-31T14:33:11.657" /><!-- duration: 525ms -->
          <step title="Reloading status file with latest updates" date="2025-10-31T14:33:12.259" >
            <step title="WebHooksManager.PublishEventAsync: PostDeployment" date="2025-10-31T14:33:12.275" /><!-- duration: 104ms -->
          </step><!-- duration: 124ms -->
          <step title="Cleaning up temporary deployment - fetch deployment was successful" date="2025-10-31T14:33:12.463" /><!-- duration: 13ms -->
        </step><!-- duration: 4368ms -->
      </step><!-- duration: 6294ms -->
