<step title="Incoming Request" date="2025-10-29T14:15:33.303" instance="53cb09" url="/api/zipdeploy?isAsync=true&amp;deployer=GITHUB_ZIP_DEPLOY&amp;message=%7B%22type%22%3A%22deployment%22%2C%22sha%22%3A%22d82121713a4f5934f2ef3e4e771ab6a15258582b%22%2C%22repoName%22%3A%22mxchestnut%2Fsharedthread%22%2C%22actor%22%3A%22mxchestnut%22%2C%22slotName%22%3A%22production%22%2C%22commitMessage%22%3A%22fix%3A%20set%20Node.js%20version%20to%20match%20Azure%20App%20Service%5Cn%5Cn-%20Change%20package.json%20engines%20from%20%3E%3D22.0.0%20to%2022%5Cn-%20Resolve%20503%20Service%20Unavailable%20caused%20by%20Node.js%20version%20mismatch%5Cn-%20Azure%20uses%20Node%2022%20by%20default%2C%20this%20ensures%20compatibility%22%7D" method="POST" type="request" pid="824,1,17" Host="sharedthread-ggeheafjamb9hxc2.scm.centralus-01.azurewebsites.net" User-Agent="GITHUBACTIONS_DeployWebAppToAzure_df1ac74e5fcc350eb4fc3a077fcafa660132f4b2532732a238d3f4a07c967089" Authorization="Bas..." Content-Type="application/octet-stream" Cookie="ARRAffinity=53cb09fa1df56cad4377ddb96071183a2409f29839db9f7c48309c156a15e042;Path=/;HttpOnly;Secure;Domain=sharedthread-ggeheafjamb9hxc2.scm.centralus-01.azurewebsites.net; ARRAffinitySameSite=53cb09fa1df56cad4377ddb96071183a2409f29839db9f7c48309c156a15e042;Path=/;HttpOnly;SameSite=None;Secure;Domain=sharedthread-ggeheafjamb9hxc2.scm.centralus-01.azurewebsites.net" Transfer-Encoding="chunked" X-ARR-LOG-ID="825edb68-f8b2-4bcd-b7d6-77c3c2e04290" CLIENT-IP="172.184.211.170:56400" X-SITE-DEPLOYMENT-ID="sharedthread" WAS-DEFAULT-HOSTNAME="sharedthread-ggeheafjamb9hxc2.scm.centralus-01.azurewebsites.net" X-Forwarded-Proto="https" X-AppService-Proto="https" X-Forwarded-TlsVersion="1.3" X-WAWS-Unencoded-URL="/api/zipdeploy?isAsync=true&amp;deployer=GITHUB_ZIP_DEPLOY&amp;message=%7B%22type%22%3A%22deployment%22%2C%22sha%22%3A%22d82121713a4f5934f2ef3e4e771ab6a15258582b%22%2C%22repoName%22%3A%22mxchestnut%2Fsharedthread%22%2C%22actor%22%3A%22mxchestnut%22%2C%22slotName%22%3A%22production%22%2C%22commitMessage%22%3A%22fix%3A%20set%20Node.js%20version%20to%20match%20Azure%20App%20Service%5Cn%5Cn-%20Change%20package.json%20engines%20from%20%3E%3D22.0.0%20to%2022%5Cn-%20Resolve%20503%20Service%20Unavailable%20caused%20by%20Node.js%20version%20mismatch%5Cn-%20Azure%20uses%20Node%2022%20by%20default%2C%20this%20ensures%20compatibility%22%7D" X-Client-IP="172.184.211.170" X-Client-Port="56400" >
  <step title="Cleanup Xml Logs" date="2025-10-29T14:15:33.306" >
    <step title="Cleanup Infos" date="2025-10-29T14:15:33.319" totalFiles="291" totalCleanup="131" /><!-- duration: 5ms -->
  </step><!-- duration: 21ms -->
  <step title="ZipPushDeploy" date="2025-10-29T14:15:33.337" >
    <step title="ZipDeploy. Run from package. Ignore remote build." date="2025-10-29T14:15:33.343" /><!-- duration: 3ms -->
    <step title="Starting PushDeployAsync" date="2025-10-29T14:15:33.351" /><!-- duration: 4ms -->
    <step title="WEBSITE_RUN_FROM_PACKAGE is set to 1. Writing zip to SitePackagesPath" date="2025-10-29T14:15:33.532" /><!-- duration: 10ms -->
    <step title="Copying zip to SitePackages /home/data/SitePackages/20251029141533.zip from request body" date="2025-10-29T14:15:33.563" /><!-- duration: 4ms -->
    <step title="Writing multipart request body to /home/data/SitePackages/20251029141533.zip" date="2025-10-29T14:15:33.571" /><!-- duration: 3ms -->
    <step title="Deleting outdated zip file /home/data/SitePackages/20251028201314.zip" date="2025-10-29T14:15:45.564" /><!-- duration: 30ms -->
    <step title="Start deployment in the background" date="2025-10-29T14:15:45.640" >
      <step title="Acquiring Deployment Lock" date="2025-10-29T14:15:45.827" /><!-- duration: 9ms -->
      <step title="Acquired Deployment Lock" date="2025-10-29T14:15:46.044" /><!-- duration: 28ms -->
    </step><!-- duration: 811ms -->
  </step><!-- duration: 13141ms -->
  <step title="Outgoing response" date="2025-10-29T14:15:46.496" type="response" statusCode="202" statusText="Accepted" /><!-- duration: 9ms -->
</step><!-- duration: 13211ms -->
