<step title="BackgroundTrace" date="2025-10-31T13:19:06.944" instance="53cb09" url="/api/zipdeploy" method="POST" >
  <step title="Cleanup Xml Logs" date="2025-10-31T13:19:06.976" >
    <step title="Cleanup Infos" date="2025-10-31T13:19:06.999" totalFiles="426" totalCleanup="266" /><!-- duration: 5ms -->
  </step><!-- duration: 33ms -->
  <step title="Creating temporary deployment - FetchDeploymentManager" date="2025-10-31T13:19:07.127" /><!-- duration: 4ms -->
  <step title="Creating temporary deployment" date="2025-10-31T13:19:07.136" /><!-- duration: 149ms -->
  <step title="Performing fetch based deployment" date="2025-10-31T13:19:07.377" >
    <step title="Deployment timer started" date="2025-10-31T13:19:13.180" >
      <step title="DeploymentManager.Deploy(id:7348f382-67a6-45a2-9067-ac8db0c3b5d0)" date="2025-10-31T13:19:13.236" >
        <step title="Collecting changeset information" date="2025-10-31T13:19:13.278" /><!-- duration: 211ms -->
        <step title="Updating submodules" date="2025-10-31T13:19:13.506" /><!-- duration: 1170ms -->
        <step title="Determining deployment builder" date="2025-10-31T13:19:14.956" >
          <step title="Builder is RunFromZipSiteBuilder" date="2025-10-31T13:19:14.972" /><!-- duration: 18ms -->
        </step><!-- duration: 41ms -->
        <step title="PreDeployment: context.CleanOutputPath False" date="2025-10-31T13:19:15.095" >
          <step title="PreDeployment: context.OutputPath /home/site/wwwroot" date="2025-10-31T13:19:16.248" >
            <step title="Building" date="2025-10-31T13:19:16.459" >
              <step title="Triggering recycle (preview mode disabled)." date="2025-10-31T13:19:16.892" /><!-- duration: 16ms -->
              <step title="Modified file to trigger a restart of the app container." date="2025-10-31T13:19:16.955" /><!-- duration: 20ms -->
              <step title="Skip function trigger and logicapp sync because function is not enabled." date="2025-10-31T13:19:17.001" /><!-- duration: 41ms -->
              <step title="Purge deployment items" date="2025-10-31T13:19:18.702" >
                <step title="Remove 3f07794b-, Success, received at 10/31/2025 05:21:20" date="2025-10-31T13:19:18.904" /><!-- duration: 3ms -->
              </step><!-- duration: 209ms -->
            </step><!-- duration: 2544ms -->
          </step><!-- duration: 2762ms -->
          <step title="Cleaning up temp files" date="2025-10-31T13:19:19.015" /><!-- duration: 8ms -->
          <step title="Cleaning up temp files" date="2025-10-31T13:19:19.031" /><!-- duration: 679ms -->
          <step title="Reloading status file with latest updates" date="2025-10-31T13:19:19.824" >
            <step title="WebHooksManager.PublishEventAsync: PostDeployment" date="2025-10-31T13:19:19.845" /><!-- duration: 499ms -->
          </step><!-- duration: 524ms -->
          <step title="Cleaning up temporary deployment - fetch deployment was successful" date="2025-10-31T13:19:20.364" /><!-- duration: 9ms -->
        </step><!-- duration: 5391ms -->
      </step><!-- duration: 7315ms -->
