<step title="Incoming Request" date="2025-10-28T09:27:26.018" instance="53cb09" url="/api/zipdeploy?isAsync=true&amp;deployer=GITHUB_ZIP_DEPLOY&amp;message=%7B%22type%22%3A%22deployment%22%2C%22sha%22%3A%2257d5626dd660e4bf22883ae4ba76f1196d593a87%22%2C%22repoName%22%3A%22mxchestnut%2Fsharedthread%22%2C%22actor%22%3A%22mxchestnut%22%2C%22slotName%22%3A%22production%22%2C%22commitMessage%22%3A%22%E2%9C%A8%20Improve%20Staff%20page%20error%20handling%20and%20empty%20states%20with%20better%20user%20feedback%22%7D" method="POST" type="request" pid="823,1,7" Host="sharedthread-ggeheafjamb9hxc2.scm.centralus-01.azurewebsites.net" User-Agent="GITHUBACTIONS_DeployWebAppToAzure_df1ac74e5fcc350eb4fc3a077fcafa660132f4b2532732a238d3f4a07c967089" Authorization="Bas..." Content-Type="application/octet-stream" Cookie="ARRAffinity=53cb09fa1df56cad4377ddb96071183a2409f29839db9f7c48309c156a15e042;Path=/;HttpOnly;Secure;Domain=sharedthread-ggeheafjamb9hxc2.scm.centralus-01.azurewebsites.net; ARRAffinitySameSite=53cb09fa1df56cad4377ddb96071183a2409f29839db9f7c48309c156a15e042;Path=/;HttpOnly;SameSite=None;Secure;Domain=sharedthread-ggeheafjamb9hxc2.scm.centralus-01.azurewebsites.net" Transfer-Encoding="chunked" X-ARR-LOG-ID="88d9cd9a-09e3-4253-862b-1798be558569" CLIENT-IP="128.24.163.90:17488" X-SITE-DEPLOYMENT-ID="sharedthread" WAS-DEFAULT-HOSTNAME="sharedthread-ggeheafjamb9hxc2.scm.centralus-01.azurewebsites.net" X-Forwarded-Proto="https" X-AppService-Proto="https" X-Forwarded-TlsVersion="1.3" X-WAWS-Unencoded-URL="/api/zipdeploy?isAsync=true&amp;deployer=GITHUB_ZIP_DEPLOY&amp;message=%7B%22type%22%3A%22deployment%22%2C%22sha%22%3A%2257d5626dd660e4bf22883ae4ba76f1196d593a87%22%2C%22repoName%22%3A%22mxchestnut%2Fsharedthread%22%2C%22actor%22%3A%22mxchestnut%22%2C%22slotName%22%3A%22production%22%2C%22commitMessage%22%3A%22%E2%9C%A8%20Improve%20Staff%20page%20error%20handling%20and%20empty%20states%20with%20better%20user%20feedback%22%7D" X-Client-IP="128.24.163.90" X-Client-Port="17488" >
  <step title="Cleanup Xml Logs" date="2025-10-28T09:27:26.025" /><!-- duration: 7ms -->
  <step title="ZipPushDeploy" date="2025-10-28T09:27:26.102" >
    <step title="ZipDeploy. Run from package. Ignore remote build." date="2025-10-28T09:27:26.122" /><!-- duration: 12ms -->
    <step title="None repository commit" date="2025-10-28T09:27:26.141" >
      <step title="Commit id: 9e44cc44-cde3-46b5-9f0b-fd738c569a01" date="2025-10-28T09:27:26.144" Message="N/A" AuthorName="N/A" AuthorEmail="N/A" /><!-- duration: 3ms -->
    </step><!-- duration: 9ms -->
    <step title="Starting PushDeployAsync" date="2025-10-28T09:27:26.154" /><!-- duration: 3ms -->
    <step title="WEBSITE_RUN_FROM_PACKAGE is set to 1. Writing zip to SitePackagesPath" date="2025-10-28T09:27:26.174" /><!-- duration: 10ms -->
    <step title="Copying zip to SitePackages /home/data/SitePackages/20251028092726.zip from request body" date="2025-10-28T09:27:26.194" /><!-- duration: 8ms -->
    <step title="Writing multipart request body to /home/data/SitePackages/20251028092726.zip" date="2025-10-28T09:27:26.221" /><!-- duration: 18ms -->
    <step title="Deleting outdated zip file /home/data/SitePackages/20251028081042.zip" date="2025-10-28T09:27:41.487" /><!-- duration: 41ms -->
    <step title="Start deployment in the background" date="2025-10-28T09:27:41.543" >
      <step title="Acquiring Deployment Lock" date="2025-10-28T09:27:41.595" /><!-- duration: 16ms -->
      <step title="Acquired Deployment Lock" date="2025-10-28T09:27:41.672" /><!-- duration: 3ms -->
    </step><!-- duration: 281ms -->
  </step><!-- duration: 15768ms -->
  <step title="Outgoing response" date="2025-10-28T09:27:41.943" type="response" statusCode="202" statusText="Accepted" /><!-- duration: 19ms -->
</step><!-- duration: 15954ms -->
