<step title="Incoming Request" date="2025-10-31T13:12:00.715" instance="53cb09" url="/api/deployments/latest?deployer=GITHUB_ZIP_DEPLOY&amp;time=2025-10-31_13-11-54Z" method="GET" type="request" pid="823,1,29" Host="sharedthread-ggeheafjamb9hxc2.scm.centralus-01.azurewebsites.net" User-Agent="GITHUBACTIONS_DeployWebAppToAzure_df1ac74e5fcc350eb4fc3a077fcafa660132f4b2532732a238d3f4a07c967089" Authorization="Bas..." Content-Type="application/json; charset=utf-8" Cookie="ARRAffinity=53cb09fa1df56cad4377ddb96071183a2409f29839db9f7c48309c156a15e042;Path=/;HttpOnly;Secure;Domain=sharedthread-ggeheafjamb9hxc2.scm.centralus-01.azurewebsites.net; ARRAffinitySameSite=53cb09fa1df56cad4377ddb96071183a2409f29839db9f7c48309c156a15e042;Path=/;HttpOnly;SameSite=None;Secure;Domain=sharedthread-ggeheafjamb9hxc2.scm.centralus-01.azurewebsites.net" Content-Length="0" X-ARR-LOG-ID="3272f7f7-112c-4351-ba00-8f4c3ed0480f" CLIENT-IP="172.184.213.225:28609" X-SITE-DEPLOYMENT-ID="sharedthread" WAS-DEFAULT-HOSTNAME="sharedthread-ggeheafjamb9hxc2.scm.centralus-01.azurewebsites.net" X-Forwarded-Proto="https" X-AppService-Proto="https" X-Forwarded-TlsVersion="1.3" X-WAWS-Unencoded-URL="/api/deployments/latest?deployer=GITHUB_ZIP_DEPLOY&amp;time=2025-10-31_13-11-54Z" X-Client-IP="172.184.213.225" X-Client-Port="28609" >
  <step title="Cleanup Xml Logs" date="2025-10-31T13:12:00.737" >
    <step title="Cleanup Infos" date="2025-10-31T13:12:00.802" totalFiles="421" totalCleanup="261" /><!-- duration: 19ms -->
  </step><!-- duration: 90ms -->
  <step title="DeploymentService.GetResult" date="2025-10-31T13:12:00.868" >
    <step title="DeploymentService.GetLatestDeployment" date="2025-10-31T13:12:00.881" >
      <step title="DeploymentManager.GetResults" date="2025-10-31T13:12:00.890" /><!-- duration: 1557ms -->
    </step><!-- duration: 1592ms -->
  </step><!-- duration: 1626ms -->
  <step title="Outgoing response" date="2025-10-31T13:12:02.556" type="response" statusCode="202" statusText="Accepted" /><!-- duration: 28ms -->
</step><!-- duration: 1886ms -->
