<step title="BackgroundTrace" date="2025-10-29T14:09:12.016" instance="53cb09" url="/api/zipdeploy" method="POST" >
  <step title="Cleanup Xml Logs" date="2025-10-29T14:09:12.026" >
    <step title="Cleanup Infos" date="2025-10-29T14:09:12.038" totalFiles="285" totalCleanup="125" /><!-- duration: 8ms -->
  </step><!-- duration: 25ms -->
  <step title="Creating temporary deployment - FetchDeploymentManager" date="2025-10-29T14:09:12.131" /><!-- duration: 4ms -->
  <step title="Creating temporary deployment" date="2025-10-29T14:09:12.138" /><!-- duration: 96ms -->
  <step title="Performing fetch based deployment" date="2025-10-29T14:09:12.337" >
    <step title="Deployment timer started" date="2025-10-29T14:09:16.648" >
      <step title="DeploymentManager.Deploy(id:5c59cbdf-45ac-4094-821a-daa4fe2657f0)" date="2025-10-29T14:09:16.656" >
        <step title="Collecting changeset information" date="2025-10-29T14:09:16.697" /><!-- duration: 130ms -->
        <step title="Updating submodules" date="2025-10-29T14:09:16.834" /><!-- duration: 1176ms -->
        <step title="Determining deployment builder" date="2025-10-29T14:09:18.301" >
          <step title="Builder is RunFromZipSiteBuilder" date="2025-10-29T14:09:18.317" /><!-- duration: 9ms -->
        </step><!-- duration: 42ms -->
        <step title="PreDeployment: context.CleanOutputPath False" date="2025-10-29T14:09:18.464" >
          <step title="PreDeployment: context.OutputPath /home/site/wwwroot" date="2025-10-29T14:09:18.613" >
            <step title="Building" date="2025-10-29T14:09:19.006" >
              <step title="Triggering recycle (preview mode disabled)." date="2025-10-29T14:09:19.546" /><!-- duration: 12ms -->
              <step title="Modified file to trigger a restart of the app container." date="2025-10-29T14:09:19.596" /><!-- duration: 9ms -->
              <step title="Skip function trigger and logicapp sync because function is not enabled." date="2025-10-29T14:09:19.618" /><!-- duration: 8ms -->
              <step title="Purge deployment items" date="2025-10-29T14:09:21.597" >
                <step title="Remove b09e5b6c-, Success, received at 10/28/2025 18:54:34" date="2025-10-29T14:09:21.683" /><!-- duration: 3ms -->
              </step><!-- duration: 97ms -->
            </step><!-- duration: 2773ms -->
          </step><!-- duration: 3170ms -->
          <step title="Cleaning up temp files" date="2025-10-29T14:09:21.787" /><!-- duration: 4ms -->
          <step title="Cleaning up temp files" date="2025-10-29T14:09:21.804" /><!-- duration: 519ms -->
          <step title="Reloading status file with latest updates" date="2025-10-29T14:09:22.379" >
            <step title="WebHooksManager.PublishEventAsync: PostDeployment" date="2025-10-29T14:09:22.384" /><!-- duration: 40ms -->
          </step><!-- duration: 49ms -->
          <step title="Cleaning up temporary deployment - fetch deployment was successful" date="2025-10-29T14:09:22.434" /><!-- duration: 4ms -->
        </step><!-- duration: 4041ms -->
      </step><!-- duration: 5885ms -->
