<step title="Incoming Request" date="2025-10-28T13:57:31.544" instance="53cb09" url="/api/zipdeploy?isAsync=true&amp;deployer=GITHUB_ZIP_DEPLOY&amp;message=%7B%22type%22%3A%22deployment%22%2C%22sha%22%3A%22045f33ea23018efa0465b8e964ff163dce9f1b0c%22%2C%22repoName%22%3A%22mxchestnut%2Fsharedthread%22%2C%22actor%22%3A%22mxchestnut%22%2C%22slotName%22%3A%22production%22%2C%22commitMessage%22%3A%22Save%20working%20layout%20-%20black%20and%20white%20header%2Ffooter%20design%22%7D" method="POST" type="request" pid="824,1,23" Host="sharedthread-ggeheafjamb9hxc2.scm.centralus-01.azurewebsites.net" User-Agent="GITHUBACTIONS_DeployWebAppToAzure_df1ac74e5fcc350eb4fc3a077fcafa660132f4b2532732a238d3f4a07c967089" Authorization="Bas..." Content-Type="application/octet-stream" Cookie="ARRAffinity=53cb09fa1df56cad4377ddb96071183a2409f29839db9f7c48309c156a15e042;Path=/;HttpOnly;Secure;Domain=sharedthread-ggeheafjamb9hxc2.scm.centralus-01.azurewebsites.net; ARRAffinitySameSite=53cb09fa1df56cad4377ddb96071183a2409f29839db9f7c48309c156a15e042;Path=/;HttpOnly;SameSite=None;Secure;Domain=sharedthread-ggeheafjamb9hxc2.scm.centralus-01.azurewebsites.net" Transfer-Encoding="chunked" X-ARR-LOG-ID="d06f913c-f1c8-4a6b-8e13-039fb8f2d56d" CLIENT-IP="52.161.75.162:44032" X-SITE-DEPLOYMENT-ID="sharedthread" WAS-DEFAULT-HOSTNAME="sharedthread-ggeheafjamb9hxc2.scm.centralus-01.azurewebsites.net" X-Forwarded-Proto="https" X-AppService-Proto="https" X-Forwarded-TlsVersion="1.3" X-WAWS-Unencoded-URL="/api/zipdeploy?isAsync=true&amp;deployer=GITHUB_ZIP_DEPLOY&amp;message=%7B%22type%22%3A%22deployment%22%2C%22sha%22%3A%22045f33ea23018efa0465b8e964ff163dce9f1b0c%22%2C%22repoName%22%3A%22mxchestnut%2Fsharedthread%22%2C%22actor%22%3A%22mxchestnut%22%2C%22slotName%22%3A%22production%22%2C%22commitMessage%22%3A%22Save%20working%20layout%20-%20black%20and%20white%20header%2Ffooter%20design%22%7D" X-Client-IP="52.161.75.162" X-Client-Port="44032" >
  <step title="Cleanup Xml Logs" date="2025-10-28T13:57:31.555" /><!-- duration: 47ms -->
  <step title="ZipPushDeploy" date="2025-10-28T13:57:31.763" >
    <step title="ZipDeploy. Run from package. Ignore remote build." date="2025-10-28T13:57:31.792" /><!-- duration: 3ms -->
    <step title="Starting PushDeployAsync" date="2025-10-28T13:57:31.808" /><!-- duration: 5ms -->
    <step title="WEBSITE_RUN_FROM_PACKAGE is set to 1. Writing zip to SitePackagesPath" date="2025-10-28T13:57:31.902" /><!-- duration: 6ms -->
    <step title="Copying zip to SitePackages /home/data/SitePackages/20251028135731.zip from request body" date="2025-10-28T13:57:31.928" /><!-- duration: 19ms -->
    <step title="Writing multipart request body to /home/data/SitePackages/20251028135731.zip" date="2025-10-28T13:57:31.952" /><!-- duration: 5ms -->
    <step title="Deleting outdated zip file /home/data/SitePackages/20251028130059.zip" date="2025-10-28T13:57:49.034" /><!-- duration: 97ms -->
    <step title="Start deployment in the background" date="2025-10-28T13:57:49.199" >
      <step title="Acquiring Deployment Lock" date="2025-10-28T13:57:49.243" /><!-- duration: 17ms -->
      <step title="Acquired Deployment Lock" date="2025-10-28T13:57:49.309" /><!-- duration: 5ms -->
    </step><!-- duration: 297ms -->
  </step><!-- duration: 17762ms -->
  <step title="Outgoing response" date="2025-10-28T13:57:49.533" type="response" statusCode="202" statusText="Accepted" /><!-- duration: 4ms -->
</step><!-- duration: 17995ms -->
