<step title="Incoming Request" date="2025-10-28T19:07:24.430" instance="53cb09" url="/api/deployments/latest?deployer=GITHUB_ZIP_DEPLOY&amp;time=2025-10-28_19-07-09Z" method="GET" type="request" pid="824,1,39" Host="sharedthread-ggeheafjamb9hxc2.scm.centralus-01.azurewebsites.net" User-Agent="GITHUBACTIONS_DeployWebAppToAzure_df1ac74e5fcc350eb4fc3a077fcafa660132f4b2532732a238d3f4a07c967089" Authorization="Bas..." Content-Type="application/json; charset=utf-8" Cookie="ARRAffinity=53cb09fa1df56cad4377ddb96071183a2409f29839db9f7c48309c156a15e042;Path=/;HttpOnly;Secure;Domain=sharedthread-ggeheafjamb9hxc2.scm.centralus-01.azurewebsites.net; ARRAffinitySameSite=53cb09fa1df56cad4377ddb96071183a2409f29839db9f7c48309c156a15e042;Path=/;HttpOnly;SameSite=None;Secure;Domain=sharedthread-ggeheafjamb9hxc2.scm.centralus-01.azurewebsites.net" Content-Length="0" X-ARR-LOG-ID="645e48b6-8c8d-43d2-a9ba-5a7b2b0ba231" CLIENT-IP="20.161.44.178:29712" X-SITE-DEPLOYMENT-ID="sharedthread" WAS-DEFAULT-HOSTNAME="sharedthread-ggeheafjamb9hxc2.scm.centralus-01.azurewebsites.net" X-Forwarded-Proto="https" X-AppService-Proto="https" X-Forwarded-TlsVersion="1.3" X-WAWS-Unencoded-URL="/api/deployments/latest?deployer=GITHUB_ZIP_DEPLOY&amp;time=2025-10-28_19-07-09Z" X-Client-IP="20.161.44.178" X-Client-Port="29712" >
  <step title="Cleanup Xml Logs" date="2025-10-28T19:07:24.449" >
    <step title="Cleanup Infos" date="2025-10-28T19:07:24.539" totalFiles="244" totalCleanup="84" /><!-- duration: 35ms -->
  </step><!-- duration: 221ms -->
  <step title="DeploymentService.GetResult" date="2025-10-28T19:07:24.702" >
    <step title="DeploymentService.GetLatestDeployment" date="2025-10-28T19:07:24.747" >
      <step title="DeploymentManager.GetResults" date="2025-10-28T19:07:24.768" /><!-- duration: 2497ms -->
    </step><!-- duration: 2536ms -->
  </step><!-- duration: 2607ms -->
  <step title="Outgoing response" date="2025-10-28T19:07:27.366" type="response" statusCode="202" statusText="Accepted" /><!-- duration: 29ms -->
</step><!-- duration: 2994ms -->
