<step title="BackgroundTrace" date="2025-10-28T07:51:26.278" instance="53cb09" url="/api/zipdeploy" method="POST" >
  <step title="Cleanup Xml Logs" date="2025-10-28T07:51:26.290" /><!-- duration: 6ms -->
  <step title="Creating temporary deployment - FetchDeploymentManager" date="2025-10-28T07:51:26.416" /><!-- duration: 7ms -->
  <step title="Creating temporary deployment" date="2025-10-28T07:51:26.430" /><!-- duration: 162ms -->
  <step title="Performing fetch based deployment" date="2025-10-28T07:51:26.706" >
    <step title="Deployment timer started" date="2025-10-28T07:51:31.552" >
      <step title="DeploymentManager.Deploy(id:cdc4760d-33cb-4af3-9c8a-1b49cb7078e7)" date="2025-10-28T07:51:31.568" >
        <step title="Collecting changeset information" date="2025-10-28T07:51:31.648" /><!-- duration: 133ms -->
        <step title="Updating submodules" date="2025-10-28T07:51:31.787" /><!-- duration: 1161ms -->
        <step title="Determining deployment builder" date="2025-10-28T07:51:33.283" >
          <step title="Builder is RunFromZipSiteBuilder" date="2025-10-28T07:51:33.293" /><!-- duration: 9ms -->
        </step><!-- duration: 29ms -->
        <step title="PreDeployment: context.CleanOutputPath False" date="2025-10-28T07:51:33.381" >
          <step title="PreDeployment: context.OutputPath /home/site/wwwroot" date="2025-10-28T07:51:33.554" >
            <step title="Building" date="2025-10-28T07:51:33.726" >
              <step title="Triggering recycle (preview mode disabled)." date="2025-10-28T07:51:34.145" /><!-- duration: 12ms -->
              <step title="Modified file to trigger a restart of the app container." date="2025-10-28T07:51:34.222" /><!-- duration: 4ms -->
              <step title="Skip function trigger and logicapp sync because function is not enabled." date="2025-10-28T07:51:34.233" /><!-- duration: 15ms -->
            </step><!-- duration: 1423ms -->
          </step><!-- duration: 1602ms -->
          <step title="Cleaning up temp files" date="2025-10-28T07:51:35.161" /><!-- duration: 5ms -->
          <step title="Cleaning up temp files" date="2025-10-28T07:51:35.190" /><!-- duration: 563ms -->
          <step title="Reloading status file with latest updates" date="2025-10-28T07:51:35.785" >
            <step title="WebHooksManager.PublishEventAsync: PostDeployment" date="2025-10-28T07:51:35.799" /><!-- duration: 90ms -->
          </step><!-- duration: 109ms -->
          <step title="Cleaning up temporary deployment - fetch deployment was successful" date="2025-10-28T07:51:35.919" /><!-- duration: 10ms -->
        </step><!-- duration: 2619ms -->
      </step><!-- duration: 4450ms -->
