<step title="BackgroundTrace" date="2025-10-31T13:05:51.320" instance="53cb09" url="/api/zipdeploy" method="POST" >
  <step title="Cleanup Xml Logs" date="2025-10-31T13:05:51.338" >
    <step title="Cleanup Infos" date="2025-10-31T13:05:51.402" totalFiles="412" totalCleanup="252" /><!-- duration: 20ms -->
  </step><!-- duration: 101ms -->
  <step title="Creating temporary deployment - FetchDeploymentManager" date="2025-10-31T13:05:51.572" /><!-- duration: 4ms -->
  <step title="Creating temporary deployment" date="2025-10-31T13:05:51.580" /><!-- duration: 119ms -->
  <step title="Performing fetch based deployment" date="2025-10-31T13:05:51.776" >
    <step title="Deployment timer started" date="2025-10-31T13:05:56.240" >
      <step title="DeploymentManager.Deploy(id:0a1b3286-7193-4dca-8bc3-d28c575ae720)" date="2025-10-31T13:05:56.249" >
        <step title="Collecting changeset information" date="2025-10-31T13:05:56.282" /><!-- duration: 174ms -->
        <step title="Updating submodules" date="2025-10-31T13:05:56.461" /><!-- duration: 1144ms -->
        <step title="Determining deployment builder" date="2025-10-31T13:05:57.846" >
          <step title="Builder is RunFromZipSiteBuilder" date="2025-10-31T13:05:57.862" /><!-- duration: 10ms -->
        </step><!-- duration: 43ms -->
        <step title="PreDeployment: context.CleanOutputPath False" date="2025-10-31T13:05:57.968" >
          <step title="PreDeployment: context.OutputPath /home/site/wwwroot" date="2025-10-31T13:05:58.090" >
            <step title="Building" date="2025-10-31T13:05:58.285" >
              <step title="Triggering recycle (preview mode disabled)." date="2025-10-31T13:05:59.527" /><!-- duration: 16ms -->
              <step title="Modified file to trigger a restart of the app container." date="2025-10-31T13:05:59.572" /><!-- duration: 10ms -->
              <step title="Skip function trigger and logicapp sync because function is not enabled." date="2025-10-31T13:05:59.590" /><!-- duration: 11ms -->
              <step title="Purge deployment items" date="2025-10-31T13:06:00.954" >
                <step title="Remove 07340296-, Success, received at 10/30/2025 22:55:10" date="2025-10-31T13:06:01.016" /><!-- duration: 3ms -->
              </step><!-- duration: 69ms -->
            </step><!-- duration: 2802ms -->
          </step><!-- duration: 3007ms -->
          <step title="Cleaning up temp files" date="2025-10-31T13:06:01.101" /><!-- duration: 5ms -->
          <step title="Cleaning up temp files" date="2025-10-31T13:06:01.115" /><!-- duration: 532ms -->
          <step title="Reloading status file with latest updates" date="2025-10-31T13:06:01.796" >
            <step title="WebHooksManager.PublishEventAsync: PostDeployment" date="2025-10-31T13:06:01.819" /><!-- duration: 275ms -->
          </step><!-- duration: 326ms -->
          <step title="Cleaning up temporary deployment - fetch deployment was successful" date="2025-10-31T13:06:02.170" /><!-- duration: 4ms -->
        </step><!-- duration: 4265ms -->
      </step><!-- duration: 6117ms -->
