<step title="BackgroundTrace" date="2025-10-28T13:13:28.348" instance="53cb09" url="/api/zipdeploy" method="POST" >
  <step title="Cleanup Xml Logs" date="2025-10-28T13:13:28.357" /><!-- duration: 19ms -->
  <step title="Creating temporary deployment - FetchDeploymentManager" date="2025-10-28T13:13:28.644" /><!-- duration: 6ms -->
  <step title="Creating temporary deployment" date="2025-10-28T13:13:28.695" /><!-- duration: 341ms -->
  <step title="Performing fetch based deployment" date="2025-10-28T13:13:29.442" >
    <step title="Deployment timer started" date="2025-10-28T13:13:35.029" >
      <step title="DeploymentManager.Deploy(id:24f4a8e7-070c-4616-b6ef-28ea863b5cd6)" date="2025-10-28T13:13:35.076" >
        <step title="Collecting changeset information" date="2025-10-28T13:13:35.133" /><!-- duration: 169ms -->
        <step title="Updating submodules" date="2025-10-28T13:13:35.321" /><!-- duration: 1208ms -->
        <step title="Determining deployment builder" date="2025-10-28T13:13:36.860" >
          <step title="Builder is RunFromZipSiteBuilder" date="2025-10-28T13:13:36.995" /><!-- duration: 18ms -->
        </step><!-- duration: 162ms -->
        <step title="PreDeployment: context.CleanOutputPath False" date="2025-10-28T13:13:37.181" >
          <step title="PreDeployment: context.OutputPath /home/site/wwwroot" date="2025-10-28T13:13:37.499" >
            <step title="Building" date="2025-10-28T13:13:37.668" >
              <step title="Triggering recycle (preview mode disabled)." date="2025-10-28T13:13:38.249" /><!-- duration: 12ms -->
              <step title="Modified file to trigger a restart of the app container." date="2025-10-28T13:13:38.346" /><!-- duration: 12ms -->
              <step title="Skip function trigger and logicapp sync because function is not enabled." date="2025-10-28T13:13:38.415" /><!-- duration: 20ms -->
              <step title="Purge deployment items" date="2025-10-28T13:13:40.493" >
                <step title="Remove 2528bb2d-, Success, received at 10/28/2025 09:18:39" date="2025-10-28T13:13:41.740" /><!-- duration: 3ms -->
              </step><!-- duration: 1258ms -->
            </step><!-- duration: 4198ms -->
          </step><!-- duration: 4373ms -->
          <step title="Cleaning up temp files" date="2025-10-28T13:13:41.875" /><!-- duration: 7ms -->
          <step title="Cleaning up temp files" date="2025-10-28T13:13:41.891" /><!-- duration: 523ms -->
          <step title="Reloading status file with latest updates" date="2025-10-28T13:13:42.459" >
            <step title="WebHooksManager.PublishEventAsync: PostDeployment" date="2025-10-28T13:13:42.465" /><!-- duration: 54ms -->
          </step><!-- duration: 64ms -->
          <step title="Cleaning up temporary deployment - fetch deployment was successful" date="2025-10-28T13:13:42.544" /><!-- duration: 4ms -->
        </step><!-- duration: 5466ms -->
      </step><!-- duration: 7634ms -->
