<step title="Incoming Request" date="2025-10-28T08:21:40.510" instance="53cb09" url="/api/zipdeploy?isAsync=true&amp;deployer=GITHUB_ZIP_DEPLOY&amp;message=%7B%22type%22%3A%22deployment%22%2C%22sha%22%3A%22931f9e0de796990239431887a3b73b24f00a3035%22%2C%22repoName%22%3A%22mxchestnut%2Fsharedthread%22%2C%22actor%22%3A%22mxchestnut%22%2C%22slotName%22%3A%22production%22%2C%22commitMessage%22%3A%22%F0%9F%94%A7%20Fix%20build%20error%3A%20wrap%20useSearchParams%20in%20Suspense%20boundary%22%7D" method="POST" type="request" pid="825,1,73" Host="sharedthread-ggeheafjamb9hxc2.scm.centralus-01.azurewebsites.net" User-Agent="GITHUBACTIONS_DeployWebAppToAzure_df1ac74e5fcc350eb4fc3a077fcafa660132f4b2532732a238d3f4a07c967089" Authorization="Bas..." Content-Type="application/octet-stream" Cookie="ARRAffinity=53cb09fa1df56cad4377ddb96071183a2409f29839db9f7c48309c156a15e042;Path=/;HttpOnly;Secure;Domain=sharedthread-ggeheafjamb9hxc2.scm.centralus-01.azurewebsites.net; ARRAffinitySameSite=53cb09fa1df56cad4377ddb96071183a2409f29839db9f7c48309c156a15e042;Path=/;HttpOnly;SameSite=None;Secure;Domain=sharedthread-ggeheafjamb9hxc2.scm.centralus-01.azurewebsites.net" Transfer-Encoding="chunked" X-ARR-LOG-ID="ca4e12ad-77af-4b32-9ff8-c1686fa4d3c3" CLIENT-IP="52.154.21.58:37952" X-SITE-DEPLOYMENT-ID="sharedthread" WAS-DEFAULT-HOSTNAME="sharedthread-ggeheafjamb9hxc2.scm.centralus-01.azurewebsites.net" X-Forwarded-Proto="https" X-AppService-Proto="https" X-Forwarded-TlsVersion="1.3" X-WAWS-Unencoded-URL="/api/zipdeploy?isAsync=true&amp;deployer=GITHUB_ZIP_DEPLOY&amp;message=%7B%22type%22%3A%22deployment%22%2C%22sha%22%3A%22931f9e0de796990239431887a3b73b24f00a3035%22%2C%22repoName%22%3A%22mxchestnut%2Fsharedthread%22%2C%22actor%22%3A%22mxchestnut%22%2C%22slotName%22%3A%22production%22%2C%22commitMessage%22%3A%22%F0%9F%94%A7%20Fix%20build%20error%3A%20wrap%20useSearchParams%20in%20Suspense%20boundary%22%7D" X-Client-IP="52.154.21.58" X-Client-Port="37952" >
  <step title="Cleanup Xml Logs" date="2025-10-28T08:21:40.649" /><!-- duration: 10ms -->
  <step title="ZipPushDeploy" date="2025-10-28T08:21:40.726" >
    <step title="ZipDeploy. Run from package. Ignore remote build." date="2025-10-28T08:21:40.750" /><!-- duration: 7ms -->
    <step title="Starting PushDeployAsync" date="2025-10-28T08:21:40.771" /><!-- duration: 21ms -->
    <step title="WEBSITE_RUN_FROM_PACKAGE is set to 1. Writing zip to SitePackagesPath" date="2025-10-28T08:21:40.825" /><!-- duration: 11ms -->
    <step title="Copying zip to SitePackages /home/data/SitePackages/20251028082140.zip from request body" date="2025-10-28T08:21:40.879" /><!-- duration: 4ms -->
    <step title="Writing multipart request body to /home/data/SitePackages/20251028082140.zip" date="2025-10-28T08:21:40.896" /><!-- duration: 12ms -->
    <step title="Deleting outdated zip file /home/data/SitePackages/20251028075105.zip" date="2025-10-28T08:21:50.863" /><!-- duration: 25ms -->
    <step title="Start deployment in the background" date="2025-10-28T08:21:50.912" >
      <step title="Acquiring Deployment Lock" date="2025-10-28T08:21:51.011" /><!-- duration: 4ms -->
      <step title="Acquired Deployment Lock" date="2025-10-28T08:21:51.156" /><!-- duration: 108ms -->
    </step><!-- duration: 760ms -->
  </step><!-- duration: 10970ms -->
  <step title="Outgoing response" date="2025-10-28T08:21:51.707" type="response" statusCode="202" statusText="Accepted" /><!-- duration: 4ms -->
</step><!-- duration: 11204ms -->
