<step title="Incoming Request" date="2025-10-28T18:54:35.949" instance="53cb09" url="/api/deployments/latest?deployer=GITHUB_ZIP_DEPLOY&amp;time=2025-10-28_18-54-29Z" method="GET" type="request" pid="824,1,33" Host="sharedthread-ggeheafjamb9hxc2.scm.centralus-01.azurewebsites.net" User-Agent="GITHUBACTIONS_DeployWebAppToAzure_df1ac74e5fcc350eb4fc3a077fcafa660132f4b2532732a238d3f4a07c967089" Authorization="Bas..." Content-Type="application/json; charset=utf-8" Cookie="ARRAffinity=53cb09fa1df56cad4377ddb96071183a2409f29839db9f7c48309c156a15e042;Path=/;HttpOnly;Secure;Domain=sharedthread-ggeheafjamb9hxc2.scm.centralus-01.azurewebsites.net; ARRAffinitySameSite=53cb09fa1df56cad4377ddb96071183a2409f29839db9f7c48309c156a15e042;Path=/;HttpOnly;SameSite=None;Secure;Domain=sharedthread-ggeheafjamb9hxc2.scm.centralus-01.azurewebsites.net" Content-Length="0" X-ARR-LOG-ID="d58765f1-f0a0-481d-afaa-169f37473a57" CLIENT-IP="64.236.140.197:5170" X-SITE-DEPLOYMENT-ID="sharedthread" WAS-DEFAULT-HOSTNAME="sharedthread-ggeheafjamb9hxc2.scm.centralus-01.azurewebsites.net" X-Forwarded-Proto="https" X-AppService-Proto="https" X-Forwarded-TlsVersion="1.3" X-WAWS-Unencoded-URL="/api/deployments/latest?deployer=GITHUB_ZIP_DEPLOY&amp;time=2025-10-28_18-54-29Z" X-Client-IP="64.236.140.197" X-Client-Port="5170" >
  <step title="Cleanup Xml Logs" date="2025-10-28T18:54:35.972" >
    <step title="Cleanup Infos" date="2025-10-28T18:54:36.018" totalFiles="217" totalCleanup="57" /><!-- duration: 5ms -->
  </step><!-- duration: 54ms -->
  <step title="DeploymentService.GetResult" date="2025-10-28T18:54:36.033" >
    <step title="DeploymentService.GetLatestDeployment" date="2025-10-28T18:54:36.036" >
      <step title="DeploymentManager.GetResults" date="2025-10-28T18:54:36.040" /><!-- duration: 1173ms -->
    </step><!-- duration: 1188ms -->
  </step><!-- duration: 1216ms -->
  <step title="Outgoing response" date="2025-10-28T18:54:37.278" type="response" statusCode="202" statusText="Accepted" /><!-- duration: 7ms -->
</step><!-- duration: 1348ms -->
