<step title="Incoming Request" date="2025-10-31T14:33:08.573" instance="53cb09" url="/api/deployments/latest?deployer=GITHUB_ZIP_DEPLOY&amp;time=2025-10-31_14-32-58Z" method="GET" type="request" pid="823,1,69" Host="sharedthread-ggeheafjamb9hxc2.scm.centralus-01.azurewebsites.net" User-Agent="GITHUBACTIONS_DeployWebAppToAzure_df1ac74e5fcc350eb4fc3a077fcafa660132f4b2532732a238d3f4a07c967089" Authorization="Bas..." Content-Type="application/json; charset=utf-8" Cookie="ARRAffinity=53cb09fa1df56cad4377ddb96071183a2409f29839db9f7c48309c156a15e042;Path=/;HttpOnly;Secure;Domain=sharedthread-ggeheafjamb9hxc2.scm.centralus-01.azurewebsites.net; ARRAffinitySameSite=53cb09fa1df56cad4377ddb96071183a2409f29839db9f7c48309c156a15e042;Path=/;HttpOnly;SameSite=None;Secure;Domain=sharedthread-ggeheafjamb9hxc2.scm.centralus-01.azurewebsites.net" Content-Length="0" X-ARR-LOG-ID="aa0f9f81-551d-437b-97da-15af41abd8ec" CLIENT-IP="20.161.28.102:46113" X-SITE-DEPLOYMENT-ID="sharedthread" WAS-DEFAULT-HOSTNAME="sharedthread-ggeheafjamb9hxc2.scm.centralus-01.azurewebsites.net" X-Forwarded-Proto="https" X-AppService-Proto="https" X-Forwarded-TlsVersion="1.3" X-WAWS-Unencoded-URL="/api/deployments/latest?deployer=GITHUB_ZIP_DEPLOY&amp;time=2025-10-31_14-32-58Z" X-Client-IP="20.161.28.102" X-Client-Port="46113" >
  <step title="Cleanup Xml Logs" date="2025-10-31T14:33:08.577" >
    <step title="Cleanup Infos" date="2025-10-31T14:33:08.619" totalFiles="442" totalCleanup="282" /><!-- duration: 35ms -->
  </step><!-- duration: 97ms -->
  <step title="DeploymentService.GetResult" date="2025-10-31T14:33:08.705" >
    <step title="DeploymentService.GetLatestDeployment" date="2025-10-31T14:33:08.708" >
      <step title="DeploymentManager.GetResults" date="2025-10-31T14:33:08.711" /><!-- duration: 1799ms -->
    </step><!-- duration: 1808ms -->
  </step><!-- duration: 1814ms -->
  <step title="Outgoing response" date="2025-10-31T14:33:10.525" type="response" statusCode="202" statusText="Accepted" /><!-- duration: 7ms -->
</step><!-- duration: 1962ms -->
