<step title="BackgroundTrace" date="2025-10-31T15:34:53.689" instance="53cb09" url="/api/zipdeploy" method="POST" >
  <step title="Cleanup Xml Logs" date="2025-10-31T15:34:53.708" >
    <step title="Cleanup Infos" date="2025-10-31T15:34:53.743" totalFiles="475" totalCleanup="315" /><!-- duration: 6ms -->
  </step><!-- duration: 46ms -->
  <step title="Creating temporary deployment - FetchDeploymentManager" date="2025-10-31T15:34:53.950" /><!-- duration: 3ms -->
  <step title="Creating temporary deployment" date="2025-10-31T15:34:53.960" /><!-- duration: 256ms -->
  <step title="Performing fetch based deployment" date="2025-10-31T15:34:54.331" >
    <step title="Deployment timer started" date="2025-10-31T15:34:59.849" >
      <step title="DeploymentManager.Deploy(id:5e76377b-d5bf-4959-9901-8d8ec5e2ab96)" date="2025-10-31T15:34:59.878" >
        <step title="Collecting changeset information" date="2025-10-31T15:34:59.928" /><!-- duration: 244ms -->
        <step title="Updating submodules" date="2025-10-31T15:35:00.196" /><!-- duration: 1177ms -->
        <step title="Determining deployment builder" date="2025-10-31T15:35:02.045" >
          <step title="Builder is RunFromZipSiteBuilder" date="2025-10-31T15:35:02.117" /><!-- duration: 67ms -->
        </step><!-- duration: 263ms -->
        <step title="PreDeployment: context.CleanOutputPath False" date="2025-10-31T15:35:02.640" >
          <step title="PreDeployment: context.OutputPath /home/site/wwwroot" date="2025-10-31T15:35:03.138" >
            <step title="Building" date="2025-10-31T15:35:03.546" >
              <step title="Triggering recycle (preview mode disabled)." date="2025-10-31T15:35:04.490" /><!-- duration: 16ms -->
              <step title="Modified file to trigger a restart of the app container." date="2025-10-31T15:35:04.573" /><!-- duration: 4ms -->
              <step title="Skip function trigger and logicapp sync because function is not enabled." date="2025-10-31T15:35:04.655" /><!-- duration: 20ms -->
              <step title="Purge deployment items" date="2025-10-31T15:35:06.581" >
                <step title="Remove 1b7dfd62-, Success, received at 10/31/2025 12:40:38" date="2025-10-31T15:35:06.701" /><!-- duration: 4ms -->
              </step><!-- duration: 130ms -->
            </step><!-- duration: 3281ms -->
          </step><!-- duration: 3696ms -->
          <step title="Cleaning up temp files" date="2025-10-31T15:35:06.837" /><!-- duration: 88ms -->
          <step title="Cleaning up temp files" date="2025-10-31T15:35:06.929" /><!-- duration: 597ms -->
          <step title="Reloading status file with latest updates" date="2025-10-31T15:35:07.570" >
            <step title="WebHooksManager.PublishEventAsync: PostDeployment" date="2025-10-31T15:35:07.594" /><!-- duration: 175ms -->
          </step><!-- duration: 219ms -->
          <step title="Cleaning up temporary deployment - fetch deployment was successful" date="2025-10-31T15:35:07.810" /><!-- duration: 19ms -->
        </step><!-- duration: 5329ms -->
      </step><!-- duration: 8156ms -->
