<step title="Incoming Request" date="2025-10-28T10:01:03.017" instance="53cb09" url="/api/zipdeploy?isAsync=true&amp;deployer=GITHUB_ZIP_DEPLOY&amp;message=%7B%22type%22%3A%22deployment%22%2C%22sha%22%3A%22f4a0c686ff418142c27e1b65e52144ac18039278%22%2C%22repoName%22%3A%22mxchestnut%2Fsharedthread%22%2C%22actor%22%3A%22mxchestnut%22%2C%22slotName%22%3A%22production%22%2C%22commitMessage%22%3A%22Fix%20staff%20vs%20member%20access%20hierarchy%5Cn%5Cn%E2%9C%85%20Header%3A%20Show%20Staff%20link%20only%20for%20admin%20users%20(conditionally%20rendered)%5Cn%E2%9C%85%20UserMenu%3A%20Add%20Staff%20Dashboard%20link%20in%20dropdown%20for%20admin%20users%5Cn%E2%9C%85%20Create%20%2Fstaff%20page%20with%20comprehensive%20admin%20dashboard%5Cn%E2%9C%85%20Maintain%20dual%20access%3A%20staff%20get%20both%20admin%20tools%20AND%20member%20features%5Cn%E2%9C%85%20Clear%20separation%3A%20staff%20links%20only%20visible%20to%20admin%20role%20users%5Cn%5CnStaff%20members%20now%20have%20access%20to%20both%20administrative%20functions%5Cnand%20full%20member%20capabilities%20(Atelier%2C%20Library%2C%20Communities).%22%7D" method="POST" type="request" pid="823,1,17" Host="sharedthread-ggeheafjamb9hxc2.scm.centralus-01.azurewebsites.net" User-Agent="GITHUBACTIONS_DeployWebAppToAzure_df1ac74e5fcc350eb4fc3a077fcafa660132f4b2532732a238d3f4a07c967089" Authorization="Bas..." Content-Type="application/octet-stream" Cookie="ARRAffinity=53cb09fa1df56cad4377ddb96071183a2409f29839db9f7c48309c156a15e042;Path=/;HttpOnly;Secure;Domain=sharedthread-ggeheafjamb9hxc2.scm.centralus-01.azurewebsites.net; ARRAffinitySameSite=53cb09fa1df56cad4377ddb96071183a2409f29839db9f7c48309c156a15e042;Path=/;HttpOnly;SameSite=None;Secure;Domain=sharedthread-ggeheafjamb9hxc2.scm.centralus-01.azurewebsites.net" Transfer-Encoding="chunked" X-ARR-LOG-ID="582a1e04-deb4-4d5f-9235-8dd7ceb8ed05" CLIENT-IP="64.236.169.129:28672" X-SITE-DEPLOYMENT-ID="sharedthread" WAS-DEFAULT-HOSTNAME="sharedthread-ggeheafjamb9hxc2.scm.centralus-01.azurewebsites.net" X-Forwarded-Proto="https" X-AppService-Proto="https" X-Forwarded-TlsVersion="1.3" X-WAWS-Unencoded-URL="/api/zipdeploy?isAsync=true&amp;deployer=GITHUB_ZIP_DEPLOY&amp;message=%7B%22type%22%3A%22deployment%22%2C%22sha%22%3A%22f4a0c686ff418142c27e1b65e52144ac18039278%22%2C%22repoName%22%3A%22mxchestnut%2Fsharedthread%22%2C%22actor%22%3A%22mxchestnut%22%2C%22slotName%22%3A%22production%22%2C%22commitMessage%22%3A%22Fix%20staff%20vs%20member%20access%20hierarchy%5Cn%5Cn%E2%9C%85%20Header%3A%20Show%20Staff%20link%20only%20for%20admin%20users%20(conditionally%20rendered)%5Cn%E2%9C%85%20UserMenu%3A%20Add%20Staff%20Dashboard%20link%20in%20dropdown%20for%20admin%20users%5Cn%E2%9C%85%20Create%20%2Fstaff%20page%20with%20comprehensive%20admin%20dashboard%5Cn%E2%9C%85%20Maintain%20dual%20access%3A%20staff%20get%20both%20admin%20tools%20AND%20member%20features%5Cn%E2%9C%85%20Clear%20separation%3A%20staff%20links%20only%20visible%20to%20admin%20role%20users%5Cn%5CnStaff%20members%20now%20have%20access%20to%20both%20administrative%20functions%5Cnand%20full%20member%20capabilities%20(Atelier%2C%20Library%2C%20Communities).%22%7D" X-Client-IP="64.236.169.129" X-Client-Port="28672" >
  <step title="Cleanup Xml Logs" date="2025-10-28T10:01:03.023" /><!-- duration: 15ms -->
  <step title="ZipPushDeploy" date="2025-10-28T10:01:03.154" >
    <step title="ZipDeploy. Run from package. Ignore remote build." date="2025-10-28T10:01:03.169" /><!-- duration: 4ms -->
    <step title="Starting PushDeployAsync" date="2025-10-28T10:01:03.282" /><!-- duration: 5ms -->
    <step title="WEBSITE_RUN_FROM_PACKAGE is set to 1. Writing zip to SitePackagesPath" date="2025-10-28T10:01:03.426" /><!-- duration: 11ms -->
    <step title="Copying zip to SitePackages /home/data/SitePackages/20251028100103.zip from request body" date="2025-10-28T10:01:03.558" /><!-- duration: 29ms -->
    <step title="Writing multipart request body to /home/data/SitePackages/20251028100103.zip" date="2025-10-28T10:01:03.596" /><!-- duration: 9ms -->
    <step title="Deleting outdated zip file /home/data/SitePackages/20251028084108.zip" date="2025-10-28T10:01:21.698" /><!-- duration: 48ms -->
    <step title="Start deployment in the background" date="2025-10-28T10:01:21.771" >
      <step title="Acquiring Deployment Lock" date="2025-10-28T10:01:21.852" /><!-- duration: 9ms -->
      <step title="Acquired Deployment Lock" date="2025-10-28T10:01:21.901" /><!-- duration: 4ms -->
    </step><!-- duration: 287ms -->
  </step><!-- duration: 18943ms -->
  <step title="Outgoing response" date="2025-10-28T10:01:22.151" type="response" statusCode="202" statusText="Accepted" /><!-- duration: 10ms -->
</step><!-- duration: 19147ms -->
