<step title="BackgroundTrace" date="2025-10-31T15:03:38.848" instance="53cb09" url="/api/zipdeploy" method="POST" >
  <step title="Cleanup Xml Logs" date="2025-10-31T15:03:38.854" >
    <step title="Cleanup Infos" date="2025-10-31T15:03:38.874" totalFiles="448" totalCleanup="288" /><!-- duration: 6ms -->
  </step><!-- duration: 29ms -->
  <step title="Creating temporary deployment - FetchDeploymentManager" date="2025-10-31T15:03:39.040" /><!-- duration: 5ms -->
  <step title="Creating temporary deployment" date="2025-10-31T15:03:39.051" /><!-- duration: 95ms -->
  <step title="Performing fetch based deployment" date="2025-10-31T15:03:39.206" >
    <step title="Deployment timer started" date="2025-10-31T15:03:44.090" >
      <step title="DeploymentManager.Deploy(id:6442cf26-80bb-40b7-b44a-1d3983b9cc8f)" date="2025-10-31T15:03:44.097" >
        <step title="Collecting changeset information" date="2025-10-31T15:03:44.111" /><!-- duration: 206ms -->
        <step title="Updating submodules" date="2025-10-31T15:03:44.325" /><!-- duration: 1223ms -->
        <step title="Determining deployment builder" date="2025-10-31T15:03:45.900" >
          <step title="Builder is RunFromZipSiteBuilder" date="2025-10-31T15:03:45.919" /><!-- duration: 12ms -->
        </step><!-- duration: 43ms -->
        <step title="PreDeployment: context.CleanOutputPath False" date="2025-10-31T15:03:46.011" >
          <step title="PreDeployment: context.OutputPath /home/site/wwwroot" date="2025-10-31T15:03:46.161" >
            <step title="Building" date="2025-10-31T15:03:46.336" >
              <step title="Triggering recycle (preview mode disabled)." date="2025-10-31T15:03:46.736" /><!-- duration: 8ms -->
              <step title="Modified file to trigger a restart of the app container." date="2025-10-31T15:03:46.799" /><!-- duration: 8ms -->
              <step title="Skip function trigger and logicapp sync because function is not enabled." date="2025-10-31T15:03:46.823" /><!-- duration: 35ms -->
              <step title="Purge deployment items" date="2025-10-31T15:03:49.249" >
                <step title="Remove 9b026159-, Success, received at 10/31/2025 06:26:24" date="2025-10-31T15:03:49.337" /><!-- duration: 6ms -->
              </step><!-- duration: 99ms -->
            </step><!-- duration: 3080ms -->
          </step><!-- duration: 3261ms -->
          <step title="Cleaning up temp files" date="2025-10-31T15:03:49.425" /><!-- duration: 5ms -->
          <step title="Cleaning up temp files" date="2025-10-31T15:03:49.443" /><!-- duration: 518ms -->
          <step title="Reloading status file with latest updates" date="2025-10-31T15:03:50.010" >
            <step title="WebHooksManager.PublishEventAsync: PostDeployment" date="2025-10-31T15:03:50.017" /><!-- duration: 107ms -->
          </step><!-- duration: 117ms -->
          <step title="Cleaning up temporary deployment - fetch deployment was successful" date="2025-10-31T15:03:50.134" /><!-- duration: 4ms -->
        </step><!-- duration: 4216ms -->
      </step><!-- duration: 6146ms -->
