<step title="Incoming Request" date="2025-10-28T19:59:12.356" instance="53cb09" url="/api/deployments/latest?deployer=GITHUB_ZIP_DEPLOY&amp;time=2025-10-28_19-59-05Z" method="GET" type="request" pid="824,1,32" Host="sharedthread-ggeheafjamb9hxc2.scm.centralus-01.azurewebsites.net" User-Agent="GITHUBACTIONS_DeployWebAppToAzure_df1ac74e5fcc350eb4fc3a077fcafa660132f4b2532732a238d3f4a07c967089" Authorization="Bas..." Content-Type="application/json; charset=utf-8" Cookie="ARRAffinity=53cb09fa1df56cad4377ddb96071183a2409f29839db9f7c48309c156a15e042;Path=/;HttpOnly;Secure;Domain=sharedthread-ggeheafjamb9hxc2.scm.centralus-01.azurewebsites.net; ARRAffinitySameSite=53cb09fa1df56cad4377ddb96071183a2409f29839db9f7c48309c156a15e042;Path=/;HttpOnly;SameSite=None;Secure;Domain=sharedthread-ggeheafjamb9hxc2.scm.centralus-01.azurewebsites.net" Content-Length="0" X-ARR-LOG-ID="194fa81a-53aa-4839-8a80-2f45014620e4" CLIENT-IP="52.176.37.65:47113" X-SITE-DEPLOYMENT-ID="sharedthread" WAS-DEFAULT-HOSTNAME="sharedthread-ggeheafjamb9hxc2.scm.centralus-01.azurewebsites.net" X-Forwarded-Proto="https" X-AppService-Proto="https" X-Forwarded-TlsVersion="1.3" X-WAWS-Unencoded-URL="/api/deployments/latest?deployer=GITHUB_ZIP_DEPLOY&amp;time=2025-10-28_19-59-05Z" X-Client-IP="52.176.37.65" X-Client-Port="47113" >
  <step title="Cleanup Xml Logs" date="2025-10-28T19:59:12.369" >
    <step title="Cleanup Infos" date="2025-10-28T19:59:12.378" totalFiles="251" totalCleanup="91" /><!-- duration: 6ms -->
  </step><!-- duration: 20ms -->
  <step title="DeploymentService.GetResult" date="2025-10-28T19:59:12.400" >
    <step title="DeploymentService.GetLatestDeployment" date="2025-10-28T19:59:12.409" >
      <step title="DeploymentManager.GetResults" date="2025-10-28T19:59:12.414" /><!-- duration: 723ms -->
    </step><!-- duration: 736ms -->
  </step><!-- duration: 749ms -->
  <step title="Outgoing response" date="2025-10-28T19:59:13.157" type="response" statusCode="202" statusText="Accepted" /><!-- duration: 7ms -->
</step><!-- duration: 812ms -->
