<step title="Incoming Request" date="2025-10-28T08:27:53.064" instance="53cb09" url="/api/zipdeploy?isAsync=true&amp;deployer=GITHUB_ZIP_DEPLOY&amp;message=%7B%22type%22%3A%22deployment%22%2C%22sha%22%3A%2225d273f4903f2576f047196dbc57acf7d25113b3%22%2C%22repoName%22%3A%22mxchestnut%2Fsharedthread%22%2C%22actor%22%3A%22mxchestnut%22%2C%22slotName%22%3A%22production%22%2C%22commitMessage%22%3A%22%F0%9F%8E%A8%20Create%20public%20landing%20page%20with%20conditional%20layout%20for%20homepage%22%7D" method="POST" type="request" pid="825,1,82" Host="sharedthread-ggeheafjamb9hxc2.scm.centralus-01.azurewebsites.net" User-Agent="GITHUBACTIONS_DeployWebAppToAzure_df1ac74e5fcc350eb4fc3a077fcafa660132f4b2532732a238d3f4a07c967089" Authorization="Bas..." Content-Type="application/octet-stream" Cookie="ARRAffinity=53cb09fa1df56cad4377ddb96071183a2409f29839db9f7c48309c156a15e042;Path=/;HttpOnly;Secure;Domain=sharedthread-ggeheafjamb9hxc2.scm.centralus-01.azurewebsites.net; ARRAffinitySameSite=53cb09fa1df56cad4377ddb96071183a2409f29839db9f7c48309c156a15e042;Path=/;HttpOnly;SameSite=None;Secure;Domain=sharedthread-ggeheafjamb9hxc2.scm.centralus-01.azurewebsites.net" Transfer-Encoding="chunked" X-ARR-LOG-ID="806708b3-91c8-4d78-9c25-2ce726591751" CLIENT-IP="68.154.116.115:18456" X-SITE-DEPLOYMENT-ID="sharedthread" WAS-DEFAULT-HOSTNAME="sharedthread-ggeheafjamb9hxc2.scm.centralus-01.azurewebsites.net" X-Forwarded-Proto="https" X-AppService-Proto="https" X-Forwarded-TlsVersion="1.3" X-WAWS-Unencoded-URL="/api/zipdeploy?isAsync=true&amp;deployer=GITHUB_ZIP_DEPLOY&amp;message=%7B%22type%22%3A%22deployment%22%2C%22sha%22%3A%2225d273f4903f2576f047196dbc57acf7d25113b3%22%2C%22repoName%22%3A%22mxchestnut%2Fsharedthread%22%2C%22actor%22%3A%22mxchestnut%22%2C%22slotName%22%3A%22production%22%2C%22commitMessage%22%3A%22%F0%9F%8E%A8%20Create%20public%20landing%20page%20with%20conditional%20layout%20for%20homepage%22%7D" X-Client-IP="68.154.116.115" X-Client-Port="18456" >
  <step title="Cleanup Xml Logs" date="2025-10-28T08:27:53.067" /><!-- duration: 9ms -->
  <step title="ZipPushDeploy" date="2025-10-28T08:27:53.180" >
    <step title="ZipDeploy. Run from package. Ignore remote build." date="2025-10-28T08:27:53.199" /><!-- duration: 10ms -->
    <step title="Starting PushDeployAsync" date="2025-10-28T08:27:53.233" /><!-- duration: 28ms -->
    <step title="WEBSITE_RUN_FROM_PACKAGE is set to 1. Writing zip to SitePackagesPath" date="2025-10-28T08:27:53.278" /><!-- duration: 7ms -->
    <step title="Copying zip to SitePackages /home/data/SitePackages/20251028082753.zip from request body" date="2025-10-28T08:27:53.306" /><!-- duration: 7ms -->
    <step title="Writing multipart request body to /home/data/SitePackages/20251028082753.zip" date="2025-10-28T08:27:53.330" /><!-- duration: 5ms -->
    <step title="Deleting outdated zip file /home/data/SitePackages/20251028080009.zip" date="2025-10-28T08:28:06.894" /><!-- duration: 35ms -->
    <step title="Start deployment in the background" date="2025-10-28T08:28:06.952" >
      <step title="Acquiring Deployment Lock" date="2025-10-28T08:28:07.016" /><!-- duration: 4ms -->
      <step title="Acquired Deployment Lock" date="2025-10-28T08:28:07.083" /><!-- duration: 7ms -->
    </step><!-- duration: 323ms -->
  </step><!-- duration: 14149ms -->
  <step title="Outgoing response" date="2025-10-28T08:28:07.343" type="response" statusCode="202" statusText="Accepted" /><!-- duration: 6ms -->
</step><!-- duration: 14289ms -->
