<step title="Incoming Request" date="2025-10-29T14:08:54.117" instance="53cb09" url="/api/zipdeploy?isAsync=true&amp;deployer=GITHUB_ZIP_DEPLOY&amp;message=%7B%22type%22%3A%22deployment%22%2C%22sha%22%3A%22fcbbca11d83e74b3508d7afb66429896536c98c9%22%2C%22repoName%22%3A%22mxchestnut%2Fsharedthread%22%2C%22actor%22%3A%22mxchestnut%22%2C%22slotName%22%3A%22production%22%2C%22commitMessage%22%3A%22emergency%3A%20remove%20startup%20script%20to%20fix%20503%20Service%20Unavailable%5Cn%5Cn-%20Azure%20App%20Service%20is%20failing%20to%20start%20due%20to%20database%20migration%20issues%5Cn-%20Remove%20startup.sh%20temporarily%20to%20allow%20app%20to%20start%20without%20DB%20requirements%5Cn-%20Will%20re-add%20after%20configuring%20Azure%20environment%20variables%20properly%22%7D" method="POST" type="request" pid="824,1,28" Host="sharedthread-ggeheafjamb9hxc2.scm.centralus-01.azurewebsites.net" User-Agent="GITHUBACTIONS_DeployWebAppToAzure_df1ac74e5fcc350eb4fc3a077fcafa660132f4b2532732a238d3f4a07c967089" Authorization="Bas..." Content-Type="application/octet-stream" Cookie="ARRAffinity=53cb09fa1df56cad4377ddb96071183a2409f29839db9f7c48309c156a15e042;Path=/;HttpOnly;Secure;Domain=sharedthread-ggeheafjamb9hxc2.scm.centralus-01.azurewebsites.net; ARRAffinitySameSite=53cb09fa1df56cad4377ddb96071183a2409f29839db9f7c48309c156a15e042;Path=/;HttpOnly;SameSite=None;Secure;Domain=sharedthread-ggeheafjamb9hxc2.scm.centralus-01.azurewebsites.net" Transfer-Encoding="chunked" X-ARR-LOG-ID="3d2a0481-a41c-40c5-9688-cbe1863e292d" CLIENT-IP="172.182.213.2:5120" X-SITE-DEPLOYMENT-ID="sharedthread" WAS-DEFAULT-HOSTNAME="sharedthread-ggeheafjamb9hxc2.scm.centralus-01.azurewebsites.net" X-Forwarded-Proto="https" X-AppService-Proto="https" X-Forwarded-TlsVersion="1.3" X-WAWS-Unencoded-URL="/api/zipdeploy?isAsync=true&amp;deployer=GITHUB_ZIP_DEPLOY&amp;message=%7B%22type%22%3A%22deployment%22%2C%22sha%22%3A%22fcbbca11d83e74b3508d7afb66429896536c98c9%22%2C%22repoName%22%3A%22mxchestnut%2Fsharedthread%22%2C%22actor%22%3A%22mxchestnut%22%2C%22slotName%22%3A%22production%22%2C%22commitMessage%22%3A%22emergency%3A%20remove%20startup%20script%20to%20fix%20503%20Service%20Unavailable%5Cn%5Cn-%20Azure%20App%20Service%20is%20failing%20to%20start%20due%20to%20database%20migration%20issues%5Cn-%20Remove%20startup.sh%20temporarily%20to%20allow%20app%20to%20start%20without%20DB%20requirements%5Cn-%20Will%20re-add%20after%20configuring%20Azure%20environment%20variables%20properly%22%7D" X-Client-IP="172.182.213.2" X-Client-Port="5120" >
  <step title="Cleanup Xml Logs" date="2025-10-29T14:08:54.147" >
    <step title="Cleanup Infos" date="2025-10-29T14:08:54.244" totalFiles="284" totalCleanup="124" /><!-- duration: 85ms -->
  </step><!-- duration: 202ms -->
  <step title="ZipPushDeploy" date="2025-10-29T14:08:54.481" >
    <step title="ZipDeploy. Run from package. Ignore remote build." date="2025-10-29T14:08:54.602" /><!-- duration: 28ms -->
    <step title="Starting PushDeployAsync" date="2025-10-29T14:08:54.705" /><!-- duration: 75ms -->
    <step title="WEBSITE_RUN_FROM_PACKAGE is set to 1. Writing zip to SitePackagesPath" date="2025-10-29T14:08:54.863" /><!-- duration: 96ms -->
    <step title="Copying zip to SitePackages /home/data/SitePackages/20251029140854.zip from request body" date="2025-10-29T14:08:55.055" /><!-- duration: 83ms -->
    <step title="Writing multipart request body to /home/data/SitePackages/20251029140854.zip" date="2025-10-29T14:08:55.223" /><!-- duration: 49ms -->
    <step title="Deleting outdated zip file /home/data/SitePackages/20251028195851.zip" date="2025-10-29T14:09:11.938" /><!-- duration: 41ms -->
    <step title="Start deployment in the background" date="2025-10-29T14:09:12.006" >
      <step title="Acquiring Deployment Lock" date="2025-10-29T14:09:12.072" /><!-- duration: 3ms -->
      <step title="Acquired Deployment Lock" date="2025-10-29T14:09:12.122" /><!-- duration: 4ms -->
    </step><!-- duration: 247ms -->
  </step><!-- duration: 17806ms -->
  <step title="Outgoing response" date="2025-10-29T14:09:12.296" type="response" statusCode="202" statusText="Accepted" /><!-- duration: 10ms -->
</step><!-- duration: 18197ms -->
