<step title="Incoming Request" date="2025-10-29T14:00:54.417" instance="53cb09" url="/api/deployments/latest?deployer=GITHUB_ZIP_DEPLOY&amp;time=2025-10-29_14-00-45Z" method="GET" type="request" pid="824,1,20" Host="sharedthread-ggeheafjamb9hxc2.scm.centralus-01.azurewebsites.net" User-Agent="GITHUBACTIONS_DeployWebAppToAzure_df1ac74e5fcc350eb4fc3a077fcafa660132f4b2532732a238d3f4a07c967089" Authorization="Bas..." Content-Type="application/json; charset=utf-8" Cookie="ARRAffinity=53cb09fa1df56cad4377ddb96071183a2409f29839db9f7c48309c156a15e042;Path=/;HttpOnly;Secure;Domain=sharedthread-ggeheafjamb9hxc2.scm.centralus-01.azurewebsites.net; ARRAffinitySameSite=53cb09fa1df56cad4377ddb96071183a2409f29839db9f7c48309c156a15e042;Path=/;HttpOnly;SameSite=None;Secure;Domain=sharedthread-ggeheafjamb9hxc2.scm.centralus-01.azurewebsites.net" Content-Length="0" X-ARR-LOG-ID="32c21ad3-9eae-420a-995c-9723ade19f35" CLIENT-IP="145.132.100.71:50242" X-SITE-DEPLOYMENT-ID="sharedthread" WAS-DEFAULT-HOSTNAME="sharedthread-ggeheafjamb9hxc2.scm.centralus-01.azurewebsites.net" X-Forwarded-Proto="https" X-AppService-Proto="https" X-Forwarded-TlsVersion="1.3" X-WAWS-Unencoded-URL="/api/deployments/latest?deployer=GITHUB_ZIP_DEPLOY&amp;time=2025-10-29_14-00-45Z" X-Client-IP="145.132.100.71" X-Client-Port="50242" >
  <step title="Cleanup Xml Logs" date="2025-10-29T14:00:54.426" >
    <step title="Cleanup Infos" date="2025-10-29T14:00:54.463" totalFiles="273" totalCleanup="113" /><!-- duration: 28ms -->
  </step><!-- duration: 68ms -->
  <step title="DeploymentService.GetResult" date="2025-10-29T14:00:54.505" >
    <step title="DeploymentService.GetLatestDeployment" date="2025-10-29T14:00:54.513" >
      <step title="DeploymentManager.GetResults" date="2025-10-29T14:00:54.537" /><!-- duration: 1777ms -->
    </step><!-- duration: 1821ms -->
  </step><!-- duration: 1839ms -->
  <step title="Outgoing response" date="2025-10-29T14:00:56.371" type="response" statusCode="202" statusText="Accepted" /><!-- duration: 64ms -->
</step><!-- duration: 2037ms -->
