<step title="Incoming Request" date="2025-10-31T15:35:00.963" instance="53cb09" url="/api/deployments/latest?deployer=GITHUB_ZIP_DEPLOY&amp;time=2025-10-31_15-34-54Z" method="GET" type="request" pid="825,1,16" Host="sharedthread-ggeheafjamb9hxc2.scm.centralus-01.azurewebsites.net" User-Agent="GITHUBACTIONS_DeployWebAppToAzure_df1ac74e5fcc350eb4fc3a077fcafa660132f4b2532732a238d3f4a07c967089" Authorization="Bas..." Content-Type="application/json; charset=utf-8" Cookie="ARRAffinity=53cb09fa1df56cad4377ddb96071183a2409f29839db9f7c48309c156a15e042;Path=/;HttpOnly;Secure;Domain=sharedthread-ggeheafjamb9hxc2.scm.centralus-01.azurewebsites.net; ARRAffinitySameSite=53cb09fa1df56cad4377ddb96071183a2409f29839db9f7c48309c156a15e042;Path=/;HttpOnly;SameSite=None;Secure;Domain=sharedthread-ggeheafjamb9hxc2.scm.centralus-01.azurewebsites.net" Content-Length="0" X-ARR-LOG-ID="16dad915-a428-4fe2-8e2e-211c54ece247" CLIENT-IP="20.161.78.67:6145" X-SITE-DEPLOYMENT-ID="sharedthread" WAS-DEFAULT-HOSTNAME="sharedthread-ggeheafjamb9hxc2.scm.centralus-01.azurewebsites.net" X-Forwarded-Proto="https" X-AppService-Proto="https" X-Forwarded-TlsVersion="1.3" X-WAWS-Unencoded-URL="/api/deployments/latest?deployer=GITHUB_ZIP_DEPLOY&amp;time=2025-10-31_15-34-54Z" X-Client-IP="20.161.78.67" X-Client-Port="6145" >
  <step title="Cleanup Xml Logs" date="2025-10-31T15:35:00.966" >
    <step title="Cleanup Infos" date="2025-10-31T15:35:00.980" totalFiles="477" totalCleanup="317" /><!-- duration: 6ms -->
  </step><!-- duration: 29ms -->
  <step title="DeploymentService.GetResult" date="2025-10-31T15:35:01.017" >
    <step title="DeploymentService.GetLatestDeployment" date="2025-10-31T15:35:01.020" >
      <step title="DeploymentManager.GetResults" date="2025-10-31T15:35:01.024" /><!-- duration: 2899ms -->
    </step><!-- duration: 2952ms -->
  </step><!-- duration: 2960ms -->
  <step title="Outgoing response" date="2025-10-31T15:35:03.995" type="response" statusCode="202" statusText="Accepted" /><!-- duration: 15ms -->
</step><!-- duration: 3051ms -->
