<step title="BackgroundTrace" date="2025-10-28T18:54:29.276" instance="53cb09" url="/api/zipdeploy" method="POST" >
  <step title="Cleanup Xml Logs" date="2025-10-28T18:54:29.281" >
    <step title="Cleanup Infos" date="2025-10-28T18:54:29.297" totalFiles="215" totalCleanup="55" /><!-- duration: 7ms -->
  </step><!-- duration: 27ms -->
  <step title="Creating temporary deployment - FetchDeploymentManager" date="2025-10-28T18:54:29.399" /><!-- duration: 3ms -->
  <step title="Creating temporary deployment" date="2025-10-28T18:54:29.407" /><!-- duration: 110ms -->
  <step title="Performing fetch based deployment" date="2025-10-28T18:54:29.567" >
    <step title="Deployment timer started" date="2025-10-28T18:54:34.747" >
      <step title="DeploymentManager.Deploy(id:b09e5b6c-d7a4-4818-a560-805ed1f317ee)" date="2025-10-28T18:54:34.768" >
        <step title="Collecting changeset information" date="2025-10-28T18:54:34.828" /><!-- duration: 138ms -->
        <step title="Updating submodules" date="2025-10-28T18:54:34.973" /><!-- duration: 1187ms -->
        <step title="Determining deployment builder" date="2025-10-28T18:54:36.764" >
          <step title="Builder is RunFromZipSiteBuilder" date="2025-10-28T18:54:36.809" /><!-- duration: 7ms -->
        </step><!-- duration: 60ms -->
        <step title="PreDeployment: context.CleanOutputPath False" date="2025-10-28T18:54:37.452" >
          <step title="PreDeployment: context.OutputPath /home/site/wwwroot" date="2025-10-28T18:54:37.608" >
            <step title="Building" date="2025-10-28T18:54:37.773" >
              <step title="Triggering recycle (preview mode disabled)." date="2025-10-28T18:54:38.168" /><!-- duration: 16ms -->
              <step title="Modified file to trigger a restart of the app container." date="2025-10-28T18:54:38.224" /><!-- duration: 17ms -->
              <step title="Skip function trigger and logicapp sync because function is not enabled." date="2025-10-28T18:54:38.248" /><!-- duration: 23ms -->
              <step title="Purge deployment items" date="2025-10-28T18:54:39.725" >
                <step title="Remove 8fec6f2b-, Success, received at 10/28/2025 13:17:53" date="2025-10-28T18:54:39.851" /><!-- duration: 8ms -->
              </step><!-- duration: 144ms -->
            </step><!-- duration: 2220ms -->
          </step><!-- duration: 2390ms -->
          <step title="Cleaning up temp files" date="2025-10-28T18:54:40.001" /><!-- duration: 24ms -->
          <step title="Cleaning up temp files" date="2025-10-28T18:54:40.042" /><!-- duration: 513ms -->
          <step title="Reloading status file with latest updates" date="2025-10-28T18:54:40.593" >
            <step title="WebHooksManager.PublishEventAsync: PostDeployment" date="2025-10-28T18:54:40.598" /><!-- duration: 60ms -->
          </step><!-- duration: 68ms -->
          <step title="Cleaning up temporary deployment - fetch deployment was successful" date="2025-10-28T18:54:40.675" /><!-- duration: 3ms -->
        </step><!-- duration: 3321ms -->
      </step><!-- duration: 6027ms -->
