<step title="Incoming Request" date="2025-10-28T18:59:59.130" instance="53cb09" url="/api/zipdeploy?isAsync=true&amp;deployer=GITHUB_ZIP_DEPLOY&amp;message=%7B%22type%22%3A%22deployment%22%2C%22sha%22%3A%22832a0c8d3ceef1189bd688a6e2dbe4040dc522c3%22%2C%22repoName%22%3A%22mxchestnut%2Fsharedthread%22%2C%22actor%22%3A%22mxchestnut%22%2C%22slotName%22%3A%22production%22%2C%22commitMessage%22%3A%22Update%20TODO%20-%20mark%20User%20Profiles%20as%20completed%22%7D" method="POST" type="request" pid="824,1,34" Host="sharedthread-ggeheafjamb9hxc2.scm.centralus-01.azurewebsites.net" User-Agent="GITHUBACTIONS_DeployWebAppToAzure_df1ac74e5fcc350eb4fc3a077fcafa660132f4b2532732a238d3f4a07c967089" Authorization="Bas..." Content-Type="application/octet-stream" Cookie="ARRAffinity=53cb09fa1df56cad4377ddb96071183a2409f29839db9f7c48309c156a15e042;Path=/;HttpOnly;Secure;Domain=sharedthread-ggeheafjamb9hxc2.scm.centralus-01.azurewebsites.net; ARRAffinitySameSite=53cb09fa1df56cad4377ddb96071183a2409f29839db9f7c48309c156a15e042;Path=/;HttpOnly;SameSite=None;Secure;Domain=sharedthread-ggeheafjamb9hxc2.scm.centralus-01.azurewebsites.net" Transfer-Encoding="chunked" X-ARR-LOG-ID="2d9524d4-de3b-4875-8543-fd4f1fa5c790" CLIENT-IP="52.159.244.70:28672" X-SITE-DEPLOYMENT-ID="sharedthread" WAS-DEFAULT-HOSTNAME="sharedthread-ggeheafjamb9hxc2.scm.centralus-01.azurewebsites.net" X-Forwarded-Proto="https" X-AppService-Proto="https" X-Forwarded-TlsVersion="1.3" X-WAWS-Unencoded-URL="/api/zipdeploy?isAsync=true&amp;deployer=GITHUB_ZIP_DEPLOY&amp;message=%7B%22type%22%3A%22deployment%22%2C%22sha%22%3A%22832a0c8d3ceef1189bd688a6e2dbe4040dc522c3%22%2C%22repoName%22%3A%22mxchestnut%2Fsharedthread%22%2C%22actor%22%3A%22mxchestnut%22%2C%22slotName%22%3A%22production%22%2C%22commitMessage%22%3A%22Update%20TODO%20-%20mark%20User%20Profiles%20as%20completed%22%7D" X-Client-IP="52.159.244.70" X-Client-Port="28672" >
  <step title="ZipPushDeploy" date="2025-10-28T18:59:59.150" >
    <step title="ZipDeploy. Run from package. Ignore remote build." date="2025-10-28T18:59:59.172" /><!-- duration: 8ms -->
    <step title="Starting PushDeployAsync" date="2025-10-28T18:59:59.185" /><!-- duration: 7ms -->
    <step title="WEBSITE_RUN_FROM_PACKAGE is set to 1. Writing zip to SitePackagesPath" date="2025-10-28T18:59:59.204" /><!-- duration: 30ms -->
    <step title="Copying zip to SitePackages /home/data/SitePackages/20251028185959.zip from request body" date="2025-10-28T18:59:59.239" /><!-- duration: 4ms -->
    <step title="Writing multipart request body to /home/data/SitePackages/20251028185959.zip" date="2025-10-28T18:59:59.257" /><!-- duration: 18ms -->
    <step title="Deleting outdated zip file /home/data/SitePackages/20251028164238.zip" date="2025-10-28T19:00:28.714" /><!-- duration: 43ms -->
    <step title="Start deployment in the background" date="2025-10-28T19:00:28.784" >
      <step title="Acquiring Deployment Lock" date="2025-10-28T19:00:28.935" /><!-- duration: 9ms -->
      <step title="Acquired Deployment Lock" date="2025-10-28T19:00:29.000" /><!-- duration: 9ms -->
    </step><!-- duration: 470ms -->
  </step><!-- duration: 30121ms -->
  <step title="Outgoing response" date="2025-10-28T19:00:29.281" type="response" statusCode="202" statusText="Accepted" /><!-- duration: 9ms -->
</step><!-- duration: 30169ms -->
