<step title="Incoming Request" date="2025-10-31T05:20:52.526" instance="53cb09" url="/api/zipdeploy?isAsync=true&amp;deployer=GITHUB_ZIP_DEPLOY&amp;message=%7B%22type%22%3A%22deployment%22%2C%22sha%22%3A%226205c067805929a79d33cbf85da0ae21e25651ac%22%2C%22repoName%22%3A%22mxchestnut%2Fsharedthread%22%2C%22actor%22%3A%22mxchestnut%22%2C%22slotName%22%3A%22production%22%2C%22commitMessage%22%3A%22v1%3A%20initial%20clean%20history%22%7D" method="POST" type="request" pid="823,1,44" Host="sharedthread-ggeheafjamb9hxc2.scm.centralus-01.azurewebsites.net" User-Agent="GITHUBACTIONS_DeployWebAppToAzure_df1ac74e5fcc350eb4fc3a077fcafa660132f4b2532732a238d3f4a07c967089" Authorization="Bas..." Content-Type="application/octet-stream" Cookie="ARRAffinity=53cb09fa1df56cad4377ddb96071183a2409f29839db9f7c48309c156a15e042;Path=/;HttpOnly;Secure;Domain=sharedthread-ggeheafjamb9hxc2.scm.centralus-01.azurewebsites.net; ARRAffinitySameSite=53cb09fa1df56cad4377ddb96071183a2409f29839db9f7c48309c156a15e042;Path=/;HttpOnly;SameSite=None;Secure;Domain=sharedthread-ggeheafjamb9hxc2.scm.centralus-01.azurewebsites.net" Transfer-Encoding="chunked" X-ARR-LOG-ID="3aff0e52-da13-4458-bdda-28b17ee317d0" CLIENT-IP="57.151.128.194:19456" X-SITE-DEPLOYMENT-ID="sharedthread" WAS-DEFAULT-HOSTNAME="sharedthread-ggeheafjamb9hxc2.scm.centralus-01.azurewebsites.net" X-Forwarded-Proto="https" X-AppService-Proto="https" X-Forwarded-TlsVersion="1.3" X-WAWS-Unencoded-URL="/api/zipdeploy?isAsync=true&amp;deployer=GITHUB_ZIP_DEPLOY&amp;message=%7B%22type%22%3A%22deployment%22%2C%22sha%22%3A%226205c067805929a79d33cbf85da0ae21e25651ac%22%2C%22repoName%22%3A%22mxchestnut%2Fsharedthread%22%2C%22actor%22%3A%22mxchestnut%22%2C%22slotName%22%3A%22production%22%2C%22commitMessage%22%3A%22v1%3A%20initial%20clean%20history%22%7D" X-Client-IP="57.151.128.194" X-Client-Port="19456" >
  <step title="Cleanup Xml Logs" date="2025-10-31T05:20:52.562" >
    <step title="Cleanup Infos" date="2025-10-31T05:20:52.616" totalFiles="336" totalCleanup="176" /><!-- duration: 28ms -->
  </step><!-- duration: 92ms -->
  <step title="ZipPushDeploy" date="2025-10-31T05:20:52.817" >
    <step title="ZipDeploy. Run from package. Ignore remote build." date="2025-10-31T05:20:52.825" /><!-- duration: 3ms -->
    <step title="None repository commit" date="2025-10-31T05:20:52.844" >
      <step title="Commit id: 3f07794b-e71e-4567-8483-0e2f38921f43" date="2025-10-31T05:20:52.848" Message="N/A" AuthorName="N/A" AuthorEmail="N/A" /><!-- duration: 4ms -->
    </step><!-- duration: 12ms -->
    <step title="Starting PushDeployAsync" date="2025-10-31T05:20:52.863" /><!-- duration: 3ms -->
    <step title="WEBSITE_RUN_FROM_PACKAGE is set to 1. Writing zip to SitePackagesPath" date="2025-10-31T05:20:52.908" /><!-- duration: 7ms -->
    <step title="Copying zip to SitePackages /home/data/SitePackages/20251031052052.zip from request body" date="2025-10-31T05:20:52.934" /><!-- duration: 4ms -->
    <step title="Writing multipart request body to /home/data/SitePackages/20251031052052.zip" date="2025-10-31T05:20:52.942" /><!-- duration: 10ms -->
    <step title="Deleting outdated zip file /home/data/SitePackages/20251029152803.zip" date="2025-10-31T05:21:15.251" /><!-- duration: 35ms -->
    <step title="Start deployment in the background" date="2025-10-31T05:21:15.300" >
      <step title="Acquiring Deployment Lock" date="2025-10-31T05:21:15.356" /><!-- duration: 16ms -->
      <step title="Acquired Deployment Lock" date="2025-10-31T05:21:15.427" /><!-- duration: 3ms -->
    </step><!-- duration: 288ms -->
  </step><!-- duration: 22792ms -->
  <step title="Outgoing response" date="2025-10-31T05:21:15.627" type="response" statusCode="202" statusText="Accepted" /><!-- duration: 8ms -->
</step><!-- duration: 23112ms -->
