<step title="Incoming Request" date="2025-10-28T08:05:32.600" instance="53cb09" url="/api/zipdeploy?isAsync=true&amp;deployer=GITHUB_ZIP_DEPLOY&amp;message=%7B%22type%22%3A%22deployment%22%2C%22sha%22%3A%228f69d3862f039b554554114c644db917f87ec7e3%22%2C%22repoName%22%3A%22mxchestnut%2Fsharedthread%22%2C%22actor%22%3A%22mxchestnut%22%2C%22slotName%22%3A%22production%22%2C%22commitMessage%22%3A%22%F0%9F%94%8D%20Add%20environment%20diagnostic%20endpoint%20for%20troubleshooting%20auth%20issues%22%7D" method="POST" type="request" pid="825,1,74" Host="sharedthread-ggeheafjamb9hxc2.scm.centralus-01.azurewebsites.net" User-Agent="GITHUBACTIONS_DeployWebAppToAzure_df1ac74e5fcc350eb4fc3a077fcafa660132f4b2532732a238d3f4a07c967089" Authorization="Bas..." Content-Type="application/octet-stream" Cookie="ARRAffinity=53cb09fa1df56cad4377ddb96071183a2409f29839db9f7c48309c156a15e042;Path=/;HttpOnly;Secure;Domain=sharedthread-ggeheafjamb9hxc2.scm.centralus-01.azurewebsites.net; ARRAffinitySameSite=53cb09fa1df56cad4377ddb96071183a2409f29839db9f7c48309c156a15e042;Path=/;HttpOnly;SameSite=None;Secure;Domain=sharedthread-ggeheafjamb9hxc2.scm.centralus-01.azurewebsites.net" Transfer-Encoding="chunked" X-ARR-LOG-ID="1fe82674-0438-4ade-b74e-f669287d17cf" CLIENT-IP="20.55.15.6:33792" X-SITE-DEPLOYMENT-ID="sharedthread" WAS-DEFAULT-HOSTNAME="sharedthread-ggeheafjamb9hxc2.scm.centralus-01.azurewebsites.net" X-Forwarded-Proto="https" X-AppService-Proto="https" X-Forwarded-TlsVersion="1.3" X-WAWS-Unencoded-URL="/api/zipdeploy?isAsync=true&amp;deployer=GITHUB_ZIP_DEPLOY&amp;message=%7B%22type%22%3A%22deployment%22%2C%22sha%22%3A%228f69d3862f039b554554114c644db917f87ec7e3%22%2C%22repoName%22%3A%22mxchestnut%2Fsharedthread%22%2C%22actor%22%3A%22mxchestnut%22%2C%22slotName%22%3A%22production%22%2C%22commitMessage%22%3A%22%F0%9F%94%8D%20Add%20environment%20diagnostic%20endpoint%20for%20troubleshooting%20auth%20issues%22%7D" X-Client-IP="20.55.15.6" X-Client-Port="33792" >
  <step title="Cleanup Xml Logs" date="2025-10-28T08:05:32.609" /><!-- duration: 8ms -->
  <step title="ZipPushDeploy" date="2025-10-28T08:05:32.723" >
    <step title="ZipDeploy. Run from package. Ignore remote build." date="2025-10-28T08:05:32.749" /><!-- duration: 8ms -->
    <step title="Starting PushDeployAsync" date="2025-10-28T08:05:32.772" /><!-- duration: 24ms -->
    <step title="WEBSITE_RUN_FROM_PACKAGE is set to 1. Writing zip to SitePackagesPath" date="2025-10-28T08:05:32.827" /><!-- duration: 17ms -->
    <step title="Copying zip to SitePackages /home/data/SitePackages/20251028080532.zip from request body" date="2025-10-28T08:05:32.872" /><!-- duration: 20ms -->
    <step title="Writing multipart request body to /home/data/SitePackages/20251028080532.zip" date="2025-10-28T08:05:32.896" /><!-- duration: 27ms -->
    <step title="Start deployment in the background" date="2025-10-28T08:05:42.936" >
      <step title="Acquiring Deployment Lock" date="2025-10-28T08:05:43.017" /><!-- duration: 4ms -->
      <step title="Acquired Deployment Lock" date="2025-10-28T08:05:43.063" /><!-- duration: 4ms -->
    </step><!-- duration: 283ms -->
  </step><!-- duration: 10520ms -->
  <step title="Outgoing response" date="2025-10-28T08:05:43.262" type="response" statusCode="202" statusText="Accepted" /><!-- duration: 10ms -->
</step><!-- duration: 10679ms -->
