<step title="BackgroundTrace" date="2025-10-28T13:58:18.401" instance="53cb09" url="/api/zipdeploy" method="POST" >
  <step title="Cleanup Xml Logs" date="2025-10-28T13:58:18.421" /><!-- duration: 185ms -->
  <step title="Creating temporary deployment - FetchDeploymentManager" date="2025-10-28T13:58:18.855" /><!-- duration: 8ms -->
  <step title="Creating temporary deployment" date="2025-10-28T13:58:18.873" /><!-- duration: 197ms -->
  <step title="Performing fetch based deployment" date="2025-10-28T13:58:19.308" >
    <step title="Deployment timer started" date="2025-10-28T13:58:24.960" >
      <step title="DeploymentManager.Deploy(id:dc2b0c48-c392-4c31-b2d2-b3c58d35692b)" date="2025-10-28T13:58:25.001" >
        <step title="Collecting changeset information" date="2025-10-28T13:58:25.130" /><!-- duration: 228ms -->
        <step title="Updating submodules" date="2025-10-28T13:58:25.368" /><!-- duration: 1209ms -->
        <step title="Determining deployment builder" date="2025-10-28T13:58:27.219" >
          <step title="Builder is RunFromZipSiteBuilder" date="2025-10-28T13:58:27.349" /><!-- duration: 26ms -->
        </step><!-- duration: 195ms -->
        <step title="PreDeployment: context.CleanOutputPath False" date="2025-10-28T13:58:28.750" >
          <step title="PreDeployment: context.OutputPath /home/site/wwwroot" date="2025-10-28T13:58:28.958" >
            <step title="Building" date="2025-10-28T13:58:29.242" >
              <step title="Triggering recycle (preview mode disabled)." date="2025-10-28T13:58:30.082" /><!-- duration: 20ms -->
              <step title="Modified file to trigger a restart of the app container." date="2025-10-28T13:58:30.196" /><!-- duration: 19ms -->
              <step title="Skip function trigger and logicapp sync because function is not enabled." date="2025-10-28T13:58:30.224" /><!-- duration: 19ms -->
              <step title="Purge deployment items" date="2025-10-28T13:58:33.077" >
                <step title="Remove f4d3fe29-, Success, received at 10/28/2025 10:01:29" date="2025-10-28T13:58:33.219" /><!-- duration: 9ms -->
              </step><!-- duration: 162ms -->
            </step><!-- duration: 4219ms -->
          </step><!-- duration: 4514ms -->
          <step title="Cleaning up temp files" date="2025-10-28T13:58:33.489" /><!-- duration: 96ms -->
          <step title="Cleaning up temp files" date="2025-10-28T13:58:33.596" /><!-- duration: 536ms -->
          <step title="Reloading status file with latest updates" date="2025-10-28T13:58:35.792" >
            <step title="WebHooksManager.PublishEventAsync: PostDeployment" date="2025-10-28T13:58:35.802" /><!-- duration: 109ms -->
          </step><!-- duration: 157ms -->
          <step title="Cleaning up temporary deployment - fetch deployment was successful" date="2025-10-28T13:58:35.977" /><!-- duration: 28ms -->
        </step><!-- duration: 7449ms -->
      </step><!-- duration: 11383ms -->
