<step title="Incoming Request" date="2025-10-30T23:07:24.420" instance="53cb09" url="/api/deployments/latest?deployer=GITHUB_ZIP_DEPLOY&amp;time=2025-10-30_23-07-24Z" method="GET" type="request" pid="822,1,41" Host="sharedthread-ggeheafjamb9hxc2.scm.centralus-01.azurewebsites.net" User-Agent="GITHUBACTIONS_DeployWebAppToAzure_df1ac74e5fcc350eb4fc3a077fcafa660132f4b2532732a238d3f4a07c967089" Authorization="Bas..." Content-Type="application/json; charset=utf-8" Cookie="ARRAffinity=53cb09fa1df56cad4377ddb96071183a2409f29839db9f7c48309c156a15e042;Path=/;HttpOnly;Secure;Domain=sharedthread-ggeheafjamb9hxc2.scm.centralus-01.azurewebsites.net; ARRAffinitySameSite=53cb09fa1df56cad4377ddb96071183a2409f29839db9f7c48309c156a15e042;Path=/;HttpOnly;SameSite=None;Secure;Domain=sharedthread-ggeheafjamb9hxc2.scm.centralus-01.azurewebsites.net" Content-Length="0" X-ARR-LOG-ID="ded05be4-db8d-4298-a5a9-2a74cd79a3df" CLIENT-IP="135.232.177.163:25616" X-SITE-DEPLOYMENT-ID="sharedthread" WAS-DEFAULT-HOSTNAME="sharedthread-ggeheafjamb9hxc2.scm.centralus-01.azurewebsites.net" X-Forwarded-Proto="https" X-AppService-Proto="https" X-Forwarded-TlsVersion="1.3" X-WAWS-Unencoded-URL="/api/deployments/latest?deployer=GITHUB_ZIP_DEPLOY&amp;time=2025-10-30_23-07-24Z" X-Client-IP="135.232.177.163" X-Client-Port="25616" >
  <step title="Cleanup Xml Logs" date="2025-10-30T23:07:24.457" >
    <step title="Cleanup Infos" date="2025-10-30T23:07:24.523" totalFiles="330" totalCleanup="170" /><!-- duration: 28ms -->
  </step><!-- duration: 114ms -->
  <step title="DeploymentService.GetResult" date="2025-10-30T23:07:24.675" >
    <step title="DeploymentService.GetLatestDeployment" date="2025-10-30T23:07:24.714" >
      <step title="DeploymentManager.GetResults" date="2025-10-30T23:07:24.723" /><!-- duration: 8905ms -->
    </step><!-- duration: 8980ms -->
  </step><!-- duration: 9049ms -->
  <step title="Outgoing response" date="2025-10-30T23:07:33.839" type="response" statusCode="202" statusText="Accepted" /><!-- duration: 10ms -->
</step><!-- duration: 9438ms -->
