<step title="Incoming Request" date="2025-10-28T08:06:07.188" instance="53cb09" url="/api/zipdeploy?isAsync=true&amp;deployer=GITHUB_ZIP_DEPLOY&amp;message=%7B%22type%22%3A%22deployment%22%2C%22sha%22%3A%22fa3c99a90b8557708e445c3b83319f975a1dd901%22%2C%22repoName%22%3A%22mxchestnut%2Fsharedthread%22%2C%22actor%22%3A%22mxchestnut%22%2C%22slotName%22%3A%22production%22%2C%22commitMessage%22%3A%22%F0%9F%94%A7%20Fix%20JWT%20secret%20mismatch%20between%20auth.ts%20and%20auth-middleware.ts%20causing%20401%20errors%22%7D" method="POST" type="request" pid="825,1,71" Host="sharedthread-ggeheafjamb9hxc2.scm.centralus-01.azurewebsites.net" User-Agent="GITHUBACTIONS_DeployWebAppToAzure_df1ac74e5fcc350eb4fc3a077fcafa660132f4b2532732a238d3f4a07c967089" Authorization="Bas..." Content-Type="application/octet-stream" Cookie="ARRAffinity=53cb09fa1df56cad4377ddb96071183a2409f29839db9f7c48309c156a15e042;Path=/;HttpOnly;Secure;Domain=sharedthread-ggeheafjamb9hxc2.scm.centralus-01.azurewebsites.net; ARRAffinitySameSite=53cb09fa1df56cad4377ddb96071183a2409f29839db9f7c48309c156a15e042;Path=/;HttpOnly;SameSite=None;Secure;Domain=sharedthread-ggeheafjamb9hxc2.scm.centralus-01.azurewebsites.net" Transfer-Encoding="chunked" X-ARR-LOG-ID="1a51ab31-6fae-4e93-8a09-a44e98a33a93" CLIENT-IP="20.81.159.112:43968" X-SITE-DEPLOYMENT-ID="sharedthread" WAS-DEFAULT-HOSTNAME="sharedthread-ggeheafjamb9hxc2.scm.centralus-01.azurewebsites.net" X-Forwarded-Proto="https" X-AppService-Proto="https" X-Forwarded-TlsVersion="1.3" X-WAWS-Unencoded-URL="/api/zipdeploy?isAsync=true&amp;deployer=GITHUB_ZIP_DEPLOY&amp;message=%7B%22type%22%3A%22deployment%22%2C%22sha%22%3A%22fa3c99a90b8557708e445c3b83319f975a1dd901%22%2C%22repoName%22%3A%22mxchestnut%2Fsharedthread%22%2C%22actor%22%3A%22mxchestnut%22%2C%22slotName%22%3A%22production%22%2C%22commitMessage%22%3A%22%F0%9F%94%A7%20Fix%20JWT%20secret%20mismatch%20between%20auth.ts%20and%20auth-middleware.ts%20causing%20401%20errors%22%7D" X-Client-IP="20.81.159.112" X-Client-Port="43968" >
  <step title="Cleanup Xml Logs" date="2025-10-28T08:06:07.289" /><!-- duration: 111ms -->
  <step title="ZipPushDeploy" date="2025-10-28T08:06:07.438" >
    <step title="ZipDeploy. Run from package. Ignore remote build." date="2025-10-28T08:06:07.455" /><!-- duration: 3ms -->
    <step title="Starting PushDeployAsync" date="2025-10-28T08:06:07.494" /><!-- duration: 12ms -->
    <step title="WEBSITE_RUN_FROM_PACKAGE is set to 1. Writing zip to SitePackagesPath" date="2025-10-28T08:06:07.523" /><!-- duration: 29ms -->
    <step title="Copying zip to SitePackages /home/data/SitePackages/20251028080607.zip from request body" date="2025-10-28T08:06:07.570" /><!-- duration: 37ms -->
    <step title="Writing multipart request body to /home/data/SitePackages/20251028080607.zip" date="2025-10-28T08:06:07.615" /><!-- duration: 12ms -->
    <step title="Start deployment in the background" date="2025-10-28T08:06:19.188" >
      <step title="Acquiring Deployment Lock" date="2025-10-28T08:06:19.285" /><!-- duration: 12ms -->
      <step title="Acquired Deployment Lock" date="2025-10-28T08:06:19.351" /><!-- duration: 9ms -->
    </step><!-- duration: 439ms -->
  </step><!-- duration: 12205ms -->
  <step title="Outgoing response" date="2025-10-28T08:06:19.671" type="response" statusCode="202" statusText="Accepted" /><!-- duration: 17ms -->
</step><!-- duration: 12511ms -->
