<step title="Incoming Request" date="2025-10-28T16:36:51.364" instance="53cb09" url="/api/zipdeploy?isAsync=true&amp;deployer=GITHUB_ZIP_DEPLOY&amp;message=%7B%22type%22%3A%22deployment%22%2C%22sha%22%3A%22b3fc8e7acc08a27a63bf50a53397cde7c8f4e8bb%22%2C%22repoName%22%3A%22mxchestnut%2Fsharedthread%22%2C%22actor%22%3A%22mxchestnut%22%2C%22slotName%22%3A%22production%22%2C%22commitMessage%22%3A%22Update%20TODO%20-%20mark%20enhanced%20signup%20as%20completed%20(needs%20migration)%22%7D" method="POST" type="request" pid="824,1,34" Host="sharedthread-ggeheafjamb9hxc2.scm.centralus-01.azurewebsites.net" User-Agent="GITHUBACTIONS_DeployWebAppToAzure_df1ac74e5fcc350eb4fc3a077fcafa660132f4b2532732a238d3f4a07c967089" Authorization="Bas..." Content-Type="application/octet-stream" Cookie="ARRAffinity=53cb09fa1df56cad4377ddb96071183a2409f29839db9f7c48309c156a15e042;Path=/;HttpOnly;Secure;Domain=sharedthread-ggeheafjamb9hxc2.scm.centralus-01.azurewebsites.net; ARRAffinitySameSite=53cb09fa1df56cad4377ddb96071183a2409f29839db9f7c48309c156a15e042;Path=/;HttpOnly;SameSite=None;Secure;Domain=sharedthread-ggeheafjamb9hxc2.scm.centralus-01.azurewebsites.net" Transfer-Encoding="chunked" X-ARR-LOG-ID="56ff8659-af80-4a40-ab27-38af19cb09ca" CLIENT-IP="64.236.200.120:45096" X-SITE-DEPLOYMENT-ID="sharedthread" WAS-DEFAULT-HOSTNAME="sharedthread-ggeheafjamb9hxc2.scm.centralus-01.azurewebsites.net" X-Forwarded-Proto="https" X-AppService-Proto="https" X-Forwarded-TlsVersion="1.3" X-WAWS-Unencoded-URL="/api/zipdeploy?isAsync=true&amp;deployer=GITHUB_ZIP_DEPLOY&amp;message=%7B%22type%22%3A%22deployment%22%2C%22sha%22%3A%22b3fc8e7acc08a27a63bf50a53397cde7c8f4e8bb%22%2C%22repoName%22%3A%22mxchestnut%2Fsharedthread%22%2C%22actor%22%3A%22mxchestnut%22%2C%22slotName%22%3A%22production%22%2C%22commitMessage%22%3A%22Update%20TODO%20-%20mark%20enhanced%20signup%20as%20completed%20(needs%20migration)%22%7D" X-Client-IP="64.236.200.120" X-Client-Port="45096" >
  <step title="Cleanup Xml Logs" date="2025-10-28T16:36:51.375" /><!-- duration: 22ms -->
  <step title="ZipPushDeploy" date="2025-10-28T16:36:51.630" >
    <step title="ZipDeploy. Run from package. Ignore remote build." date="2025-10-28T16:36:51.833" /><!-- duration: 8ms -->
    <step title="Starting PushDeployAsync" date="2025-10-28T16:36:51.863" /><!-- duration: 9ms -->
    <step title="WEBSITE_RUN_FROM_PACKAGE is set to 1. Writing zip to SitePackagesPath" date="2025-10-28T16:36:51.948" /><!-- duration: 7ms -->
    <step title="Copying zip to SitePackages /home/data/SitePackages/20251028163651.zip from request body" date="2025-10-28T16:36:51.991" /><!-- duration: 6ms -->
    <step title="Writing multipart request body to /home/data/SitePackages/20251028163651.zip" date="2025-10-28T16:36:52.046" /><!-- duration: 23ms -->
    <step title="Deleting outdated zip file /home/data/SitePackages/20251028135731.zip" date="2025-10-28T16:37:06.577" /><!-- duration: 27ms -->
    <step title="Start deployment in the background" date="2025-10-28T16:37:06.631" >
      <step title="Acquiring Deployment Lock" date="2025-10-28T16:37:06.768" /><!-- duration: 5ms -->
      <step title="Acquired Deployment Lock" date="2025-10-28T16:37:06.811" /><!-- duration: 4ms -->
    </step><!-- duration: 428ms -->
  </step><!-- duration: 15455ms -->
  <step title="Outgoing response" date="2025-10-28T16:37:07.094" type="response" statusCode="202" statusText="Accepted" /><!-- duration: 34ms -->
</step><!-- duration: 15775ms -->
