<step title="Incoming Request" date="2025-10-30T23:06:09.853" instance="53cb09" url="/api/zipdeploy?isAsync=true&amp;deployer=GITHUB_ZIP_DEPLOY&amp;message=%7B%22type%22%3A%22deployment%22%2C%22sha%22%3A%224680bdaa10d9c43f2f44bd50f5589b008eb23792%22%2C%22repoName%22%3A%22mxchestnut%2Fsharedthread%22%2C%22actor%22%3A%22mxchestnut%22%2C%22slotName%22%3A%22production%22%2C%22commitMessage%22%3A%22Add%20production%20startup%20script%20with%20Prisma%20migrations%22%7D" method="POST" type="request" pid="822,1,38" Host="sharedthread-ggeheafjamb9hxc2.scm.centralus-01.azurewebsites.net" User-Agent="GITHUBACTIONS_DeployWebAppToAzure_df1ac74e5fcc350eb4fc3a077fcafa660132f4b2532732a238d3f4a07c967089" Authorization="Bas..." Content-Type="application/octet-stream" Cookie="ARRAffinity=53cb09fa1df56cad4377ddb96071183a2409f29839db9f7c48309c156a15e042;Path=/;HttpOnly;Secure;Domain=sharedthread-ggeheafjamb9hxc2.scm.centralus-01.azurewebsites.net; ARRAffinitySameSite=53cb09fa1df56cad4377ddb96071183a2409f29839db9f7c48309c156a15e042;Path=/;HttpOnly;SameSite=None;Secure;Domain=sharedthread-ggeheafjamb9hxc2.scm.centralus-01.azurewebsites.net" Transfer-Encoding="chunked" X-ARR-LOG-ID="a597c0fd-492e-428c-96b2-bb2ad4bb41a7" CLIENT-IP="135.232.177.163:25616" X-SITE-DEPLOYMENT-ID="sharedthread" WAS-DEFAULT-HOSTNAME="sharedthread-ggeheafjamb9hxc2.scm.centralus-01.azurewebsites.net" X-Forwarded-Proto="https" X-AppService-Proto="https" X-Forwarded-TlsVersion="1.3" X-WAWS-Unencoded-URL="/api/zipdeploy?isAsync=true&amp;deployer=GITHUB_ZIP_DEPLOY&amp;message=%7B%22type%22%3A%22deployment%22%2C%22sha%22%3A%224680bdaa10d9c43f2f44bd50f5589b008eb23792%22%2C%22repoName%22%3A%22mxchestnut%2Fsharedthread%22%2C%22actor%22%3A%22mxchestnut%22%2C%22slotName%22%3A%22production%22%2C%22commitMessage%22%3A%22Add%20production%20startup%20script%20with%20Prisma%20migrations%22%7D" X-Client-IP="135.232.177.163" X-Client-Port="25616" >
  <step title="Cleanup Xml Logs" date="2025-10-30T23:06:09.987" >
    <step title="Cleanup Infos" date="2025-10-30T23:06:10.362" totalFiles="328" totalCleanup="168" /><!-- duration: 18ms -->
  </step><!-- duration: 411ms -->
  <step title="ZipPushDeploy" date="2025-10-30T23:06:10.491" >
    <step title="ZipDeploy. Run from package. Ignore remote build." date="2025-10-30T23:06:10.521" /><!-- duration: 8ms -->
    <step title="Starting PushDeployAsync" date="2025-10-30T23:06:10.595" /><!-- duration: 84ms -->
    <step title="WEBSITE_RUN_FROM_PACKAGE is set to 1. Writing zip to SitePackagesPath" date="2025-10-30T23:06:11.013" /><!-- duration: 55ms -->
    <step title="Copying zip to SitePackages /home/data/SitePackages/20251030230610.zip from request body" date="2025-10-30T23:06:11.134" /><!-- duration: 95ms -->
    <step title="Writing multipart request body to /home/data/SitePackages/20251030230610.zip" date="2025-10-30T23:06:11.314" /><!-- duration: 20ms -->
    <step title="Deleting outdated zip file /home/data/SitePackages/20251029141533.zip" date="2025-10-30T23:07:21.051" /><!-- duration: 259ms -->
    <step title="Start deployment in the background" date="2025-10-30T23:07:21.415" >
      <step title="Acquiring Deployment Lock" date="2025-10-30T23:07:21.585" /><!-- duration: 13ms -->
      <step title="Acquired Deployment Lock" date="2025-10-30T23:07:21.725" /><!-- duration: 21ms -->
    </step><!-- duration: 2734ms -->
  </step><!-- duration: 73713ms -->
  <step title="Outgoing response" date="2025-10-30T23:07:24.271" type="response" statusCode="202" statusText="Accepted" /><!-- duration: 19ms -->
</step><!-- duration: 74456ms -->
