<step title="Incoming Request" date="2025-10-29T15:28:02.199" instance="53cb09" url="/api/zipdeploy?isAsync=true&amp;deployer=GITHUB_ZIP_DEPLOY&amp;message=%7B%22type%22%3A%22deployment%22%2C%22sha%22%3A%223846c9206644463114553803de8cc625d8f16551%22%2C%22repoName%22%3A%22mxchestnut%2Fsharedthread%22%2C%22actor%22%3A%22mxchestnut%22%2C%22slotName%22%3A%22production%22%2C%22commitMessage%22%3A%22fix%3A%20update%20Azure%20deployment%20workflow%20for%20deleted%20slot%20issue%5Cn%5Cn-%20Change%20Node.js%20version%20from%2020%20to%2022%20to%20match%20package.json%20and%20Azure%5Cn-%20Explicitly%20target%20%27production%27%20slot%20to%20avoid%20deleted%20slot%20references%5Cn-%20Resolve%20404%20deployment%20slot%20error%20(ggeheafjamb9hxc2%20slot%20not%20found)%22%7D" method="POST" type="request" pid="823,1,20" Host="sharedthread-ggeheafjamb9hxc2.scm.centralus-01.azurewebsites.net" User-Agent="GITHUBACTIONS_DeployWebAppToAzure_df1ac74e5fcc350eb4fc3a077fcafa660132f4b2532732a238d3f4a07c967089" Authorization="Bas..." Content-Type="application/octet-stream" Cookie="ARRAffinity=53cb09fa1df56cad4377ddb96071183a2409f29839db9f7c48309c156a15e042;Path=/;HttpOnly;Secure;Domain=sharedthread-ggeheafjamb9hxc2.scm.centralus-01.azurewebsites.net; ARRAffinitySameSite=53cb09fa1df56cad4377ddb96071183a2409f29839db9f7c48309c156a15e042;Path=/;HttpOnly;SameSite=None;Secure;Domain=sharedthread-ggeheafjamb9hxc2.scm.centralus-01.azurewebsites.net" Transfer-Encoding="chunked" X-ARR-LOG-ID="976241cf-0d42-4c85-b392-d29ac8cd9d14" CLIENT-IP="52.159.229.4:27680" X-SITE-DEPLOYMENT-ID="sharedthread" WAS-DEFAULT-HOSTNAME="sharedthread-ggeheafjamb9hxc2.scm.centralus-01.azurewebsites.net" X-Forwarded-Proto="https" X-AppService-Proto="https" X-Forwarded-TlsVersion="1.3" X-WAWS-Unencoded-URL="/api/zipdeploy?isAsync=true&amp;deployer=GITHUB_ZIP_DEPLOY&amp;message=%7B%22type%22%3A%22deployment%22%2C%22sha%22%3A%223846c9206644463114553803de8cc625d8f16551%22%2C%22repoName%22%3A%22mxchestnut%2Fsharedthread%22%2C%22actor%22%3A%22mxchestnut%22%2C%22slotName%22%3A%22production%22%2C%22commitMessage%22%3A%22fix%3A%20update%20Azure%20deployment%20workflow%20for%20deleted%20slot%20issue%5Cn%5Cn-%20Change%20Node.js%20version%20from%2020%20to%2022%20to%20match%20package.json%20and%20Azure%5Cn-%20Explicitly%20target%20%27production%27%20slot%20to%20avoid%20deleted%20slot%20references%5Cn-%20Resolve%20404%20deployment%20slot%20error%20(ggeheafjamb9hxc2%20slot%20not%20found)%22%7D" X-Client-IP="52.159.229.4" X-Client-Port="27680" >
  <step title="Cleanup Xml Logs" date="2025-10-29T15:28:02.207" >
    <step title="Cleanup Infos" date="2025-10-29T15:28:02.286" totalFiles="298" totalCleanup="138" /><!-- duration: 37ms -->
  </step><!-- duration: 267ms -->
  <step title="ZipPushDeploy" date="2025-10-29T15:28:03.294" >
    <step title="ZipDeploy. Run from package. Ignore remote build." date="2025-10-29T15:28:03.343" /><!-- duration: 17ms -->
    <step title="None repository commit" date="2025-10-29T15:28:03.476" >
      <step title="Commit id: fc995685-ffbb-44c3-96ba-f3a5adab8b8e" date="2025-10-29T15:28:03.513" Message="N/A" AuthorName="N/A" AuthorEmail="N/A" /><!-- duration: 10ms -->
    </step><!-- duration: 58ms -->
    <step title="Starting PushDeployAsync" date="2025-10-29T15:28:03.551" /><!-- duration: 39ms -->
    <step title="WEBSITE_RUN_FROM_PACKAGE is set to 1. Writing zip to SitePackagesPath" date="2025-10-29T15:28:03.752" /><!-- duration: 10ms -->
    <step title="Copying zip to SitePackages /home/data/SitePackages/20251029152803.zip from request body" date="2025-10-29T15:28:03.781" /><!-- duration: 16ms -->
    <step title="Writing multipart request body to /home/data/SitePackages/20251029152803.zip" date="2025-10-29T15:28:03.816" /><!-- duration: 39ms -->
    <step title="Deleting outdated zip file /home/data/SitePackages/20251029104006.zip" date="2025-10-29T15:28:21.044" /><!-- duration: 16ms -->
    <step title="Start deployment in the background" date="2025-10-29T15:28:21.110" >
      <step title="Acquiring Deployment Lock" date="2025-10-29T15:28:21.204" /><!-- duration: 27ms -->
      <step title="Acquired Deployment Lock" date="2025-10-29T15:28:21.551" /><!-- duration: 9ms -->
    </step><!-- duration: 849ms -->
  </step><!-- duration: 18737ms -->
  <step title="Outgoing response" date="2025-10-29T15:28:22.175" type="response" statusCode="202" statusText="Accepted" /><!-- duration: 15ms -->
</step><!-- duration: 20000ms -->
