<step title="Incoming Request" date="2025-10-28T09:54:52.531" instance="53cb09" url="/api/zipdeploy?isAsync=true&amp;deployer=GITHUB_ZIP_DEPLOY&amp;message=%7B%22type%22%3A%22deployment%22%2C%22sha%22%3A%22f5e78706326ed5987a8ff74fa9690fa8809629cf%22%2C%22repoName%22%3A%22mxchestnut%2Fsharedthread%22%2C%22actor%22%3A%22mxchestnut%22%2C%22slotName%22%3A%22production%22%2C%22commitMessage%22%3A%22Fix%20community%20proposals%20to%20use%20real%20API%20instead%20of%20mock%20data%5Cn%5Cn-%20Replace%20mock%20data%20with%20actual%20API%20calls%5Cn-%20Add%20loading%20states%20and%20error%20handling%5Cn-%20Fetch%20existing%20proposals%20on%20page%20load%5Cn-%20Properly%20refresh%20proposals%20list%20after%20submission%5Cn-%20Fix%20data%20type%20handling%20for%20dates%22%7D" method="POST" type="request" pid="823,1,39" Host="sharedthread-ggeheafjamb9hxc2.scm.centralus-01.azurewebsites.net" User-Agent="GITHUBACTIONS_DeployWebAppToAzure_df1ac74e5fcc350eb4fc3a077fcafa660132f4b2532732a238d3f4a07c967089" Authorization="Bas..." Content-Type="application/octet-stream" Cookie="ARRAffinity=53cb09fa1df56cad4377ddb96071183a2409f29839db9f7c48309c156a15e042;Path=/;HttpOnly;Secure;Domain=sharedthread-ggeheafjamb9hxc2.scm.centralus-01.azurewebsites.net; ARRAffinitySameSite=53cb09fa1df56cad4377ddb96071183a2409f29839db9f7c48309c156a15e042;Path=/;HttpOnly;SameSite=None;Secure;Domain=sharedthread-ggeheafjamb9hxc2.scm.centralus-01.azurewebsites.net" Transfer-Encoding="chunked" X-ARR-LOG-ID="45d8d12a-217e-4f89-9c02-f18fc3f38fe1" CLIENT-IP="40.116.93.48:44032" X-SITE-DEPLOYMENT-ID="sharedthread" WAS-DEFAULT-HOSTNAME="sharedthread-ggeheafjamb9hxc2.scm.centralus-01.azurewebsites.net" X-Forwarded-Proto="https" X-AppService-Proto="https" X-Forwarded-TlsVersion="1.3" X-WAWS-Unencoded-URL="/api/zipdeploy?isAsync=true&amp;deployer=GITHUB_ZIP_DEPLOY&amp;message=%7B%22type%22%3A%22deployment%22%2C%22sha%22%3A%22f5e78706326ed5987a8ff74fa9690fa8809629cf%22%2C%22repoName%22%3A%22mxchestnut%2Fsharedthread%22%2C%22actor%22%3A%22mxchestnut%22%2C%22slotName%22%3A%22production%22%2C%22commitMessage%22%3A%22Fix%20community%20proposals%20to%20use%20real%20API%20instead%20of%20mock%20data%5Cn%5Cn-%20Replace%20mock%20data%20with%20actual%20API%20calls%5Cn-%20Add%20loading%20states%20and%20error%20handling%5Cn-%20Fetch%20existing%20proposals%20on%20page%20load%5Cn-%20Properly%20refresh%20proposals%20list%20after%20submission%5Cn-%20Fix%20data%20type%20handling%20for%20dates%22%7D" X-Client-IP="40.116.93.48" X-Client-Port="44032" >
  <step title="Cleanup Xml Logs" date="2025-10-28T09:54:52.540" /><!-- duration: 32ms -->
  <step title="ZipPushDeploy" date="2025-10-28T09:54:52.665" >
    <step title="ZipDeploy. Run from package. Ignore remote build." date="2025-10-28T09:54:52.687" /><!-- duration: 6ms -->
    <step title="Starting PushDeployAsync" date="2025-10-28T09:54:52.700" /><!-- duration: 4ms -->
    <step title="WEBSITE_RUN_FROM_PACKAGE is set to 1. Writing zip to SitePackagesPath" date="2025-10-28T09:54:52.735" /><!-- duration: 10ms -->
    <step title="Copying zip to SitePackages /home/data/SitePackages/20251028095452.zip from request body" date="2025-10-28T09:54:52.774" /><!-- duration: 8ms -->
    <step title="Writing multipart request body to /home/data/SitePackages/20251028095452.zip" date="2025-10-28T09:54:52.792" /><!-- duration: 18ms -->
    <step title="Deleting outdated zip file /home/data/SitePackages/20251028082140.zip" date="2025-10-28T09:55:06.952" /><!-- duration: 59ms -->
    <step title="Start deployment in the background" date="2025-10-28T09:55:07.204" >
      <step title="Acquiring Deployment Lock" date="2025-10-28T09:55:07.372" /><!-- duration: 35ms -->
      <step title="Acquired Deployment Lock" date="2025-10-28T09:55:07.550" /><!-- duration: 16ms -->
    </step><!-- duration: 1278ms -->
  </step><!-- duration: 15931ms -->
  <step title="Outgoing response" date="2025-10-28T09:55:08.614" type="response" statusCode="202" statusText="Accepted" /><!-- duration: 9ms -->
</step><!-- duration: 16110ms -->
