<step title="Incoming Request" date="2025-10-28T19:00:38.235" instance="53cb09" url="/api/deployments/latest?deployer=GITHUB_ZIP_DEPLOY&amp;time=2025-10-28_19-00-29Z" method="GET" type="request" pid="824,1,33" Host="sharedthread-ggeheafjamb9hxc2.scm.centralus-01.azurewebsites.net" User-Agent="GITHUBACTIONS_DeployWebAppToAzure_df1ac74e5fcc350eb4fc3a077fcafa660132f4b2532732a238d3f4a07c967089" Authorization="Bas..." Content-Type="application/json; charset=utf-8" Cookie="ARRAffinity=53cb09fa1df56cad4377ddb96071183a2409f29839db9f7c48309c156a15e042;Path=/;HttpOnly;Secure;Domain=sharedthread-ggeheafjamb9hxc2.scm.centralus-01.azurewebsites.net; ARRAffinitySameSite=53cb09fa1df56cad4377ddb96071183a2409f29839db9f7c48309c156a15e042;Path=/;HttpOnly;SameSite=None;Secure;Domain=sharedthread-ggeheafjamb9hxc2.scm.centralus-01.azurewebsites.net" Content-Length="0" X-ARR-LOG-ID="0ee4fc75-19b3-46c9-8b5a-705c92a200fa" CLIENT-IP="52.159.244.70:28673" X-SITE-DEPLOYMENT-ID="sharedthread" WAS-DEFAULT-HOSTNAME="sharedthread-ggeheafjamb9hxc2.scm.centralus-01.azurewebsites.net" X-Forwarded-Proto="https" X-AppService-Proto="https" X-Forwarded-TlsVersion="1.3" X-WAWS-Unencoded-URL="/api/deployments/latest?deployer=GITHUB_ZIP_DEPLOY&amp;time=2025-10-28_19-00-29Z" X-Client-IP="52.159.244.70" X-Client-Port="28673" >
  <step title="Cleanup Xml Logs" date="2025-10-28T19:00:38.280" >
    <step title="Cleanup Infos" date="2025-10-28T19:00:38.405" totalFiles="236" totalCleanup="76" /><!-- duration: 85ms -->
  </step><!-- duration: 268ms -->
  <step title="DeploymentService.GetResult" date="2025-10-28T19:00:38.662" >
    <step title="DeploymentService.GetLatestDeployment" date="2025-10-28T19:00:38.710" >
      <step title="DeploymentManager.GetResults" date="2025-10-28T19:00:38.740" /><!-- duration: 2419ms -->
    </step><!-- duration: 2506ms -->
  </step><!-- duration: 2571ms -->
  <step title="Outgoing response" date="2025-10-28T19:00:41.300" type="response" statusCode="202" statusText="Accepted" /><!-- duration: 56ms -->
</step><!-- duration: 3132ms -->
