<step title="Incoming Request" date="2025-10-29T16:28:30.185" instance="53cb09" url="/api/deployments/latest?deployer=GITHUB_ZIP_DEPLOY&amp;time=2025-10-29_16-28-23Z" method="GET" type="request" pid="823,1,75" Host="sharedthread-ggeheafjamb9hxc2.scm.centralus-01.azurewebsites.net" User-Agent="GITHUBACTIONS_DeployWebAppToAzure_df1ac74e5fcc350eb4fc3a077fcafa660132f4b2532732a238d3f4a07c967089" Authorization="Bas..." Content-Type="application/json; charset=utf-8" Cookie="ARRAffinity=53cb09fa1df56cad4377ddb96071183a2409f29839db9f7c48309c156a15e042;Path=/;HttpOnly;Secure;Domain=sharedthread-ggeheafjamb9hxc2.scm.centralus-01.azurewebsites.net; ARRAffinitySameSite=53cb09fa1df56cad4377ddb96071183a2409f29839db9f7c48309c156a15e042;Path=/;HttpOnly;SameSite=None;Secure;Domain=sharedthread-ggeheafjamb9hxc2.scm.centralus-01.azurewebsites.net" Content-Length="0" X-ARR-LOG-ID="b923e270-ef73-4319-b088-6b284353fda4" CLIENT-IP="57.151.128.196:41985" X-SITE-DEPLOYMENT-ID="sharedthread" WAS-DEFAULT-HOSTNAME="sharedthread-ggeheafjamb9hxc2.scm.centralus-01.azurewebsites.net" X-Forwarded-Proto="https" X-AppService-Proto="https" X-Forwarded-TlsVersion="1.3" X-WAWS-Unencoded-URL="/api/deployments/latest?deployer=GITHUB_ZIP_DEPLOY&amp;time=2025-10-29_16-28-23Z" X-Client-IP="57.151.128.196" X-Client-Port="41985" >
  <step title="Cleanup Xml Logs" date="2025-10-29T16:28:30.188" >
    <step title="Cleanup Infos" date="2025-10-29T16:28:30.198" totalFiles="315" totalCleanup="155" /><!-- duration: 5ms -->
  </step><!-- duration: 19ms -->
  <step title="DeploymentService.GetResult" date="2025-10-29T16:28:30.220" >
    <step title="DeploymentService.GetLatestDeployment" date="2025-10-29T16:28:30.224" >
      <step title="DeploymentManager.GetResults" date="2025-10-29T16:28:30.228" /><!-- duration: 544ms -->
    </step><!-- duration: 551ms -->
  </step><!-- duration: 558ms -->
  <step title="Outgoing response" date="2025-10-29T16:28:30.789" type="response" statusCode="202" statusText="Accepted" /><!-- duration: 19ms -->
</step><!-- duration: 627ms -->
