<step title="BackgroundTrace" date="2025-10-28T13:06:33.932" instance="53cb09" url="/api/zipdeploy" method="POST" >
  <step title="Cleanup Xml Logs" date="2025-10-28T13:06:33.948" /><!-- duration: 16ms -->
  <step title="Creating temporary deployment - FetchDeploymentManager" date="2025-10-28T13:06:34.029" /><!-- duration: 4ms -->
  <step title="Creating temporary deployment" date="2025-10-28T13:06:34.036" /><!-- duration: 126ms -->
  <step title="Performing fetch based deployment" date="2025-10-28T13:06:34.235" >
    <step title="Deployment timer started" date="2025-10-28T13:06:41.746" >
      <step title="DeploymentManager.Deploy(id:d3d0d755-c7b1-41fb-b510-aa414bd45cda)" date="2025-10-28T13:06:41.751" >
        <step title="Collecting changeset information" date="2025-10-28T13:06:41.807" /><!-- duration: 193ms -->
        <step title="Updating submodules" date="2025-10-28T13:06:42.015" /><!-- duration: 1121ms -->
        <step title="Determining deployment builder" date="2025-10-28T13:06:43.394" >
          <step title="Builder is RunFromZipSiteBuilder" date="2025-10-28T13:06:43.407" /><!-- duration: 9ms -->
        </step><!-- duration: 34ms -->
        <step title="PreDeployment: context.CleanOutputPath False" date="2025-10-28T13:06:43.491" >
          <step title="PreDeployment: context.OutputPath /home/site/wwwroot" date="2025-10-28T13:06:43.606" >
            <step title="Building" date="2025-10-28T13:06:43.760" >
              <step title="Triggering recycle (preview mode disabled)." date="2025-10-28T13:06:44.373" /><!-- duration: 14ms -->
              <step title="Modified file to trigger a restart of the app container." date="2025-10-28T13:06:44.421" /><!-- duration: 4ms -->
              <step title="Skip function trigger and logicapp sync because function is not enabled." date="2025-10-28T13:06:44.444" /><!-- duration: 12ms -->
              <step title="Purge deployment items" date="2025-10-28T13:06:46.123" >
                <step title="Remove 8d1e24fe-, Success, received at 10/28/2025 08:41:26" date="2025-10-28T13:06:46.242" /><!-- duration: 3ms -->
              </step><!-- duration: 128ms -->
            </step><!-- duration: 2562ms -->
          </step><!-- duration: 2722ms -->
          <step title="Cleaning up temp files" date="2025-10-28T13:06:46.331" /><!-- duration: 32ms -->
          <step title="Cleaning up temp files" date="2025-10-28T13:06:46.367" /><!-- duration: 612ms -->
          <step title="Reloading status file with latest updates" date="2025-10-28T13:06:47.030" >
            <step title="WebHooksManager.PublishEventAsync: PostDeployment" date="2025-10-28T13:06:47.035" /><!-- duration: 125ms -->
          </step><!-- duration: 136ms -->
          <step title="Cleaning up temporary deployment - fetch deployment was successful" date="2025-10-28T13:06:47.173" /><!-- duration: 3ms -->
        </step><!-- duration: 3755ms -->
      </step><!-- duration: 5521ms -->
