﻿<?xml version="1.0" encoding="utf-8"?>
<deployment>
  <id>71cfa014-7b4a-4e85-a3df-cbd4adc69565</id>
  <author>N/A</author>
  <deployer>GITHUB_ZIP_DEPLOY</deployer>
  <authorEmail>N/A</authorEmail>
  <message>{"type":"deployment","sha":"4680bdaa10d9c43f2f44bd50f5589b008eb23792","repoName":"mxchestnut/sharedthread","actor":"mxchestnut","slotName":"production","commitMessage":"Add production startup script with Prisma migrations"}</message>
  <progress></progress>
  <status>Success</status>
  <statusText></statusText>
  <lastSuccessEndTime>2025-10-30T23:07:46.2490879Z</lastSuccessEndTime>
  <receivedTime>2025-10-30T23:07:39.8922316Z</receivedTime>
  <startTime>2025-10-30T23:07:43.3346898Z</startTime>
  <endTime>2025-10-30T23:07:46.2490879Z</endTime>
  <complete>True</complete>
  <is_temp>False</is_temp>
  <is_readonly>True</is_readonly>
  <buildSummary />
</deployment>