﻿<?xml version="1.0" encoding="utf-8"?>
<deployment>
  <id>59077830-b9c3-434e-9e22-7cedf433c27a</id>
  <author>N/A</author>
  <deployer>GITHUB_ZIP_DEPLOY</deployer>
  <authorEmail>N/A</authorEmail>
  <message>{"type":"deployment","sha":"025a1a642903f96bae0646a667d4619adb08e170","repoName":"mxchestnut/sharedthread","actor":"mxchestnut","slotName":"production","commitMessage":"Clean up: Remove Azure log files and update gitignore\n\n- Remove accidentally committed LogFiles/ and deployments/\n- Update .gitignore to prevent future log commits"}</message>
  <progress></progress>
  <status>Success</status>
  <statusText></statusText>
  <lastSuccessEndTime>2025-11-01T12:21:08.599551Z</lastSuccessEndTime>
  <receivedTime>2025-11-01T12:21:05.6266737Z</receivedTime>
  <startTime>2025-11-01T12:21:06.9758297Z</startTime>
  <endTime>2025-11-01T12:21:08.599551Z</endTime>
  <complete>True</complete>
  <is_temp>False</is_temp>
  <is_readonly>True</is_readonly>
  <buildSummary />
</deployment>