﻿<?xml version="1.0" encoding="utf-8"?>
<deployment>
  <id>07340296-e8a4-472f-b857-a0a08f4d3d41</id>
  <author>N/A</author>
  <deployer>GITHUB_ZIP_DEPLOY</deployer>
  <authorEmail>N/A</authorEmail>
  <message>{"type":"deployment","sha":"5bf51d1a42ce33a7b13ff5e6688c5646d8df3375","repoName":"mxchestnut/sharedthread","actor":"mxchestnut","slotName":"production","commitMessage":"Production-ready deployment with Sentry, notifications, and security hardening\n\n- Added Sentry error monitoring integration\n- Migrated 213 console statements to error logger\n- Implemented notification triggers for 6 key flows\n- Added comprehensive deployment documentation\n- Security hardening: removed debug endpoints, improved auth\n- Created production deployment scripts\n- Added AI writing assistant and contextual help\n- Implemented moderation appeals system\n- Added Tailscale VPN integration\n- Complete production readiness (95/100 score)"}</message>
  <progress></progress>
  <status>Success</status>
  <statusText></statusText>
  <lastSuccessEndTime>2025-10-30T22:55:13.7152226Z</lastSuccessEndTime>
  <receivedTime>2025-10-30T22:55:10.1076269Z</receivedTime>
  <startTime>2025-10-30T22:55:12.1098603Z</startTime>
  <endTime>2025-10-30T22:55:13.7152226Z</endTime>
  <complete>True</complete>
  <is_temp>False</is_temp>
  <is_readonly>True</is_readonly>
  <buildSummary />
</deployment>