﻿<?xml version="1.0" encoding="utf-8"?>
<deployment>
  <id>99771e48-26b6-449c-bb95-8d41ea7b3f71</id>
  <author>N/A</author>
  <deployer>GITHUB_ZIP_DEPLOY</deployer>
  <authorEmail>N/A</authorEmail>
  <message>{"type":"deployment","sha":"879427b75b8bdfbb0514d01da8799b4c3c0c217f","repoName":"mxchestnut/sharedthread","actor":"mxchestnut","slotName":"production","commitMessage":"chore: add cleanup-actions-runs.sh for bulk deletion of Actions runs/artifacts/logs"}</message>
  <progress></progress>
  <status>Success</status>
  <statusText></statusText>
  <lastSuccessEndTime>2025-10-31T05:31:00.9189102Z</lastSuccessEndTime>
  <receivedTime>2025-10-31T05:30:57.1282196Z</receivedTime>
  <startTime>2025-10-31T05:30:58.7989703Z</startTime>
  <endTime>2025-10-31T05:31:00.9189102Z</endTime>
  <complete>True</complete>
  <is_temp>False</is_temp>
  <is_readonly>True</is_readonly>
  <buildSummary />
</deployment>