﻿<?xml version="1.0" encoding="utf-8"?>
<deployment>
  <id>b7c70a8c-817c-4329-bf3a-2e614acfc1c0</id>
  <author>N/A</author>
  <deployer>GITHUB_ZIP_DEPLOY</deployer>
  <authorEmail>N/A</authorEmail>
  <message>{"type":"deployment","sha":"86288206f7222e6fdb568bfcfe527b8d2a2e5773","repoName":"mxchestnut/sharedthread","actor":"mxchestnut","slotName":"production","commitMessage":"debug: test NextAuth signin endpoint internally"}</message>
  <progress></progress>
  <status>Success</status>
  <statusText></statusText>
  <lastSuccessEndTime>2025-11-01T11:35:54.2087391Z</lastSuccessEndTime>
  <receivedTime>2025-11-01T11:35:50.5669176Z</receivedTime>
  <startTime>2025-11-01T11:35:52.5973571Z</startTime>
  <endTime>2025-11-01T11:35:54.2087391Z</endTime>
  <complete>True</complete>
  <is_temp>False</is_temp>
  <is_readonly>True</is_readonly>
  <buildSummary />
</deployment>