<step title="BackgroundTrace" date="2025-10-28T14:18:18.064" instance="53cb09" url="/api/zipdeploy" method="POST" >
  <step title="Cleanup Xml Logs" date="2025-10-28T14:18:18.066" /><!-- duration: 9ms -->
  <step title="Creating temporary deployment - FetchDeploymentManager" date="2025-10-28T14:18:18.218" /><!-- duration: 3ms -->
  <step title="Creating temporary deployment" date="2025-10-28T14:18:18.228" /><!-- duration: 173ms -->
  <step title="Performing fetch based deployment" date="2025-10-28T14:18:18.517" >
    <step title="Deployment timer started" date="2025-10-28T14:18:22.719" >
      <step title="DeploymentManager.Deploy(id:bc16891e-f727-4bfd-aab4-5460d43b4579)" date="2025-10-28T14:18:22.728" >
        <step title="Collecting changeset information" date="2025-10-28T14:18:22.780" /><!-- duration: 122ms -->
        <step title="Updating submodules" date="2025-10-28T14:18:22.917" /><!-- duration: 1157ms -->
        <step title="Determining deployment builder" date="2025-10-28T14:18:24.375" >
          <step title="Builder is RunFromZipSiteBuilder" date="2025-10-28T14:18:24.394" /><!-- duration: 9ms -->
        </step><!-- duration: 36ms -->
        <step title="PreDeployment: context.CleanOutputPath False" date="2025-10-28T14:18:24.485" >
          <step title="PreDeployment: context.OutputPath /home/site/wwwroot" date="2025-10-28T14:18:24.624" >
            <step title="Building" date="2025-10-28T14:18:24.803" >
              <step title="Triggering recycle (preview mode disabled)." date="2025-10-28T14:18:25.437" /><!-- duration: 22ms -->
              <step title="Modified file to trigger a restart of the app container." date="2025-10-28T14:18:25.530" /><!-- duration: 19ms -->
              <step title="Skip function trigger and logicapp sync because function is not enabled." date="2025-10-28T14:18:25.588" /><!-- duration: 26ms -->
              <step title="Purge deployment items" date="2025-10-28T14:18:28.181" >
                <step title="Remove a2e710ff-, Success, received at 10/28/2025 10:08:09" date="2025-10-28T14:18:28.323" /><!-- duration: 11ms -->
              </step><!-- duration: 181ms -->
            </step><!-- duration: 3692ms -->
          </step><!-- duration: 3882ms -->
          <step title="Cleaning up temp files" date="2025-10-28T14:18:28.517" /><!-- duration: 17ms -->
          <step title="Cleaning up temp files" date="2025-10-28T14:18:28.554" /><!-- duration: 521ms -->
          <step title="Reloading status file with latest updates" date="2025-10-28T14:18:29.144" >
            <step title="WebHooksManager.PublishEventAsync: PostDeployment" date="2025-10-28T14:18:29.164" /><!-- duration: 151ms -->
          </step><!-- duration: 187ms -->
          <step title="Cleaning up temporary deployment - fetch deployment was successful" date="2025-10-28T14:18:29.358" /><!-- duration: 4ms -->
        </step><!-- duration: 4980ms -->
      </step><!-- duration: 6778ms -->
