<step title="Incoming Request" date="2025-10-28T18:55:19.277" instance="53cb09" url="/api/deployments/latest?deployer=GITHUB_ZIP_DEPLOY&amp;time=2025-10-28_18-55-10Z" method="GET" type="request" pid="824,1,24" Host="sharedthread-ggeheafjamb9hxc2.scm.centralus-01.azurewebsites.net" User-Agent="GITHUBACTIONS_DeployWebAppToAzure_df1ac74e5fcc350eb4fc3a077fcafa660132f4b2532732a238d3f4a07c967089" Authorization="Bas..." Content-Type="application/json; charset=utf-8" Cookie="ARRAffinity=53cb09fa1df56cad4377ddb96071183a2409f29839db9f7c48309c156a15e042;Path=/;HttpOnly;Secure;Domain=sharedthread-ggeheafjamb9hxc2.scm.centralus-01.azurewebsites.net; ARRAffinitySameSite=53cb09fa1df56cad4377ddb96071183a2409f29839db9f7c48309c156a15e042;Path=/;HttpOnly;SameSite=None;Secure;Domain=sharedthread-ggeheafjamb9hxc2.scm.centralus-01.azurewebsites.net" Content-Length="0" X-ARR-LOG-ID="ff4810a4-fee7-49e1-8afd-c0856bd469b1" CLIENT-IP="20.171.55.53:11297" X-SITE-DEPLOYMENT-ID="sharedthread" WAS-DEFAULT-HOSTNAME="sharedthread-ggeheafjamb9hxc2.scm.centralus-01.azurewebsites.net" X-Forwarded-Proto="https" X-AppService-Proto="https" X-Forwarded-TlsVersion="1.3" X-WAWS-Unencoded-URL="/api/deployments/latest?deployer=GITHUB_ZIP_DEPLOY&amp;time=2025-10-28_18-55-10Z" X-Client-IP="20.171.55.53" X-Client-Port="11297" >
  <step title="Cleanup Xml Logs" date="2025-10-28T18:55:19.296" >
    <step title="Cleanup Infos" date="2025-10-28T18:55:19.354" totalFiles="222" totalCleanup="62" /><!-- duration: 29ms -->
  </step><!-- duration: 105ms -->
  <step title="DeploymentService.GetResult" date="2025-10-28T18:55:19.522" >
    <step title="DeploymentService.GetLatestDeployment" date="2025-10-28T18:55:19.560" >
      <step title="DeploymentManager.GetResults" date="2025-10-28T18:55:19.617" /><!-- duration: 1754ms -->
    </step><!-- duration: 1829ms -->
  </step><!-- duration: 1881ms -->
  <step title="Outgoing response" date="2025-10-28T18:55:21.429" type="response" statusCode="202" statusText="Accepted" /><!-- duration: 38ms -->
</step><!-- duration: 2193ms -->
