<step title="Incoming Request" date="2025-10-28T13:49:15.867" instance="53cb09" url="/api/zipdeploy?isAsync=true&amp;deployer=GITHUB_ZIP_DEPLOY&amp;message=%7B%22type%22%3A%22deployment%22%2C%22sha%22%3A%2243bbe04807bee45f26c55041999d4d9c8bf4e064%22%2C%22repoName%22%3A%22mxchestnut%2Fsharedthread%22%2C%22actor%22%3A%22mxchestnut%22%2C%22slotName%22%3A%22production%22%2C%22commitMessage%22%3A%22Restore%20Tailwind%20CSS%20v3%20with%20proper%20configuration%20and%20original%20warm%20design%22%7D" method="POST" type="request" pid="824,1,16" Host="sharedthread-ggeheafjamb9hxc2.scm.centralus-01.azurewebsites.net" User-Agent="GITHUBACTIONS_DeployWebAppToAzure_df1ac74e5fcc350eb4fc3a077fcafa660132f4b2532732a238d3f4a07c967089" Authorization="Bas..." Content-Type="application/octet-stream" Cookie="ARRAffinity=53cb09fa1df56cad4377ddb96071183a2409f29839db9f7c48309c156a15e042;Path=/;HttpOnly;Secure;Domain=sharedthread-ggeheafjamb9hxc2.scm.centralus-01.azurewebsites.net; ARRAffinitySameSite=53cb09fa1df56cad4377ddb96071183a2409f29839db9f7c48309c156a15e042;Path=/;HttpOnly;SameSite=None;Secure;Domain=sharedthread-ggeheafjamb9hxc2.scm.centralus-01.azurewebsites.net" Transfer-Encoding="chunked" X-ARR-LOG-ID="bca26fc0-5c88-47f7-92ab-e045d402ffa8" CLIENT-IP="20.161.30.201:22720" X-SITE-DEPLOYMENT-ID="sharedthread" WAS-DEFAULT-HOSTNAME="sharedthread-ggeheafjamb9hxc2.scm.centralus-01.azurewebsites.net" X-Forwarded-Proto="https" X-AppService-Proto="https" X-Forwarded-TlsVersion="1.3" X-WAWS-Unencoded-URL="/api/zipdeploy?isAsync=true&amp;deployer=GITHUB_ZIP_DEPLOY&amp;message=%7B%22type%22%3A%22deployment%22%2C%22sha%22%3A%2243bbe04807bee45f26c55041999d4d9c8bf4e064%22%2C%22repoName%22%3A%22mxchestnut%2Fsharedthread%22%2C%22actor%22%3A%22mxchestnut%22%2C%22slotName%22%3A%22production%22%2C%22commitMessage%22%3A%22Restore%20Tailwind%20CSS%20v3%20with%20proper%20configuration%20and%20original%20warm%20design%22%7D" X-Client-IP="20.161.30.201" X-Client-Port="22720" >
  <step title="Cleanup Xml Logs" date="2025-10-28T13:49:15.871" /><!-- duration: 43ms -->
  <step title="ZipPushDeploy" date="2025-10-28T13:49:16.008" >
    <step title="ZipDeploy. Run from package. Ignore remote build." date="2025-10-28T13:49:16.021" /><!-- duration: 13ms -->
    <step title="Starting PushDeployAsync" date="2025-10-28T13:49:16.042" /><!-- duration: 6ms -->
    <step title="WEBSITE_RUN_FROM_PACKAGE is set to 1. Writing zip to SitePackagesPath" date="2025-10-28T13:49:16.064" /><!-- duration: 4ms -->
    <step title="Copying zip to SitePackages /home/data/SitePackages/20251028134916.zip from request body" date="2025-10-28T13:49:16.126" /><!-- duration: 91ms -->
    <step title="Writing multipart request body to /home/data/SitePackages/20251028134916.zip" date="2025-10-28T13:49:16.221" /><!-- duration: 11ms -->
    <step title="Deleting outdated zip file /home/data/SitePackages/20251028125301.zip" date="2025-10-28T13:49:26.524" /><!-- duration: 42ms -->
    <step title="Start deployment in the background" date="2025-10-28T13:49:26.590" >
      <step title="Acquiring Deployment Lock" date="2025-10-28T13:49:26.640" /><!-- duration: 4ms -->
      <step title="Acquired Deployment Lock" date="2025-10-28T13:49:26.673" /><!-- duration: 4ms -->
    </step><!-- duration: 245ms -->
  </step><!-- duration: 10866ms -->
  <step title="Outgoing response" date="2025-10-28T13:49:26.889" type="response" statusCode="202" statusText="Accepted" /><!-- duration: 5ms -->
</step><!-- duration: 11032ms -->
