<step title="Incoming Request" date="2025-10-29T10:40:06.592" instance="53cb09" url="/api/zipdeploy?isAsync=true&amp;deployer=GITHUB_ZIP_DEPLOY&amp;message=%7B%22type%22%3A%22deployment%22%2C%22sha%22%3A%229125f0934e1ab295dce2dc4c747f9a722e58944b%22%2C%22repoName%22%3A%22mxchestnut%2Fsharedthread%22%2C%22actor%22%3A%22mxchestnut%22%2C%22slotName%22%3A%22production%22%2C%22commitMessage%22%3A%22Fix%20Next.js%2015%20build%20errors%20-%20add%20Suspense%20boundary%20and%20ignore%20TypeScript%20errors%5Cn%5CnIssue%3A%20Build%20failing%20with%20two%20errors%3A%5Cn1.%20useSearchParams()%20requires%20Suspense%20boundary%20in%20Next.js%2015%5Cn2.%20TypeScript%20strict%20checking%20failing%20build%5Cn%5CnFixes%3A%5Cn1.%20Wrapped%20login%20page%20in%20Suspense%20boundary%3A%5Cn%20%20%20-%20Created%20LoginContent%20component%20that%20uses%20useSearchParams%5Cn%20%20%20-%20Wrapped%20in%20Suspense%20with%20loading%20fallback%5Cn%20%20%20-%20Fixes%20Next.js%2015%20breaking%20change%20requirement%5Cn%5Cn2.%20Added%20typescript.ignoreBuildErrors%20to%20next.config.js%3A%5Cn%20%20%20-%20Allows%20deployment%20to%20proceed%20despite%20minor%20type%20issues%5Cn%20%20%20-%20Similar%20to%20existing%20eslint.ignoreDuringBuilds%20setting%5Cn%5CnBuild%20now%20succeeds%20locally%20with%20dummy%20DATABASE_URL%22%7D" method="POST" type="request" pid="825,1,21" Host="sharedthread-ggeheafjamb9hxc2.scm.centralus-01.azurewebsites.net" User-Agent="GITHUBACTIONS_DeployWebAppToAzure_df1ac74e5fcc350eb4fc3a077fcafa660132f4b2532732a238d3f4a07c967089" Authorization="Bas..." Content-Type="application/octet-stream" Cookie="ARRAffinity=53cb09fa1df56cad4377ddb96071183a2409f29839db9f7c48309c156a15e042;Path=/;HttpOnly;Secure;Domain=sharedthread-ggeheafjamb9hxc2.scm.centralus-01.azurewebsites.net; ARRAffinitySameSite=53cb09fa1df56cad4377ddb96071183a2409f29839db9f7c48309c156a15e042;Path=/;HttpOnly;SameSite=None;Secure;Domain=sharedthread-ggeheafjamb9hxc2.scm.centralus-01.azurewebsites.net" Transfer-Encoding="chunked" X-ARR-LOG-ID="bd400e43-36e7-4dca-875c-09b9061ed932" CLIENT-IP="48.211.210.120:41984" X-SITE-DEPLOYMENT-ID="sharedthread" WAS-DEFAULT-HOSTNAME="sharedthread-ggeheafjamb9hxc2.scm.centralus-01.azurewebsites.net" X-Forwarded-Proto="https" X-AppService-Proto="https" X-Forwarded-TlsVersion="1.3" X-WAWS-Unencoded-URL="/api/zipdeploy?isAsync=true&amp;deployer=GITHUB_ZIP_DEPLOY&amp;message=%7B%22type%22%3A%22deployment%22%2C%22sha%22%3A%229125f0934e1ab295dce2dc4c747f9a722e58944b%22%2C%22repoName%22%3A%22mxchestnut%2Fsharedthread%22%2C%22actor%22%3A%22mxchestnut%22%2C%22slotName%22%3A%22production%22%2C%22commitMessage%22%3A%22Fix%20Next.js%2015%20build%20errors%20-%20add%20Suspense%20boundary%20and%20ignore%20TypeScript%20errors%5Cn%5CnIssue%3A%20Build%20failing%20with%20two%20errors%3A%5Cn1.%20useSearchParams()%20requires%20Suspense%20boundary%20in%20Next.js%2015%5Cn2.%20TypeScript%20strict%20checking%20failing%20build%5Cn%5CnFixes%3A%5Cn1.%20Wrapped%20login%20page%20in%20Suspense%20boundary%3A%5Cn%20%20%20-%20Created%20LoginContent%20component%20that%20uses%20useSearchParams%5Cn%20%20%20-%20Wrapped%20in%20Suspense%20with%20loading%20fallback%5Cn%20%20%20-%20Fixes%20Next.js%2015%20breaking%20change%20requirement%5Cn%5Cn2.%20Added%20typescript.ignoreBuildErrors%20to%20next.config.js%3A%5Cn%20%20%20-%20Allows%20deployment%20to%20proceed%20despite%20minor%20type%20issues%5Cn%20%20%20-%20Similar%20to%20existing%20eslint.ignoreDuringBuilds%20setting%5Cn%5CnBuild%20now%20succeeds%20locally%20with%20dummy%20DATABASE_URL%22%7D" X-Client-IP="48.211.210.120" X-Client-Port="41984" >
  <step title="Cleanup Xml Logs" date="2025-10-29T10:40:06.595" >
    <step title="Cleanup Infos" date="2025-10-29T10:40:06.623" totalFiles="263" totalCleanup="103" /><!-- duration: 5ms -->
  </step><!-- duration: 46ms -->
  <step title="ZipPushDeploy" date="2025-10-29T10:40:06.875" >
    <step title="ZipDeploy. Run from package. Ignore remote build." date="2025-10-29T10:40:06.889" /><!-- duration: 6ms -->
    <step title="None repository commit" date="2025-10-29T10:40:06.904" >
      <step title="Commit id: 64d1a1e3-a820-47b8-9dd5-de4c4783349f" date="2025-10-29T10:40:06.907" Message="N/A" AuthorName="N/A" AuthorEmail="N/A" /><!-- duration: 3ms -->
    </step><!-- duration: 9ms -->
    <step title="Starting PushDeployAsync" date="2025-10-29T10:40:06.917" /><!-- duration: 3ms -->
    <step title="WEBSITE_RUN_FROM_PACKAGE is set to 1. Writing zip to SitePackagesPath" date="2025-10-29T10:40:06.934" /><!-- duration: 3ms -->
    <step title="Copying zip to SitePackages /home/data/SitePackages/20251029104006.zip from request body" date="2025-10-29T10:40:06.944" /><!-- duration: 6ms -->
    <step title="Writing multipart request body to /home/data/SitePackages/20251029104006.zip" date="2025-10-29T10:40:06.960" /><!-- duration: 8ms -->
    <step title="Deleting outdated zip file /home/data/SitePackages/20251028185938.zip" date="2025-10-29T10:40:24.508" /><!-- duration: 11ms -->
    <step title="Start deployment in the background" date="2025-10-29T10:40:24.546" >
      <step title="Acquiring Deployment Lock" date="2025-10-29T10:40:24.671" /><!-- duration: 4ms -->
      <step title="Acquired Deployment Lock" date="2025-10-29T10:40:24.758" /><!-- duration: 3ms -->
    </step><!-- duration: 368ms -->
  </step><!-- duration: 18064ms -->
  <step title="Outgoing response" date="2025-10-29T10:40:24.957" type="response" statusCode="202" statusText="Accepted" /><!-- duration: 4ms -->
</step><!-- duration: 18372ms -->
