<step title="Incoming Request" date="2025-10-29T14:05:49.599" instance="53cb09" url="/api/deployments/latest?deployer=GITHUB_ZIP_DEPLOY&amp;time=2025-10-29_14-05-49Z" method="GET" type="request" pid="824,1,27" Host="sharedthread-ggeheafjamb9hxc2.scm.centralus-01.azurewebsites.net" User-Agent="GITHUBACTIONS_DeployWebAppToAzure_df1ac74e5fcc350eb4fc3a077fcafa660132f4b2532732a238d3f4a07c967089" Authorization="Bas..." Content-Type="application/json; charset=utf-8" Cookie="ARRAffinity=53cb09fa1df56cad4377ddb96071183a2409f29839db9f7c48309c156a15e042;Path=/;HttpOnly;Secure;Domain=sharedthread-ggeheafjamb9hxc2.scm.centralus-01.azurewebsites.net; ARRAffinitySameSite=53cb09fa1df56cad4377ddb96071183a2409f29839db9f7c48309c156a15e042;Path=/;HttpOnly;SameSite=None;Secure;Domain=sharedthread-ggeheafjamb9hxc2.scm.centralus-01.azurewebsites.net" Content-Length="0" X-ARR-LOG-ID="2aa1a545-8ce3-4f09-8b95-153117535070" CLIENT-IP="104.209.7.214:27712" X-SITE-DEPLOYMENT-ID="sharedthread" WAS-DEFAULT-HOSTNAME="sharedthread-ggeheafjamb9hxc2.scm.centralus-01.azurewebsites.net" X-Forwarded-Proto="https" X-AppService-Proto="https" X-Forwarded-TlsVersion="1.3" X-WAWS-Unencoded-URL="/api/deployments/latest?deployer=GITHUB_ZIP_DEPLOY&amp;time=2025-10-29_14-05-49Z" X-Client-IP="104.209.7.214" X-Client-Port="27712" >
  <step title="Cleanup Xml Logs" date="2025-10-29T14:05:49.608" >
    <step title="Cleanup Infos" date="2025-10-29T14:05:49.664" totalFiles="279" totalCleanup="119" /><!-- duration: 19ms -->
  </step><!-- duration: 83ms -->
  <step title="DeploymentService.GetResult" date="2025-10-29T14:05:49.719" >
    <step title="DeploymentService.GetLatestDeployment" date="2025-10-29T14:05:49.728" >
      <step title="DeploymentManager.GetResults" date="2025-10-29T14:05:49.737" /><!-- duration: 1360ms -->
    </step><!-- duration: 1428ms -->
  </step><!-- duration: 1474ms -->
  <step title="Outgoing response" date="2025-10-29T14:05:51.209" type="response" statusCode="202" statusText="Accepted" /><!-- duration: 9ms -->
</step><!-- duration: 1628ms -->
