<step title="BackgroundTrace" date="2025-10-28T08:10:52.227" instance="53cb09" url="/api/zipdeploy" method="POST" >
  <step title="Cleanup Xml Logs" date="2025-10-28T08:10:52.245" /><!-- duration: 6ms -->
  <step title="Creating temporary deployment - FetchDeploymentManager" date="2025-10-28T08:10:52.478" /><!-- duration: 4ms -->
  <step title="Creating temporary deployment" date="2025-10-28T08:10:52.485" /><!-- duration: 159ms -->
  <step title="Performing fetch based deployment" date="2025-10-28T08:10:52.746" >
    <step title="Deployment timer started" date="2025-10-28T08:10:57.577" >
      <step title="DeploymentManager.Deploy(id:5fa860da-d25c-4e0b-84dc-dadd6d0873c2)" date="2025-10-28T08:10:57.611" >
        <step title="Collecting changeset information" date="2025-10-28T08:10:57.659" /><!-- duration: 267ms -->
        <step title="Updating submodules" date="2025-10-28T08:10:57.945" /><!-- duration: 1242ms -->
        <step title="Determining deployment builder" date="2025-10-28T08:10:59.540" >
          <step title="Builder is RunFromZipSiteBuilder" date="2025-10-28T08:10:59.562" /><!-- duration: 11ms -->
        </step><!-- duration: 44ms -->
        <step title="PreDeployment: context.CleanOutputPath False" date="2025-10-28T08:10:59.666" >
          <step title="PreDeployment: context.OutputPath /home/site/wwwroot" date="2025-10-28T08:11:00.516" >
            <step title="Building" date="2025-10-28T08:11:00.706" >
              <step title="Triggering recycle (preview mode disabled)." date="2025-10-28T08:11:01.181" /><!-- duration: 8ms -->
              <step title="Modified file to trigger a restart of the app container." date="2025-10-28T08:11:01.254" /><!-- duration: 7ms -->
              <step title="Skip function trigger and logicapp sync because function is not enabled." date="2025-10-28T08:11:01.284" /><!-- duration: 17ms -->
            </step><!-- duration: 3686ms -->
          </step><!-- duration: 3897ms -->
          <step title="Cleaning up temp files" date="2025-10-28T08:11:04.421" /><!-- duration: 11ms -->
          <step title="Cleaning up temp files" date="2025-10-28T08:11:04.446" /><!-- duration: 609ms -->
          <step title="Reloading status file with latest updates" date="2025-10-28T08:11:05.105" >
            <step title="WebHooksManager.PublishEventAsync: PostDeployment" date="2025-10-28T08:11:05.147" /><!-- duration: 69ms -->
          </step><!-- duration: 127ms -->
          <step title="Cleaning up temporary deployment - fetch deployment was successful" date="2025-10-28T08:11:05.243" /><!-- duration: 5ms -->
        </step><!-- duration: 5683ms -->
      </step><!-- duration: 7774ms -->
