<step title="Incoming Request" date="2025-10-30T23:07:39.618" instance="53cb09" url="/api/deployments/latest?deployer=GITHUB_ZIP_DEPLOY&amp;time=2025-10-30_23-07-24Z" method="GET" type="request" pid="822,1,41" Host="sharedthread-ggeheafjamb9hxc2.scm.centralus-01.azurewebsites.net" User-Agent="GITHUBACTIONS_DeployWebAppToAzure_df1ac74e5fcc350eb4fc3a077fcafa660132f4b2532732a238d3f4a07c967089" Authorization="Bas..." Content-Type="application/json; charset=utf-8" Cookie="ARRAffinity=53cb09fa1df56cad4377ddb96071183a2409f29839db9f7c48309c156a15e042;Path=/;HttpOnly;Secure;Domain=sharedthread-ggeheafjamb9hxc2.scm.centralus-01.azurewebsites.net; ARRAffinitySameSite=53cb09fa1df56cad4377ddb96071183a2409f29839db9f7c48309c156a15e042;Path=/;HttpOnly;SameSite=None;Secure;Domain=sharedthread-ggeheafjamb9hxc2.scm.centralus-01.azurewebsites.net" Content-Length="0" X-ARR-LOG-ID="45842d88-77a9-4dfa-882f-238b41ea5d3e" CLIENT-IP="135.232.177.163:25617" X-SITE-DEPLOYMENT-ID="sharedthread" WAS-DEFAULT-HOSTNAME="sharedthread-ggeheafjamb9hxc2.scm.centralus-01.azurewebsites.net" X-Forwarded-Proto="https" X-AppService-Proto="https" X-Forwarded-TlsVersion="1.3" X-WAWS-Unencoded-URL="/api/deployments/latest?deployer=GITHUB_ZIP_DEPLOY&amp;time=2025-10-30_23-07-24Z" X-Client-IP="135.232.177.163" X-Client-Port="25617" >
  <step title="Cleanup Xml Logs" date="2025-10-30T23:07:39.658" >
    <step title="Cleanup Infos" date="2025-10-30T23:07:39.780" totalFiles="331" totalCleanup="171" /><!-- duration: 72ms -->
  </step><!-- duration: 252ms -->
  <step title="DeploymentService.GetResult" date="2025-10-30T23:07:39.996" >
    <step title="DeploymentService.GetLatestDeployment" date="2025-10-30T23:07:40.046" >
      <step title="DeploymentManager.GetResults" date="2025-10-30T23:07:40.073" /><!-- duration: 1571ms -->
    </step><!-- duration: 1620ms -->
  </step><!-- duration: 1697ms -->
  <step title="Outgoing response" date="2025-10-30T23:07:41.714" type="response" statusCode="202" statusText="Accepted" /><!-- duration: 17ms -->
</step><!-- duration: 2123ms -->
