<step title="Incoming Request" date="2025-10-28T10:07:41.694" instance="53cb09" url="/api/zipdeploy?isAsync=true&amp;deployer=GITHUB_ZIP_DEPLOY&amp;message=%7B%22type%22%3A%22deployment%22%2C%22sha%22%3A%22edacfdd1b22b79960b15fff6ec358abc2aa22634%22%2C%22repoName%22%3A%22mxchestnut%2Fsharedthread%22%2C%22actor%22%3A%22mxchestnut%22%2C%22slotName%22%3A%22production%22%2C%22commitMessage%22%3A%22Fix%20footer%20navigation%20links%5Cn%5Cn%E2%9C%85%20Convert%20%3Ca%3E%20tags%20to%20Next.js%20Link%20components%20for%20internal%20routes%5Cn%E2%9C%85%20Keep%20external%20links%20(GitHub%2C%20mailto)%20as%20%3Ca%3E%20tags%20with%20proper%20attributes%5Cn%E2%9C%85%20Add%20weave-reports%20anchor%20ID%20to%20transparency%20page%5Cn%E2%9C%85%20Update%20section%20heading%20to%20match%20footer%20link%20text%5Cn%5CnAll%20footer%20links%20now%20work%20properly%20-%20no%20more%20404%20errors%20for%20internal%20navigation.%22%7D" method="POST" type="request" pid="823,1,15" Host="sharedthread-ggeheafjamb9hxc2.scm.centralus-01.azurewebsites.net" User-Agent="GITHUBACTIONS_DeployWebAppToAzure_df1ac74e5fcc350eb4fc3a077fcafa660132f4b2532732a238d3f4a07c967089" Authorization="Bas..." Content-Type="application/octet-stream" Cookie="ARRAffinity=53cb09fa1df56cad4377ddb96071183a2409f29839db9f7c48309c156a15e042;Path=/;HttpOnly;Secure;Domain=sharedthread-ggeheafjamb9hxc2.scm.centralus-01.azurewebsites.net; ARRAffinitySameSite=53cb09fa1df56cad4377ddb96071183a2409f29839db9f7c48309c156a15e042;Path=/;HttpOnly;SameSite=None;Secure;Domain=sharedthread-ggeheafjamb9hxc2.scm.centralus-01.azurewebsites.net" Transfer-Encoding="chunked" X-ARR-LOG-ID="da4a7fc7-4c53-4793-bb35-9cf02241ffc5" CLIENT-IP="13.83.161.22:26680" X-SITE-DEPLOYMENT-ID="sharedthread" WAS-DEFAULT-HOSTNAME="sharedthread-ggeheafjamb9hxc2.scm.centralus-01.azurewebsites.net" X-Forwarded-Proto="https" X-AppService-Proto="https" X-Forwarded-TlsVersion="1.3" X-WAWS-Unencoded-URL="/api/zipdeploy?isAsync=true&amp;deployer=GITHUB_ZIP_DEPLOY&amp;message=%7B%22type%22%3A%22deployment%22%2C%22sha%22%3A%22edacfdd1b22b79960b15fff6ec358abc2aa22634%22%2C%22repoName%22%3A%22mxchestnut%2Fsharedthread%22%2C%22actor%22%3A%22mxchestnut%22%2C%22slotName%22%3A%22production%22%2C%22commitMessage%22%3A%22Fix%20footer%20navigation%20links%5Cn%5Cn%E2%9C%85%20Convert%20%3Ca%3E%20tags%20to%20Next.js%20Link%20components%20for%20internal%20routes%5Cn%E2%9C%85%20Keep%20external%20links%20(GitHub%2C%20mailto)%20as%20%3Ca%3E%20tags%20with%20proper%20attributes%5Cn%E2%9C%85%20Add%20weave-reports%20anchor%20ID%20to%20transparency%20page%5Cn%E2%9C%85%20Update%20section%20heading%20to%20match%20footer%20link%20text%5Cn%5CnAll%20footer%20links%20now%20work%20properly%20-%20no%20more%20404%20errors%20for%20internal%20navigation.%22%7D" X-Client-IP="13.83.161.22" X-Client-Port="26680" >
  <step title="Cleanup Xml Logs" date="2025-10-28T10:07:41.706" /><!-- duration: 268ms -->
  <step title="ZipPushDeploy" date="2025-10-28T10:07:42.623" >
    <step title="ZipDeploy. Run from package. Ignore remote build." date="2025-10-28T10:07:42.658" /><!-- duration: 3ms -->
    <step title="Starting PushDeployAsync" date="2025-10-28T10:07:42.674" /><!-- duration: 5ms -->
    <step title="WEBSITE_RUN_FROM_PACKAGE is set to 1. Writing zip to SitePackagesPath" date="2025-10-28T10:07:42.691" /><!-- duration: 12ms -->
    <step title="Copying zip to SitePackages /home/data/SitePackages/20251028100742.zip from request body" date="2025-10-28T10:07:42.806" /><!-- duration: 36ms -->
    <step title="Writing multipart request body to /home/data/SitePackages/20251028100742.zip" date="2025-10-28T10:07:42.860" /><!-- duration: 19ms -->
    <step title="Deleting outdated zip file /home/data/SitePackages/20251028091816.zip" date="2025-10-28T10:08:01.735" /><!-- duration: 75ms -->
    <step title="Start deployment in the background" date="2025-10-28T10:08:01.871" >
      <step title="Acquiring Deployment Lock" date="2025-10-28T10:08:02.039" /><!-- duration: 31ms -->
      <step title="Acquired Deployment Lock" date="2025-10-28T10:08:02.193" /><!-- duration: 16ms -->
    </step><!-- duration: 947ms -->
  </step><!-- duration: 20262ms -->
  <step title="Outgoing response" date="2025-10-28T10:08:02.923" type="response" statusCode="202" statusText="Accepted" /><!-- duration: 9ms -->
</step><!-- duration: 21260ms -->
