<step title="BackgroundTrace" date="2025-10-28T09:27:41.552" instance="53cb09" url="/api/zipdeploy" method="POST" >
  <step title="Cleanup Xml Logs" date="2025-10-28T09:27:41.560" /><!-- duration: 12ms -->
  <step title="Creating temporary deployment - FetchDeploymentManager" date="2025-10-28T09:27:41.679" /><!-- duration: 4ms -->
  <step title="Creating temporary deployment" date="2025-10-28T09:27:41.689" /><!-- duration: 102ms -->
  <step title="Performing fetch based deployment" date="2025-10-28T09:27:42.045" >
    <step title="Deployment timer started" date="2025-10-28T09:27:46.512" >
      <step title="DeploymentManager.Deploy(id:9e44cc44-cde3-46b5-9f0b-fd738c569a01)" date="2025-10-28T09:27:46.540" >
        <step title="Collecting changeset information" date="2025-10-28T09:27:46.577" /><!-- duration: 155ms -->
        <step title="Updating submodules" date="2025-10-28T09:27:46.740" /><!-- duration: 1181ms -->
        <step title="Determining deployment builder" date="2025-10-28T09:27:48.302" >
          <step title="Builder is RunFromZipSiteBuilder" date="2025-10-28T09:27:48.318" /><!-- duration: 10ms -->
        </step><!-- duration: 44ms -->
        <step title="PreDeployment: context.CleanOutputPath False" date="2025-10-28T09:27:48.424" >
          <step title="PreDeployment: context.OutputPath /home/site/wwwroot" date="2025-10-28T09:27:48.556" >
            <step title="Building" date="2025-10-28T09:27:48.726" >
              <step title="Triggering recycle (preview mode disabled)." date="2025-10-28T09:27:49.654" /><!-- duration: 12ms -->
              <step title="Modified file to trigger a restart of the app container." date="2025-10-28T09:27:49.723" /><!-- duration: 11ms -->
              <step title="Skip function trigger and logicapp sync because function is not enabled." date="2025-10-28T09:27:49.753" /><!-- duration: 18ms -->
            </step><!-- duration: 3131ms -->
          </step><!-- duration: 3314ms -->
          <step title="Cleaning up temp files" date="2025-10-28T09:27:51.880" /><!-- duration: 48ms -->
          <step title="Cleaning up temp files" date="2025-10-28T09:27:51.955" /><!-- duration: 537ms -->
          <step title="Reloading status file with latest updates" date="2025-10-28T09:27:52.539" >
            <step title="WebHooksManager.PublishEventAsync: PostDeployment" date="2025-10-28T09:27:52.546" /><!-- duration: 84ms -->
          </step><!-- duration: 97ms -->
          <step title="Cleaning up temporary deployment - fetch deployment was successful" date="2025-10-28T09:27:52.650" /><!-- duration: 5ms -->
        </step><!-- duration: 4294ms -->
      </step><!-- duration: 6194ms -->
