<step title="Incoming Request" date="2025-10-28T14:17:59.704" instance="53cb09" url="/api/zipdeploy?isAsync=true&amp;deployer=GITHUB_ZIP_DEPLOY&amp;message=%7B%22type%22%3A%22deployment%22%2C%22sha%22%3A%22a459e6be9f78382facccf955ec5dd9ce5e6bbfed%22%2C%22repoName%22%3A%22mxchestnut%2Fsharedthread%22%2C%22actor%22%3A%22mxchestnut%22%2C%22slotName%22%3A%22production%22%2C%22commitMessage%22%3A%22Fix%20Tailwind%20CSS%20syntax%20for%20v3%20compatibility%22%7D" method="POST" type="request" pid="824,1,16" Host="sharedthread-ggeheafjamb9hxc2.scm.centralus-01.azurewebsites.net" User-Agent="GITHUBACTIONS_DeployWebAppToAzure_df1ac74e5fcc350eb4fc3a077fcafa660132f4b2532732a238d3f4a07c967089" Authorization="Bas..." Content-Type="application/octet-stream" Cookie="ARRAffinity=53cb09fa1df56cad4377ddb96071183a2409f29839db9f7c48309c156a15e042;Path=/;HttpOnly;Secure;Domain=sharedthread-ggeheafjamb9hxc2.scm.centralus-01.azurewebsites.net; ARRAffinitySameSite=53cb09fa1df56cad4377ddb96071183a2409f29839db9f7c48309c156a15e042;Path=/;HttpOnly;SameSite=None;Secure;Domain=sharedthread-ggeheafjamb9hxc2.scm.centralus-01.azurewebsites.net" Transfer-Encoding="chunked" X-ARR-LOG-ID="af61c671-592d-4367-bb30-048efae7bc67" CLIENT-IP="20.161.70.186:5200" X-SITE-DEPLOYMENT-ID="sharedthread" WAS-DEFAULT-HOSTNAME="sharedthread-ggeheafjamb9hxc2.scm.centralus-01.azurewebsites.net" X-Forwarded-Proto="https" X-AppService-Proto="https" X-Forwarded-TlsVersion="1.3" X-WAWS-Unencoded-URL="/api/zipdeploy?isAsync=true&amp;deployer=GITHUB_ZIP_DEPLOY&amp;message=%7B%22type%22%3A%22deployment%22%2C%22sha%22%3A%22a459e6be9f78382facccf955ec5dd9ce5e6bbfed%22%2C%22repoName%22%3A%22mxchestnut%2Fsharedthread%22%2C%22actor%22%3A%22mxchestnut%22%2C%22slotName%22%3A%22production%22%2C%22commitMessage%22%3A%22Fix%20Tailwind%20CSS%20syntax%20for%20v3%20compatibility%22%7D" X-Client-IP="20.161.70.186" X-Client-Port="5200" >
  <step title="Cleanup Xml Logs" date="2025-10-28T14:17:59.714" /><!-- duration: 35ms -->
  <step title="ZipPushDeploy" date="2025-10-28T14:18:00.291" >
    <step title="ZipDeploy. Run from package. Ignore remote build." date="2025-10-28T14:18:00.325" /><!-- duration: 18ms -->
    <step title="Starting PushDeployAsync" date="2025-10-28T14:18:00.414" /><!-- duration: 10ms -->
    <step title="WEBSITE_RUN_FROM_PACKAGE is set to 1. Writing zip to SitePackagesPath" date="2025-10-28T14:18:00.483" /><!-- duration: 11ms -->
    <step title="Copying zip to SitePackages /home/data/SitePackages/20251028141800.zip from request body" date="2025-10-28T14:18:00.522" /><!-- duration: 110ms -->
    <step title="Writing multipart request body to /home/data/SitePackages/20251028141800.zip" date="2025-10-28T14:18:00.689" /><!-- duration: 9ms -->
    <step title="Deleting outdated zip file /home/data/SitePackages/20251028131315.zip" date="2025-10-28T14:18:17.950" /><!-- duration: 37ms -->
    <step title="Start deployment in the background" date="2025-10-28T14:18:18.057" >
      <step title="Acquiring Deployment Lock" date="2025-10-28T14:18:18.176" /><!-- duration: 5ms -->
      <step title="Acquired Deployment Lock" date="2025-10-28T14:18:18.212" /><!-- duration: 4ms -->
    </step><!-- duration: 350ms -->
  </step><!-- duration: 18172ms -->
  <step title="Outgoing response" date="2025-10-28T14:18:18.476" type="response" statusCode="202" statusText="Accepted" /><!-- duration: 3ms -->
</step><!-- duration: 18782ms -->
