<step title="BackgroundTrace" date="2025-10-28T19:59:04.837" instance="53cb09" url="/api/zipdeploy" method="POST" >
  <step title="Cleanup Xml Logs" date="2025-10-28T19:59:04.842" >
    <step title="Cleanup Infos" date="2025-10-28T19:59:04.877" totalFiles="249" totalCleanup="89" /><!-- duration: 6ms -->
  </step><!-- duration: 46ms -->
  <step title="Creating temporary deployment - FetchDeploymentManager" date="2025-10-28T19:59:05.043" /><!-- duration: 4ms -->
  <step title="Creating temporary deployment" date="2025-10-28T19:59:05.069" /><!-- duration: 302ms -->
  <step title="Performing fetch based deployment" date="2025-10-28T19:59:05.451" >
    <step title="Deployment timer started" date="2025-10-28T19:59:12.607" >
      <step title="DeploymentManager.Deploy(id:74bd9acf-f27f-47ae-9620-d64511cf1c83)" date="2025-10-28T19:59:12.623" >
        <step title="Collecting changeset information" date="2025-10-28T19:59:12.692" /><!-- duration: 718ms -->
        <step title="Updating submodules" date="2025-10-28T19:59:13.419" /><!-- duration: 1155ms -->
        <step title="Determining deployment builder" date="2025-10-28T19:59:14.854" >
          <step title="Builder is RunFromZipSiteBuilder" date="2025-10-28T19:59:14.895" /><!-- duration: 8ms -->
        </step><!-- duration: 55ms -->
        <step title="PreDeployment: context.CleanOutputPath False" date="2025-10-28T19:59:14.982" >
          <step title="PreDeployment: context.OutputPath /home/site/wwwroot" date="2025-10-28T19:59:15.094" >
            <step title="Building" date="2025-10-28T19:59:15.280" >
              <step title="Triggering recycle (preview mode disabled)." date="2025-10-28T19:59:15.831" /><!-- duration: 17ms -->
              <step title="Modified file to trigger a restart of the app container." date="2025-10-28T19:59:15.884" /><!-- duration: 5ms -->
              <step title="Skip function trigger and logicapp sync because function is not enabled." date="2025-10-28T19:59:15.896" /><!-- duration: 8ms -->
              <step title="Purge deployment items" date="2025-10-28T19:59:17.529" >
                <step title="Remove 4583c819-, Success, received at 10/28/2025 15:45:51" date="2025-10-28T19:59:17.595" /><!-- duration: 4ms -->
              </step><!-- duration: 74ms -->
            </step><!-- duration: 2393ms -->
          </step><!-- duration: 2584ms -->
          <step title="Cleaning up temp files" date="2025-10-28T19:59:17.682" /><!-- duration: 8ms -->
          <step title="Cleaning up temp files" date="2025-10-28T19:59:17.699" /><!-- duration: 547ms -->
          <step title="Reloading status file with latest updates" date="2025-10-28T19:59:18.289" >
            <step title="WebHooksManager.PublishEventAsync: PostDeployment" date="2025-10-28T19:59:18.302" /><!-- duration: 70ms -->
          </step><!-- duration: 87ms -->
          <step title="Cleaning up temporary deployment - fetch deployment was successful" date="2025-10-28T19:59:18.391" /><!-- duration: 4ms -->
        </step><!-- duration: 3576ms -->
      </step><!-- duration: 5964ms -->
