<step title="Incoming Request" date="2025-10-31T06:25:50.060" instance="53cb09" url="/api/zipdeploy?isAsync=true&amp;deployer=GITHUB_ZIP_DEPLOY&amp;message=%7B%22type%22%3A%22deployment%22%2C%22sha%22%3A%22bbc9d5973ae1974fd33b29bc25b80b7a30fdaad5%22%2C%22repoName%22%3A%22mxchestnut%2Fsharedthread%22%2C%22actor%22%3A%22mxchestnut%22%2C%22slotName%22%3A%22production%22%2C%22commitMessage%22%3A%22Add%20DISABLE_TAILSCALE%20env%20var%20for%20initial%20admin%20access%22%7D" method="POST" type="request" pid="823,1,7" Host="sharedthread-ggeheafjamb9hxc2.scm.centralus-01.azurewebsites.net" User-Agent="GITHUBACTIONS_DeployWebAppToAzure_df1ac74e5fcc350eb4fc3a077fcafa660132f4b2532732a238d3f4a07c967089" Authorization="Bas..." Content-Type="application/octet-stream" Cookie="ARRAffinity=53cb09fa1df56cad4377ddb96071183a2409f29839db9f7c48309c156a15e042;Path=/;HttpOnly;Secure;Domain=sharedthread-ggeheafjamb9hxc2.scm.centralus-01.azurewebsites.net; ARRAffinitySameSite=53cb09fa1df56cad4377ddb96071183a2409f29839db9f7c48309c156a15e042;Path=/;HttpOnly;SameSite=None;Secure;Domain=sharedthread-ggeheafjamb9hxc2.scm.centralus-01.azurewebsites.net" Transfer-Encoding="chunked" X-ARR-LOG-ID="b8ac5f89-9ab9-427d-8310-eec0c112c0c6" CLIENT-IP="135.232.184.212:18432" X-SITE-DEPLOYMENT-ID="sharedthread" WAS-DEFAULT-HOSTNAME="sharedthread-ggeheafjamb9hxc2.scm.centralus-01.azurewebsites.net" X-Forwarded-Proto="https" X-AppService-Proto="https" X-Forwarded-TlsVersion="1.3" X-WAWS-Unencoded-URL="/api/zipdeploy?isAsync=true&amp;deployer=GITHUB_ZIP_DEPLOY&amp;message=%7B%22type%22%3A%22deployment%22%2C%22sha%22%3A%22bbc9d5973ae1974fd33b29bc25b80b7a30fdaad5%22%2C%22repoName%22%3A%22mxchestnut%2Fsharedthread%22%2C%22actor%22%3A%22mxchestnut%22%2C%22slotName%22%3A%22production%22%2C%22commitMessage%22%3A%22Add%20DISABLE_TAILSCALE%20env%20var%20for%20initial%20admin%20access%22%7D" X-Client-IP="135.232.184.212" X-Client-Port="18432" >
  <step title="Cleanup Xml Logs" date="2025-10-31T06:25:50.069" >
    <step title="Cleanup Infos" date="2025-10-31T06:25:50.088" totalFiles="362" totalCleanup="202" /><!-- duration: 5ms -->
  </step><!-- duration: 28ms -->
  <step title="ZipPushDeploy" date="2025-10-31T06:25:50.251" >
    <step title="ZipDeploy. Run from package. Ignore remote build." date="2025-10-31T06:25:50.271" /><!-- duration: 9ms -->
    <step title="None repository commit" date="2025-10-31T06:25:50.336" >
      <step title="Commit id: 9b026159-aa8b-438a-afe1-97b947c6c2f1" date="2025-10-31T06:25:50.346" Message="N/A" AuthorName="N/A" AuthorEmail="N/A" /><!-- duration: 16ms -->
    </step><!-- duration: 37ms -->
    <step title="Starting PushDeployAsync" date="2025-10-31T06:25:50.391" /><!-- duration: 16ms -->
    <step title="WEBSITE_RUN_FROM_PACKAGE is set to 1. Writing zip to SitePackagesPath" date="2025-10-31T06:25:50.438" /><!-- duration: 8ms -->
    <step title="Copying zip to SitePackages /home/data/SitePackages/20251031062550.zip from request body" date="2025-10-31T06:25:50.456" /><!-- duration: 8ms -->
    <step title="Writing multipart request body to /home/data/SitePackages/20251031062550.zip" date="2025-10-31T06:25:50.468" /><!-- duration: 4ms -->
    <step title="Deleting outdated zip file /home/data/SitePackages/20251030225438.zip" date="2025-10-31T06:26:19.333" /><!-- duration: 46ms -->
    <step title="Start deployment in the background" date="2025-10-31T06:26:19.430" >
      <step title="Acquiring Deployment Lock" date="2025-10-31T06:26:19.535" /><!-- duration: 11ms -->
      <step title="Acquired Deployment Lock" date="2025-10-31T06:26:19.613" /><!-- duration: 6ms -->
    </step><!-- duration: 335ms -->
  </step><!-- duration: 29531ms -->
  <step title="Outgoing response" date="2025-10-31T06:26:19.802" type="response" statusCode="202" statusText="Accepted" /><!-- duration: 17ms -->
</step><!-- duration: 29765ms -->
