<step title="BackgroundTrace" date="2025-10-28T08:21:50.933" instance="53cb09" url="/api/zipdeploy" method="POST" >
  <step title="Cleanup Xml Logs" date="2025-10-28T08:21:50.939" /><!-- duration: 10ms -->
  <step title="Creating temporary deployment - FetchDeploymentManager" date="2025-10-28T08:21:51.284" /><!-- duration: 4ms -->
  <step title="Creating temporary deployment" date="2025-10-28T08:21:51.297" /><!-- duration: 327ms -->
  <step title="Performing fetch based deployment" date="2025-10-28T08:21:53.480" >
    <step title="Deployment timer started" date="2025-10-28T08:22:00.580" >
      <step title="DeploymentManager.Deploy(id:a99fa2e0-0c69-4c34-b549-c4bd50d60fb5)" date="2025-10-28T08:22:00.599" >
        <step title="Collecting changeset information" date="2025-10-28T08:22:00.655" /><!-- duration: 136ms -->
        <step title="Updating submodules" date="2025-10-28T08:22:00.807" /><!-- duration: 1200ms -->
        <step title="Determining deployment builder" date="2025-10-28T08:22:02.518" >
          <step title="Builder is RunFromZipSiteBuilder" date="2025-10-28T08:22:02.555" /><!-- duration: 18ms -->
        </step><!-- duration: 66ms -->
        <step title="PreDeployment: context.CleanOutputPath False" date="2025-10-28T08:22:02.775" >
          <step title="PreDeployment: context.OutputPath /home/site/wwwroot" date="2025-10-28T08:22:03.058" >
            <step title="Building" date="2025-10-28T08:22:03.383" >
              <step title="Triggering recycle (preview mode disabled)." date="2025-10-28T08:22:04.503" /><!-- duration: 42ms -->
              <step title="Modified file to trigger a restart of the app container." date="2025-10-28T08:22:04.825" /><!-- duration: 17ms -->
              <step title="Skip function trigger and logicapp sync because function is not enabled." date="2025-10-28T08:22:05.002" /><!-- duration: 29ms -->
            </step><!-- duration: 4107ms -->
          </step><!-- duration: 4441ms -->
          <step title="Cleaning up temp files" date="2025-10-28T08:22:07.503" /><!-- duration: 7ms -->
          <step title="Cleaning up temp files" date="2025-10-28T08:22:07.524" /><!-- duration: 539ms -->
          <step title="Reloading status file with latest updates" date="2025-10-28T08:22:08.137" >
            <step title="WebHooksManager.PublishEventAsync: PostDeployment" date="2025-10-28T08:22:08.169" /><!-- duration: 107ms -->
          </step><!-- duration: 148ms -->
          <step title="Cleaning up temporary deployment - fetch deployment was successful" date="2025-10-28T08:22:08.388" /><!-- duration: 27ms -->
        </step><!-- duration: 5755ms -->
      </step><!-- duration: 8023ms -->
