﻿<?xml version="1.0" encoding="utf-8"?>
<deployment>
  <id>c02cbefd-d293-4132-b105-7b972ad039e9</id>
  <author>N/A</author>
  <deployer>GITHUB_ZIP_DEPLOY</deployer>
  <authorEmail>N/A</authorEmail>
  <message>{"type":"deployment","sha":"b4adbfa423529416db49a44a741d58148aa2f432","repoName":"mxchestnut/sharedthread","actor":"mxchestnut","slotName":"production","commitMessage":"Enable Sentry instrumentation and add debug endpoint for Prisma"}</message>
  <progress></progress>
  <status>Success</status>
  <statusText></statusText>
  <lastSuccessEndTime>2025-10-31T12:56:13.3754655Z</lastSuccessEndTime>
  <receivedTime>2025-10-31T12:56:09.2924353Z</receivedTime>
  <startTime>2025-10-31T12:56:10.8535691Z</startTime>
  <endTime>2025-10-31T12:56:13.3754655Z</endTime>
  <complete>True</complete>
  <is_temp>False</is_temp>
  <is_readonly>True</is_readonly>
  <buildSummary />
</deployment>