﻿<?xml version="1.0" encoding="utf-8"?>
<deployment>
  <id>3480c37c-e286-4304-87ba-b20459c4b113</id>
  <author>N/A</author>
  <deployer>GITHUB_ZIP_DEPLOY</deployer>
  <authorEmail>N/A</authorEmail>
  <message>{"type":"deployment","sha":"464fef66f0a9dfa4bd08fcc2e504b70d6f8fa90c","repoName":"mxchestnut/sharedthread","actor":"mxchestnut","slotName":"production","commitMessage":"fix: update /api/auth/me endpoint to work with NextAuth instead of custom auth"}</message>
  <progress></progress>
  <status>Success</status>
  <statusText></statusText>
  <lastSuccessEndTime>2025-11-01T10:21:42.0451655Z</lastSuccessEndTime>
  <receivedTime>2025-11-01T10:21:37.8785017Z</receivedTime>
  <startTime>2025-11-01T10:21:39.4098766Z</startTime>
  <endTime>2025-11-01T10:21:42.0451655Z</endTime>
  <complete>True</complete>
  <is_temp>False</is_temp>
  <is_readonly>True</is_readonly>
  <buildSummary />
</deployment>