﻿<?xml version="1.0" encoding="utf-8"?>
<deployment>
  <id>dfae6a0d-fce1-4d24-a65b-02b8a8bbaab5</id>
  <author>N/A</author>
  <deployer>GITHUB_ZIP_DEPLOY</deployer>
  <authorEmail>N/A</authorEmail>
  <message>{"type":"deployment","sha":"2361a88e447004c7d16e7a89164dc7c923f469ec","repoName":"mxchestnut/sharedthread","actor":"mxchestnut","slotName":"production","commitMessage":"debug: improve signin page with more debugging and red debug button"}</message>
  <progress></progress>
  <status>Success</status>
  <statusText></statusText>
  <lastSuccessEndTime>2025-11-01T11:51:09.4035381Z</lastSuccessEndTime>
  <receivedTime>2025-11-01T11:51:06.2384513Z</receivedTime>
  <startTime>2025-11-01T11:51:07.6517132Z</startTime>
  <endTime>2025-11-01T11:51:09.4035381Z</endTime>
  <complete>True</complete>
  <is_temp>False</is_temp>
  <is_readonly>True</is_readonly>
  <buildSummary />
</deployment>