﻿<?xml version="1.0" encoding="utf-8"?>
<deployment>
  <id>6ebfea36-a8c4-4332-9c79-65320cdb2e32</id>
  <author>N/A</author>
  <deployer>GITHUB_ZIP_DEPLOY</deployer>
  <authorEmail>N/A</authorEmail>
  <message>{"type":"deployment","sha":"7127f3789c31bafc2583032d5a9a7f41a1ffa110","repoName":"mxchestnut/sharedthread","actor":"mxchestnut","slotName":"production","commitMessage":"Fix Prisma schema and add password reset scripts"}</message>
  <progress></progress>
  <status>Success</status>
  <statusText></statusText>
  <lastSuccessEndTime>2025-10-31T07:15:18.9741708Z</lastSuccessEndTime>
  <receivedTime>2025-10-31T07:15:14.8518084Z</receivedTime>
  <startTime>2025-10-31T07:15:16.3289757Z</startTime>
  <endTime>2025-10-31T07:15:18.9741708Z</endTime>
  <complete>True</complete>
  <is_temp>False</is_temp>
  <is_readonly>True</is_readonly>
  <buildSummary />
</deployment>