﻿<?xml version="1.0" encoding="utf-8"?>
<deployment>
  <id>d8326cf1-15b5-451b-9e06-6d99e3ec502e</id>
  <author>N/A</author>
  <deployer>GITHUB_ZIP_DEPLOY</deployer>
  <authorEmail>N/A</authorEmail>
  <message>{"type":"deployment","sha":"b497df80316586b0ce56b81970b847d8239b1e37","repoName":"mxchestnut/sharedthread","actor":"mxchestnut","slotName":"production","commitMessage":"Add postinstall script to ensure Prisma Client is generated"}</message>
  <progress></progress>
  <status>Success</status>
  <statusText></statusText>
  <lastSuccessEndTime>2025-10-31T07:24:06.6221077Z</lastSuccessEndTime>
  <receivedTime>2025-10-31T07:24:00.2976885Z</receivedTime>
  <startTime>2025-10-31T07:24:01.8998927Z</startTime>
  <endTime>2025-10-31T07:24:06.6221077Z</endTime>
  <complete>True</complete>
  <is_temp>False</is_temp>
  <is_readonly>True</is_readonly>
  <buildSummary />
</deployment>