﻿<?xml version="1.0" encoding="utf-8"?>
<deployment>
  <id>ff01638d-c547-4af3-8f04-8ff33b809e61</id>
  <author>N/A</author>
  <deployer>GITHUB_ZIP_DEPLOY</deployer>
  <authorEmail>N/A</authorEmail>
  <message>{"type":"deployment","sha":"c86d1c7b818fc6463c7b24f16e6d5e9d2c418588","repoName":"mxchestnut/sharedthread","actor":"mxchestnut","slotName":"production","commitMessage":"Redact Resend API key from audit doc"}</message>
  <progress></progress>
  <status>Success</status>
  <statusText></statusText>
  <lastSuccessEndTime>2025-10-31T05:26:07.8293347Z</lastSuccessEndTime>
  <receivedTime>2025-10-31T05:26:02.5155061Z</receivedTime>
  <startTime>2025-10-31T05:26:04.4885584Z</startTime>
  <endTime>2025-10-31T05:26:07.8293347Z</endTime>
  <complete>True</complete>
  <is_temp>False</is_temp>
  <is_readonly>True</is_readonly>
  <buildSummary />
</deployment>