<step title="BackgroundTrace" date="2025-10-28T18:50:39.776" instance="53cb09" url="/api/zipdeploy" method="POST" >
  <step title="Cleanup Xml Logs" date="2025-10-28T18:50:39.792" >
    <step title="Cleanup Infos" date="2025-10-28T18:50:39.851" totalFiles="206" totalCleanup="46" /><!-- duration: 45ms -->
  </step><!-- duration: 117ms -->
  <step title="Creating temporary deployment - FetchDeploymentManager" date="2025-10-28T18:50:40.029" /><!-- duration: 3ms -->
  <step title="Creating temporary deployment" date="2025-10-28T18:50:40.039" /><!-- duration: 179ms -->
  <step title="Performing fetch based deployment" date="2025-10-28T18:50:40.326" >
    <step title="Deployment timer started" date="2025-10-28T18:50:46.610" >
      <step title="DeploymentManager.Deploy(id:3ac3a19d-8bca-4cbd-bb7f-b3d3b1edf040)" date="2025-10-28T18:50:46.658" >
        <step title="Collecting changeset information" date="2025-10-28T18:50:46.688" /><!-- duration: 153ms -->
        <step title="Updating submodules" date="2025-10-28T18:50:46.849" /><!-- duration: 1144ms -->
        <step title="Determining deployment builder" date="2025-10-28T18:50:48.679" >
          <step title="Builder is RunFromZipSiteBuilder" date="2025-10-28T18:50:48.726" /><!-- duration: 22ms -->
        </step><!-- duration: 114ms -->
        <step title="PreDeployment: context.CleanOutputPath False" date="2025-10-28T18:50:48.887" >
          <step title="PreDeployment: context.OutputPath /home/site/wwwroot" date="2025-10-28T18:50:49.011" >
            <step title="Building" date="2025-10-28T18:50:49.220" >
              <step title="Triggering recycle (preview mode disabled)." date="2025-10-28T18:50:49.640" /><!-- duration: 4ms -->
              <step title="Modified file to trigger a restart of the app container." date="2025-10-28T18:50:49.770" /><!-- duration: 5ms -->
              <step title="Skip function trigger and logicapp sync because function is not enabled." date="2025-10-28T18:50:49.784" /><!-- duration: 15ms -->
              <step title="Purge deployment items" date="2025-10-28T18:50:51.384" >
                <step title="Remove 24f4a8e7-, Success, received at 10/28/2025 13:13:35" date="2025-10-28T18:50:51.445" /><!-- duration: 3ms -->
              </step><!-- duration: 67ms -->
            </step><!-- duration: 2310ms -->
          </step><!-- duration: 2525ms -->
          <step title="Cleaning up temp files" date="2025-10-28T18:50:51.538" /><!-- duration: 7ms -->
          <step title="Cleaning up temp files" date="2025-10-28T18:50:51.555" /><!-- duration: 525ms -->
          <step title="Reloading status file with latest updates" date="2025-10-28T18:50:52.127" >
            <step title="WebHooksManager.PublishEventAsync: PostDeployment" date="2025-10-28T18:50:52.133" /><!-- duration: 74ms -->
          </step><!-- duration: 83ms -->
          <step title="Cleaning up temporary deployment - fetch deployment was successful" date="2025-10-28T18:50:52.220" /><!-- duration: 4ms -->
        </step><!-- duration: 3414ms -->
      </step><!-- duration: 5661ms -->
