<step title="Incoming Request" date="2025-10-28T09:18:16.163" instance="53cb09" url="/api/zipdeploy?isAsync=true&amp;deployer=GITHUB_ZIP_DEPLOY&amp;message=%7B%22type%22%3A%22deployment%22%2C%22sha%22%3A%220a6368186e3a7513d4cbc63dd9182f6d73e33610%22%2C%22repoName%22%3A%22mxchestnut%2Fsharedthread%22%2C%22actor%22%3A%22mxchestnut%22%2C%22slotName%22%3A%22production%22%2C%22commitMessage%22%3A%22%F0%9F%9A%80%20Go%20live!%20Switch%20from%20mock%20data%20to%20real%20PostgreSQL%20database%20on%20Azure%22%7D" method="POST" type="request" pid="825,1,56" Host="sharedthread-ggeheafjamb9hxc2.scm.centralus-01.azurewebsites.net" User-Agent="GITHUBACTIONS_DeployWebAppToAzure_df1ac74e5fcc350eb4fc3a077fcafa660132f4b2532732a238d3f4a07c967089" Authorization="Bas..." Content-Type="application/octet-stream" Cookie="ARRAffinity=53cb09fa1df56cad4377ddb96071183a2409f29839db9f7c48309c156a15e042;Path=/;HttpOnly;Secure;Domain=sharedthread-ggeheafjamb9hxc2.scm.centralus-01.azurewebsites.net; ARRAffinitySameSite=53cb09fa1df56cad4377ddb96071183a2409f29839db9f7c48309c156a15e042;Path=/;HttpOnly;SameSite=None;Secure;Domain=sharedthread-ggeheafjamb9hxc2.scm.centralus-01.azurewebsites.net" Transfer-Encoding="chunked" X-ARR-LOG-ID="42a78c37-edd8-4783-a459-3d98cb5c88f5" CLIENT-IP="135.232.224.88:24640" X-SITE-DEPLOYMENT-ID="sharedthread" WAS-DEFAULT-HOSTNAME="sharedthread-ggeheafjamb9hxc2.scm.centralus-01.azurewebsites.net" X-Forwarded-Proto="https" X-AppService-Proto="https" X-Forwarded-TlsVersion="1.3" X-WAWS-Unencoded-URL="/api/zipdeploy?isAsync=true&amp;deployer=GITHUB_ZIP_DEPLOY&amp;message=%7B%22type%22%3A%22deployment%22%2C%22sha%22%3A%220a6368186e3a7513d4cbc63dd9182f6d73e33610%22%2C%22repoName%22%3A%22mxchestnut%2Fsharedthread%22%2C%22actor%22%3A%22mxchestnut%22%2C%22slotName%22%3A%22production%22%2C%22commitMessage%22%3A%22%F0%9F%9A%80%20Go%20live!%20Switch%20from%20mock%20data%20to%20real%20PostgreSQL%20database%20on%20Azure%22%7D" X-Client-IP="135.232.224.88" X-Client-Port="24640" >
  <step title="Cleanup Xml Logs" date="2025-10-28T09:18:16.181" /><!-- duration: 16ms -->
  <step title="ZipPushDeploy" date="2025-10-28T09:18:16.311" >
    <step title="ZipDeploy. Run from package. Ignore remote build." date="2025-10-28T09:18:16.358" /><!-- duration: 10ms -->
    <step title="Starting PushDeployAsync" date="2025-10-28T09:18:16.398" /><!-- duration: 4ms -->
    <step title="WEBSITE_RUN_FROM_PACKAGE is set to 1. Writing zip to SitePackagesPath" date="2025-10-28T09:18:16.426" /><!-- duration: 16ms -->
    <step title="Copying zip to SitePackages /home/data/SitePackages/20251028091816.zip from request body" date="2025-10-28T09:18:16.452" /><!-- duration: 9ms -->
    <step title="Writing multipart request body to /home/data/SitePackages/20251028091816.zip" date="2025-10-28T09:18:16.474" /><!-- duration: 23ms -->
    <step title="Deleting outdated zip file /home/data/SitePackages/20251028080607.zip" date="2025-10-28T09:18:34.596" /><!-- duration: 33ms -->
    <step title="Start deployment in the background" date="2025-10-28T09:18:34.642" >
      <step title="Acquiring Deployment Lock" date="2025-10-28T09:18:34.711" /><!-- duration: 4ms -->
      <step title="Acquired Deployment Lock" date="2025-10-28T09:18:34.756" /><!-- duration: 12ms -->
    </step><!-- duration: 290ms -->
  </step><!-- duration: 18647ms -->
  <step title="Outgoing response" date="2025-10-28T09:18:34.968" type="response" statusCode="202" statusText="Accepted" /><!-- duration: 3ms -->
</step><!-- duration: 18811ms -->
