<step title="Incoming Request" date="2025-10-28T18:50:25.309" instance="53cb09" url="/api/zipdeploy?isAsync=true&amp;deployer=GITHUB_ZIP_DEPLOY&amp;message=%7B%22type%22%3A%22deployment%22%2C%22sha%22%3A%22fcc40e52f601ab191eaeccbc0e0226d96409d22c%22%2C%22repoName%22%3A%22mxchestnut%2Fsharedthread%22%2C%22actor%22%3A%22mxchestnut%22%2C%22slotName%22%3A%22production%22%2C%22commitMessage%22%3A%22Update%20TODO%20-%20mark%20completed%20items%20and%20set%20next%20priorities%22%7D" method="POST" type="request" pid="824,1,24" Host="sharedthread-ggeheafjamb9hxc2.scm.centralus-01.azurewebsites.net" User-Agent="GITHUBACTIONS_DeployWebAppToAzure_df1ac74e5fcc350eb4fc3a077fcafa660132f4b2532732a238d3f4a07c967089" Authorization="Bas..." Content-Type="application/octet-stream" Cookie="ARRAffinity=53cb09fa1df56cad4377ddb96071183a2409f29839db9f7c48309c156a15e042;Path=/;HttpOnly;Secure;Domain=sharedthread-ggeheafjamb9hxc2.scm.centralus-01.azurewebsites.net; ARRAffinitySameSite=53cb09fa1df56cad4377ddb96071183a2409f29839db9f7c48309c156a15e042;Path=/;HttpOnly;SameSite=None;Secure;Domain=sharedthread-ggeheafjamb9hxc2.scm.centralus-01.azurewebsites.net" Transfer-Encoding="chunked" X-ARR-LOG-ID="944009bb-fd54-4051-a203-7805045b18ce" CLIENT-IP="64.236.177.118:27648" X-SITE-DEPLOYMENT-ID="sharedthread" WAS-DEFAULT-HOSTNAME="sharedthread-ggeheafjamb9hxc2.scm.centralus-01.azurewebsites.net" X-Forwarded-Proto="https" X-AppService-Proto="https" X-Forwarded-TlsVersion="1.3" X-WAWS-Unencoded-URL="/api/zipdeploy?isAsync=true&amp;deployer=GITHUB_ZIP_DEPLOY&amp;message=%7B%22type%22%3A%22deployment%22%2C%22sha%22%3A%22fcc40e52f601ab191eaeccbc0e0226d96409d22c%22%2C%22repoName%22%3A%22mxchestnut%2Fsharedthread%22%2C%22actor%22%3A%22mxchestnut%22%2C%22slotName%22%3A%22production%22%2C%22commitMessage%22%3A%22Update%20TODO%20-%20mark%20completed%20items%20and%20set%20next%20priorities%22%7D" X-Client-IP="64.236.177.118" X-Client-Port="27648" >
  <step title="Cleanup Xml Logs" date="2025-10-28T18:50:25.326" >
    <step title="Cleanup Infos" date="2025-10-28T18:50:25.345" totalFiles="205" totalCleanup="45" /><!-- duration: 18ms -->
  </step><!-- duration: 46ms -->
  <step title="ZipPushDeploy" date="2025-10-28T18:50:25.431" >
    <step title="ZipDeploy. Run from package. Ignore remote build." date="2025-10-28T18:50:25.450" /><!-- duration: 4ms -->
    <step title="Starting PushDeployAsync" date="2025-10-28T18:50:25.466" /><!-- duration: 18ms -->
    <step title="WEBSITE_RUN_FROM_PACKAGE is set to 1. Writing zip to SitePackagesPath" date="2025-10-28T18:50:25.536" /><!-- duration: 5ms -->
    <step title="Copying zip to SitePackages /home/data/SitePackages/20251028185025.zip from request body" date="2025-10-28T18:50:25.571" /><!-- duration: 20ms -->
    <step title="Writing multipart request body to /home/data/SitePackages/20251028185025.zip" date="2025-10-28T18:50:25.622" /><!-- duration: 13ms -->
    <step title="Deleting outdated zip file /home/data/SitePackages/20251028141800.zip" date="2025-10-28T18:50:39.722" /><!-- duration: 12ms -->
    <step title="Start deployment in the background" date="2025-10-28T18:50:39.756" >
      <step title="Acquiring Deployment Lock" date="2025-10-28T18:50:39.964" /><!-- duration: 3ms -->
      <step title="Acquired Deployment Lock" date="2025-10-28T18:50:40.017" /><!-- duration: 8ms -->
    </step><!-- duration: 467ms -->
  </step><!-- duration: 14826ms -->
  <step title="Outgoing response" date="2025-10-28T18:50:40.279" type="response" statusCode="202" statusText="Accepted" /><!-- duration: 6ms -->
</step><!-- duration: 14980ms -->
