<step title="Incoming Request" date="2025-10-28T19:58:51.349" instance="53cb09" url="/api/zipdeploy?isAsync=true&amp;deployer=GITHUB_ZIP_DEPLOY&amp;message=%7B%22type%22%3A%22deployment%22%2C%22sha%22%3A%22fbd7726987a1151694c12bc45fa8cf737aab7de0%22%2C%22repoName%22%3A%22mxchestnut%2Fsharedthread%22%2C%22actor%22%3A%22mxchestnut%22%2C%22slotName%22%3A%22production%22%2C%22commitMessage%22%3A%22Fix%20admin%20access%20and%20community%20proposal%20review%20-%20normalize%20role%20to%20lowercase%2C%20include%20reviewer%20in%20API%20response%22%7D" method="POST" type="request" pid="824,1,29" Host="sharedthread-ggeheafjamb9hxc2.scm.centralus-01.azurewebsites.net" User-Agent="GITHUBACTIONS_DeployWebAppToAzure_df1ac74e5fcc350eb4fc3a077fcafa660132f4b2532732a238d3f4a07c967089" Authorization="Bas..." Content-Type="application/octet-stream" Cookie="ARRAffinity=53cb09fa1df56cad4377ddb96071183a2409f29839db9f7c48309c156a15e042;Path=/;HttpOnly;Secure;Domain=sharedthread-ggeheafjamb9hxc2.scm.centralus-01.azurewebsites.net; ARRAffinitySameSite=53cb09fa1df56cad4377ddb96071183a2409f29839db9f7c48309c156a15e042;Path=/;HttpOnly;SameSite=None;Secure;Domain=sharedthread-ggeheafjamb9hxc2.scm.centralus-01.azurewebsites.net" Transfer-Encoding="chunked" X-ARR-LOG-ID="88e87ff2-5f56-4f1b-b63e-42403b878fba" CLIENT-IP="52.176.37.65:47112" X-SITE-DEPLOYMENT-ID="sharedthread" WAS-DEFAULT-HOSTNAME="sharedthread-ggeheafjamb9hxc2.scm.centralus-01.azurewebsites.net" X-Forwarded-Proto="https" X-AppService-Proto="https" X-Forwarded-TlsVersion="1.3" X-WAWS-Unencoded-URL="/api/zipdeploy?isAsync=true&amp;deployer=GITHUB_ZIP_DEPLOY&amp;message=%7B%22type%22%3A%22deployment%22%2C%22sha%22%3A%22fbd7726987a1151694c12bc45fa8cf737aab7de0%22%2C%22repoName%22%3A%22mxchestnut%2Fsharedthread%22%2C%22actor%22%3A%22mxchestnut%22%2C%22slotName%22%3A%22production%22%2C%22commitMessage%22%3A%22Fix%20admin%20access%20and%20community%20proposal%20review%20-%20normalize%20role%20to%20lowercase%2C%20include%20reviewer%20in%20API%20response%22%7D" X-Client-IP="52.176.37.65" X-Client-Port="47112" >
  <step title="Cleanup Xml Logs" date="2025-10-28T19:58:51.363" >
    <step title="Cleanup Infos" date="2025-10-28T19:58:51.382" totalFiles="248" totalCleanup="88" /><!-- duration: 7ms -->
  </step><!-- duration: 31ms -->
  <step title="ZipPushDeploy" date="2025-10-28T19:58:51.455" >
    <step title="ZipDeploy. Run from package. Ignore remote build." date="2025-10-28T19:58:51.483" /><!-- duration: 8ms -->
    <step title="Starting PushDeployAsync" date="2025-10-28T19:58:51.503" /><!-- duration: 4ms -->
    <step title="WEBSITE_RUN_FROM_PACKAGE is set to 1. Writing zip to SitePackagesPath" date="2025-10-28T19:58:51.549" /><!-- duration: 7ms -->
    <step title="Copying zip to SitePackages /home/data/SitePackages/20251028195851.zip from request body" date="2025-10-28T19:58:51.570" /><!-- duration: 18ms -->
    <step title="Writing multipart request body to /home/data/SitePackages/20251028195851.zip" date="2025-10-28T19:58:51.604" /><!-- duration: 11ms -->
    <step title="Deleting outdated zip file /home/data/SitePackages/20251028185415.zip" date="2025-10-28T19:59:04.745" /><!-- duration: 45ms -->
    <step title="Start deployment in the background" date="2025-10-28T19:59:04.814" >
      <step title="Acquiring Deployment Lock" date="2025-10-28T19:59:04.948" /><!-- duration: 12ms -->
      <step title="Acquired Deployment Lock" date="2025-10-28T19:59:05.032" /><!-- duration: 5ms -->
    </step><!-- duration: 564ms -->
  </step><!-- duration: 13954ms -->
  <step title="Outgoing response" date="2025-10-28T19:59:05.417" type="response" statusCode="202" statusText="Accepted" /><!-- duration: 4ms -->
</step><!-- duration: 14076ms -->
