<step title="Incoming Request" date="2025-10-31T05:30:27.616" instance="53cb09" url="/api/zipdeploy?isAsync=true&amp;deployer=GITHUB_ZIP_DEPLOY&amp;message=%7B%22type%22%3A%22deployment%22%2C%22sha%22%3A%22879427b75b8bdfbb0514d01da8799b4c3c0c217f%22%2C%22repoName%22%3A%22mxchestnut%2Fsharedthread%22%2C%22actor%22%3A%22mxchestnut%22%2C%22slotName%22%3A%22production%22%2C%22commitMessage%22%3A%22chore%3A%20add%20cleanup-actions-runs.sh%20for%20bulk%20deletion%20of%20Actions%20runs%2Fartifacts%2Flogs%22%7D" method="POST" type="request" pid="823,1,46" Host="sharedthread-ggeheafjamb9hxc2.scm.centralus-01.azurewebsites.net" User-Agent="GITHUBACTIONS_DeployWebAppToAzure_df1ac74e5fcc350eb4fc3a077fcafa660132f4b2532732a238d3f4a07c967089" Authorization="Bas..." Content-Type="application/octet-stream" Cookie="ARRAffinity=53cb09fa1df56cad4377ddb96071183a2409f29839db9f7c48309c156a15e042;Path=/;HttpOnly;Secure;Domain=sharedthread-ggeheafjamb9hxc2.scm.centralus-01.azurewebsites.net; ARRAffinitySameSite=53cb09fa1df56cad4377ddb96071183a2409f29839db9f7c48309c156a15e042;Path=/;HttpOnly;SameSite=None;Secure;Domain=sharedthread-ggeheafjamb9hxc2.scm.centralus-01.azurewebsites.net" Transfer-Encoding="chunked" X-ARR-LOG-ID="7023770a-5487-48a9-9164-f5e3eb6e5ed2" CLIENT-IP="68.154.54.100:42016" X-SITE-DEPLOYMENT-ID="sharedthread" WAS-DEFAULT-HOSTNAME="sharedthread-ggeheafjamb9hxc2.scm.centralus-01.azurewebsites.net" X-Forwarded-Proto="https" X-AppService-Proto="https" X-Forwarded-TlsVersion="1.3" X-WAWS-Unencoded-URL="/api/zipdeploy?isAsync=true&amp;deployer=GITHUB_ZIP_DEPLOY&amp;message=%7B%22type%22%3A%22deployment%22%2C%22sha%22%3A%22879427b75b8bdfbb0514d01da8799b4c3c0c217f%22%2C%22repoName%22%3A%22mxchestnut%2Fsharedthread%22%2C%22actor%22%3A%22mxchestnut%22%2C%22slotName%22%3A%22production%22%2C%22commitMessage%22%3A%22chore%3A%20add%20cleanup-actions-runs.sh%20for%20bulk%20deletion%20of%20Actions%20runs%2Fartifacts%2Flogs%22%7D" X-Client-IP="68.154.54.100" X-Client-Port="42016" >
  <step title="Cleanup Xml Logs" date="2025-10-31T05:30:27.621" >
    <step title="Cleanup Infos" date="2025-10-31T05:30:27.641" totalFiles="349" totalCleanup="189" /><!-- duration: 8ms -->
  </step><!-- duration: 33ms -->
  <step title="ZipPushDeploy" date="2025-10-31T05:30:27.687" >
    <step title="ZipDeploy. Run from package. Ignore remote build." date="2025-10-31T05:30:27.708" /><!-- duration: 4ms -->
    <step title="Starting PushDeployAsync" date="2025-10-31T05:30:27.722" /><!-- duration: 14ms -->
    <step title="WEBSITE_RUN_FROM_PACKAGE is set to 1. Writing zip to SitePackagesPath" date="2025-10-31T05:30:27.774" /><!-- duration: 11ms -->
    <step title="Copying zip to SitePackages /home/data/SitePackages/20251031053027.zip from request body" date="2025-10-31T05:30:27.820" /><!-- duration: 10ms -->
    <step title="Writing multipart request body to /home/data/SitePackages/20251031053027.zip" date="2025-10-31T05:30:27.850" /><!-- duration: 16ms -->
    <step title="Deleting outdated zip file /home/data/SitePackages/20251029162800.zip" date="2025-10-31T05:30:50.889" /><!-- duration: 18ms -->
    <step title="Start deployment in the background" date="2025-10-31T05:30:50.945" >
      <step title="Acquiring Deployment Lock" date="2025-10-31T05:30:51.039" /><!-- duration: 5ms -->
      <step title="Acquired Deployment Lock" date="2025-10-31T05:30:51.304" /><!-- duration: 9ms -->
    </step><!-- duration: 581ms -->
  </step><!-- duration: 23881ms -->
  <step title="Outgoing response" date="2025-10-31T05:30:51.604" type="response" statusCode="202" statusText="Accepted" /><!-- duration: 4ms -->
</step><!-- duration: 23996ms -->
