<step title="Incoming Request" date="2025-10-28T20:13:13.675" instance="53cb09" url="/api/zipdeploy?isAsync=true&amp;deployer=GITHUB_ZIP_DEPLOY&amp;message=%7B%22type%22%3A%22deployment%22%2C%22sha%22%3A%221f91e9efd965d333666c27c8202ed2dbafb4220a%22%2C%22repoName%22%3A%22mxchestnut%2Fsharedthread%22%2C%22actor%22%3A%22mxchestnut%22%2C%22slotName%22%3A%22production%22%2C%22commitMessage%22%3A%22Fix%20proposal%20date%20handling%20and%20add%20communities%20management%20page%22%7D" method="POST" type="request" pid="824,1,30" Host="sharedthread-ggeheafjamb9hxc2.scm.centralus-01.azurewebsites.net" User-Agent="GITHUBACTIONS_DeployWebAppToAzure_df1ac74e5fcc350eb4fc3a077fcafa660132f4b2532732a238d3f4a07c967089" Authorization="Bas..." Content-Type="application/octet-stream" Cookie="ARRAffinity=53cb09fa1df56cad4377ddb96071183a2409f29839db9f7c48309c156a15e042;Path=/;HttpOnly;Secure;Domain=sharedthread-ggeheafjamb9hxc2.scm.centralus-01.azurewebsites.net; ARRAffinitySameSite=53cb09fa1df56cad4377ddb96071183a2409f29839db9f7c48309c156a15e042;Path=/;HttpOnly;SameSite=None;Secure;Domain=sharedthread-ggeheafjamb9hxc2.scm.centralus-01.azurewebsites.net" Transfer-Encoding="chunked" X-ARR-LOG-ID="b4b123c2-6e1b-4019-a72c-753cec946764" CLIENT-IP="20.109.38.53:11312" X-SITE-DEPLOYMENT-ID="sharedthread" WAS-DEFAULT-HOSTNAME="sharedthread-ggeheafjamb9hxc2.scm.centralus-01.azurewebsites.net" X-Forwarded-Proto="https" X-AppService-Proto="https" X-Forwarded-TlsVersion="1.3" X-WAWS-Unencoded-URL="/api/zipdeploy?isAsync=true&amp;deployer=GITHUB_ZIP_DEPLOY&amp;message=%7B%22type%22%3A%22deployment%22%2C%22sha%22%3A%221f91e9efd965d333666c27c8202ed2dbafb4220a%22%2C%22repoName%22%3A%22mxchestnut%2Fsharedthread%22%2C%22actor%22%3A%22mxchestnut%22%2C%22slotName%22%3A%22production%22%2C%22commitMessage%22%3A%22Fix%20proposal%20date%20handling%20and%20add%20communities%20management%20page%22%7D" X-Client-IP="20.109.38.53" X-Client-Port="11312" >
  <step title="Cleanup Xml Logs" date="2025-10-28T20:13:13.682" >
    <step title="Cleanup Infos" date="2025-10-28T20:13:13.725" totalFiles="255" totalCleanup="95" /><!-- duration: 8ms -->
  </step><!-- duration: 55ms -->
  <step title="ZipPushDeploy" date="2025-10-28T20:13:13.954" >
    <step title="ZipDeploy. Run from package. Ignore remote build." date="2025-10-28T20:13:14.163" /><!-- duration: 12ms -->
    <step title="Starting PushDeployAsync" date="2025-10-28T20:13:14.342" /><!-- duration: 25ms -->
    <step title="WEBSITE_RUN_FROM_PACKAGE is set to 1. Writing zip to SitePackagesPath" date="2025-10-28T20:13:14.500" /><!-- duration: 21ms -->
    <step title="Copying zip to SitePackages /home/data/SitePackages/20251028201314.zip from request body" date="2025-10-28T20:13:14.585" /><!-- duration: 20ms -->
    <step title="Writing multipart request body to /home/data/SitePackages/20251028201314.zip" date="2025-10-28T20:13:14.641" /><!-- duration: 13ms -->
    <step title="Deleting outdated zip file /home/data/SitePackages/20251028185448.zip" date="2025-10-28T20:13:30.123" /><!-- duration: 58ms -->
    <step title="Start deployment in the background" date="2025-10-28T20:13:30.340" >
      <step title="Acquiring Deployment Lock" date="2025-10-28T20:13:30.560" /><!-- duration: 16ms -->
      <step title="Acquired Deployment Lock" date="2025-10-28T20:13:30.675" /><!-- duration: 16ms -->
    </step><!-- duration: 768ms -->
  </step><!-- duration: 17204ms -->
  <step title="Outgoing response" date="2025-10-28T20:13:31.172" type="response" statusCode="202" statusText="Accepted" /><!-- duration: 16ms -->
</step><!-- duration: 17517ms -->
