<step title="Incoming Request" date="2025-10-31T15:29:59.821" instance="53cb09" url="/api/zipdeploy?isAsync=true&amp;deployer=GITHUB_ZIP_DEPLOY&amp;message=%7B%22type%22%3A%22deployment%22%2C%22sha%22%3A%22f490750ae21275f3c6d66a0931569e2e2d5b8c32%22%2C%22repoName%22%3A%22mxchestnut%2Fsharedthread%22%2C%22actor%22%3A%22mxchestnut%22%2C%22slotName%22%3A%22production%22%2C%22commitMessage%22%3A%22Add%20simple%20Prisma%20test%20endpoint%20at%20shallow%20route%5Cn%5CnTesting%3A%5Cn-%20Shallow%20route%20(%2Fapi%2Fprisma-test%20vs%20%2Fapi%2Fdebug%2F*)%5Cn-%20Simplified%20Prisma%20import%20and%20testing%5Cn-%20Basic%20connection%20test%20with%20console%20logging%5Cn%5CnThis%20will%20help%20isolate%20routing%20vs%20Prisma%20issues.%22%7D" method="POST" type="request" pid="825,1,3" Host="sharedthread-ggeheafjamb9hxc2.scm.centralus-01.azurewebsites.net" User-Agent="GITHUBACTIONS_DeployWebAppToAzure_df1ac74e5fcc350eb4fc3a077fcafa660132f4b2532732a238d3f4a07c967089" Authorization="Bas..." Content-Type="application/octet-stream" Cookie="ARRAffinity=53cb09fa1df56cad4377ddb96071183a2409f29839db9f7c48309c156a15e042;Path=/;HttpOnly;Secure;Domain=sharedthread-ggeheafjamb9hxc2.scm.centralus-01.azurewebsites.net; ARRAffinitySameSite=53cb09fa1df56cad4377ddb96071183a2409f29839db9f7c48309c156a15e042;Path=/;HttpOnly;SameSite=None;Secure;Domain=sharedthread-ggeheafjamb9hxc2.scm.centralus-01.azurewebsites.net" Transfer-Encoding="chunked" X-ARR-LOG-ID="c61ab159-51e2-47d3-bc76-a3d6062bf618" CLIENT-IP="20.171.126.215:2104" X-SITE-DEPLOYMENT-ID="sharedthread" WAS-DEFAULT-HOSTNAME="sharedthread-ggeheafjamb9hxc2.scm.centralus-01.azurewebsites.net" X-Forwarded-Proto="https" X-AppService-Proto="https" X-Forwarded-TlsVersion="1.3" X-WAWS-Unencoded-URL="/api/zipdeploy?isAsync=true&amp;deployer=GITHUB_ZIP_DEPLOY&amp;message=%7B%22type%22%3A%22deployment%22%2C%22sha%22%3A%22f490750ae21275f3c6d66a0931569e2e2d5b8c32%22%2C%22repoName%22%3A%22mxchestnut%2Fsharedthread%22%2C%22actor%22%3A%22mxchestnut%22%2C%22slotName%22%3A%22production%22%2C%22commitMessage%22%3A%22Add%20simple%20Prisma%20test%20endpoint%20at%20shallow%20route%5Cn%5CnTesting%3A%5Cn-%20Shallow%20route%20(%2Fapi%2Fprisma-test%20vs%20%2Fapi%2Fdebug%2F*)%5Cn-%20Simplified%20Prisma%20import%20and%20testing%5Cn-%20Basic%20connection%20test%20with%20console%20logging%5Cn%5CnThis%20will%20help%20isolate%20routing%20vs%20Prisma%20issues.%22%7D" X-Client-IP="20.171.126.215" X-Client-Port="2104" >
  <step title="Cleanup Xml Logs" date="2025-10-31T15:29:59.835" >
    <step title="Cleanup Infos" date="2025-10-31T15:29:59.919" totalFiles="467" totalCleanup="307" /><!-- duration: 21ms -->
  </step><!-- duration: 114ms -->
  <step title="ZipPushDeploy" date="2025-10-31T15:30:00.508" >
    <step title="ZipDeploy. Run from package. Ignore remote build." date="2025-10-31T15:30:00.521" /><!-- duration: 3ms -->
    <step title="Starting PushDeployAsync" date="2025-10-31T15:30:00.541" /><!-- duration: 8ms -->
    <step title="WEBSITE_RUN_FROM_PACKAGE is set to 1. Writing zip to SitePackagesPath" date="2025-10-31T15:30:00.567" /><!-- duration: 4ms -->
    <step title="Copying zip to SitePackages /home/data/SitePackages/20251031153000.zip from request body" date="2025-10-31T15:30:00.602" /><!-- duration: 4ms -->
    <step title="Writing multipart request body to /home/data/SitePackages/20251031153000.zip" date="2025-10-31T15:30:00.609" /><!-- duration: 8ms -->
    <step title="Deleting outdated zip file /home/data/SitePackages/20251031131845.zip" date="2025-10-31T15:30:44.629" /><!-- duration: 35ms -->
    <step title="Start deployment in the background" date="2025-10-31T15:30:44.904" >
      <step title="Acquiring Deployment Lock" date="2025-10-31T15:30:45.188" /><!-- duration: 27ms -->
      <step title="Acquired Deployment Lock" date="2025-10-31T15:30:45.385" /><!-- duration: 18ms -->
    </step><!-- duration: 1034ms -->
  </step><!-- duration: 45466ms -->
  <step title="Outgoing response" date="2025-10-31T15:30:45.984" type="response" statusCode="202" statusText="Accepted" /><!-- duration: 10ms -->
</step><!-- duration: 46180ms -->
