<step title="Incoming Request" date="2025-10-31T15:30:53.547" instance="53cb09" url="/api/deployments/latest?deployer=GITHUB_ZIP_DEPLOY&amp;time=2025-10-31_15-30-45Z" method="GET" type="request" pid="825,1,5" Host="sharedthread-ggeheafjamb9hxc2.scm.centralus-01.azurewebsites.net" User-Agent="GITHUBACTIONS_DeployWebAppToAzure_df1ac74e5fcc350eb4fc3a077fcafa660132f4b2532732a238d3f4a07c967089" Authorization="Bas..." Content-Type="application/json; charset=utf-8" Cookie="ARRAffinity=53cb09fa1df56cad4377ddb96071183a2409f29839db9f7c48309c156a15e042;Path=/;HttpOnly;Secure;Domain=sharedthread-ggeheafjamb9hxc2.scm.centralus-01.azurewebsites.net; ARRAffinitySameSite=53cb09fa1df56cad4377ddb96071183a2409f29839db9f7c48309c156a15e042;Path=/;HttpOnly;SameSite=None;Secure;Domain=sharedthread-ggeheafjamb9hxc2.scm.centralus-01.azurewebsites.net" Content-Length="0" X-ARR-LOG-ID="77dc6782-b4c8-4d11-8829-d07b3ef2fb9e" CLIENT-IP="20.171.126.215:2106" X-SITE-DEPLOYMENT-ID="sharedthread" WAS-DEFAULT-HOSTNAME="sharedthread-ggeheafjamb9hxc2.scm.centralus-01.azurewebsites.net" X-Forwarded-Proto="https" X-AppService-Proto="https" X-Forwarded-TlsVersion="1.3" X-WAWS-Unencoded-URL="/api/deployments/latest?deployer=GITHUB_ZIP_DEPLOY&amp;time=2025-10-31_15-30-45Z" X-Client-IP="20.171.126.215" X-Client-Port="2106" >
  <step title="Cleanup Xml Logs" date="2025-10-31T15:30:53.550" >
    <step title="Cleanup Infos" date="2025-10-31T15:30:53.593" totalFiles="470" totalCleanup="310" /><!-- duration: 21ms -->
  </step><!-- duration: 74ms -->
  <step title="DeploymentService.GetResult" date="2025-10-31T15:30:53.651" >
    <step title="DeploymentService.GetLatestDeployment" date="2025-10-31T15:30:53.658" >
      <step title="DeploymentManager.GetResults" date="2025-10-31T15:30:53.662" /><!-- duration: 1784ms -->
    </step><!-- duration: 1808ms -->
  </step><!-- duration: 1841ms -->
  <step title="Outgoing response" date="2025-10-31T15:30:55.510" type="response" statusCode="202" statusText="Accepted" /><!-- duration: 27ms -->
</step><!-- duration: 2008ms -->
