<step title="Incoming Request" date="2025-10-31T13:05:29.182" instance="53cb09" url="/api/zipdeploy?isAsync=true&amp;deployer=GITHUB_ZIP_DEPLOY&amp;message=%7B%22type%22%3A%22deployment%22%2C%22sha%22%3A%22a96819a8a5783d71f1c82bd66fcad1eb50579436%22%2C%22repoName%22%3A%22mxchestnut%2Fsharedthread%22%2C%22actor%22%3A%22mxchestnut%22%2C%22slotName%22%3A%22production%22%2C%22commitMessage%22%3A%22Add%20Sentry%20test%20endpoint%20to%20verify%20error%20reporting%22%7D" method="POST" type="request" pid="823,1,17" Host="sharedthread-ggeheafjamb9hxc2.scm.centralus-01.azurewebsites.net" User-Agent="GITHUBACTIONS_DeployWebAppToAzure_df1ac74e5fcc350eb4fc3a077fcafa660132f4b2532732a238d3f4a07c967089" Authorization="Bas..." Content-Type="application/octet-stream" Cookie="ARRAffinity=53cb09fa1df56cad4377ddb96071183a2409f29839db9f7c48309c156a15e042;Path=/;HttpOnly;Secure;Domain=sharedthread-ggeheafjamb9hxc2.scm.centralus-01.azurewebsites.net; ARRAffinitySameSite=53cb09fa1df56cad4377ddb96071183a2409f29839db9f7c48309c156a15e042;Path=/;HttpOnly;SameSite=None;Secure;Domain=sharedthread-ggeheafjamb9hxc2.scm.centralus-01.azurewebsites.net" Transfer-Encoding="chunked" X-ARR-LOG-ID="b8ad550a-d4de-4069-8c40-849f84d22b69" CLIENT-IP="57.151.128.245:1024" X-SITE-DEPLOYMENT-ID="sharedthread" WAS-DEFAULT-HOSTNAME="sharedthread-ggeheafjamb9hxc2.scm.centralus-01.azurewebsites.net" X-Forwarded-Proto="https" X-AppService-Proto="https" X-Forwarded-TlsVersion="1.3" X-WAWS-Unencoded-URL="/api/zipdeploy?isAsync=true&amp;deployer=GITHUB_ZIP_DEPLOY&amp;message=%7B%22type%22%3A%22deployment%22%2C%22sha%22%3A%22a96819a8a5783d71f1c82bd66fcad1eb50579436%22%2C%22repoName%22%3A%22mxchestnut%2Fsharedthread%22%2C%22actor%22%3A%22mxchestnut%22%2C%22slotName%22%3A%22production%22%2C%22commitMessage%22%3A%22Add%20Sentry%20test%20endpoint%20to%20verify%20error%20reporting%22%7D" X-Client-IP="57.151.128.245" X-Client-Port="1024" >
  <step title="Cleanup Xml Logs" date="2025-10-31T13:05:29.190" >
    <step title="Cleanup Infos" date="2025-10-31T13:05:29.209" totalFiles="411" totalCleanup="251" /><!-- duration: 8ms -->
  </step><!-- duration: 48ms -->
  <step title="ZipPushDeploy" date="2025-10-31T13:05:29.557" >
    <step title="ZipDeploy. Run from package. Ignore remote build." date="2025-10-31T13:05:29.595" /><!-- duration: 35ms -->
    <step title="None repository commit" date="2025-10-31T13:05:29.668" >
      <step title="Commit id: 0a1b3286-7193-4dca-8bc3-d28c575ae720" date="2025-10-31T13:05:29.684" Message="N/A" AuthorName="N/A" AuthorEmail="N/A" /><!-- duration: 3ms -->
    </step><!-- duration: 28ms -->
    <step title="Starting PushDeployAsync" date="2025-10-31T13:05:29.721" /><!-- duration: 11ms -->
    <step title="WEBSITE_RUN_FROM_PACKAGE is set to 1. Writing zip to SitePackagesPath" date="2025-10-31T13:05:29.779" /><!-- duration: 4ms -->
    <step title="Copying zip to SitePackages /home/data/SitePackages/20251031130529.zip from request body" date="2025-10-31T13:05:29.793" /><!-- duration: 6ms -->
    <step title="Writing multipart request body to /home/data/SitePackages/20251031130529.zip" date="2025-10-31T13:05:29.802" /><!-- duration: 4ms -->
    <step title="Deleting outdated zip file /home/data/SitePackages/20251031062550.zip" date="2025-10-31T13:05:51.182" /><!-- duration: 27ms -->
    <step title="Start deployment in the background" date="2025-10-31T13:05:51.266" >
      <step title="Acquiring Deployment Lock" date="2025-10-31T13:05:51.467" /><!-- duration: 38ms -->
      <step title="Acquired Deployment Lock" date="2025-10-31T13:05:51.563" /><!-- duration: 5ms -->
    </step><!-- duration: 438ms -->
  </step><!-- duration: 22157ms -->
  <step title="Outgoing response" date="2025-10-31T13:05:51.725" type="response" statusCode="202" statusText="Accepted" /><!-- duration: 12ms -->
</step><!-- duration: 22561ms -->
