<step title="BackgroundTrace" date="2025-10-29T10:40:24.552" instance="53cb09" url="/api/zipdeploy" method="POST" >
  <step title="Cleanup Xml Logs" date="2025-10-29T10:40:24.558" >
    <step title="Cleanup Infos" date="2025-10-29T10:40:24.607" totalFiles="264" totalCleanup="104" /><!-- duration: 29ms -->
  </step><!-- duration: 87ms -->
  <step title="Creating temporary deployment - FetchDeploymentManager" date="2025-10-29T10:40:24.765" /><!-- duration: 4ms -->
  <step title="Creating temporary deployment" date="2025-10-29T10:40:24.773" /><!-- duration: 137ms -->
  <step title="Performing fetch based deployment" date="2025-10-29T10:40:24.997" >
    <step title="Deployment timer started" date="2025-10-29T10:40:29.276" >
      <step title="DeploymentManager.Deploy(id:64d1a1e3-a820-47b8-9dd5-de4c4783349f)" date="2025-10-29T10:40:29.287" >
        <step title="Collecting changeset information" date="2025-10-29T10:40:29.305" /><!-- duration: 152ms -->
        <step title="Updating submodules" date="2025-10-29T10:40:29.462" /><!-- duration: 1156ms -->
        <step title="Determining deployment builder" date="2025-10-29T10:40:30.839" >
          <step title="Builder is RunFromZipSiteBuilder" date="2025-10-29T10:40:30.852" /><!-- duration: 9ms -->
        </step><!-- duration: 76ms -->
        <step title="PreDeployment: context.CleanOutputPath False" date="2025-10-29T10:40:30.992" >
          <step title="PreDeployment: context.OutputPath /home/site/wwwroot" date="2025-10-29T10:40:31.103" >
            <step title="Building" date="2025-10-29T10:40:31.279" >
              <step title="Triggering recycle (preview mode disabled)." date="2025-10-29T10:40:31.692" /><!-- duration: 11ms -->
              <step title="Modified file to trigger a restart of the app container." date="2025-10-29T10:40:31.745" /><!-- duration: 17ms -->
              <step title="Skip function trigger and logicapp sync because function is not enabled." date="2025-10-29T10:40:31.771" /><!-- duration: 11ms -->
              <step title="Purge deployment items" date="2025-10-29T10:40:33.071" >
                <step title="Remove 1a8e306a-, Success, received at 10/28/2025 16:37:16" date="2025-10-29T10:40:33.192" /><!-- duration: 7ms -->
              </step><!-- duration: 134ms -->
            </step><!-- duration: 1996ms -->
          </step><!-- duration: 2177ms -->
          <step title="Cleaning up temp files" date="2025-10-29T10:40:33.283" /><!-- duration: 6ms -->
          <step title="Cleaning up temp files" date="2025-10-29T10:40:33.300" /><!-- duration: 535ms -->
          <step title="Reloading status file with latest updates" date="2025-10-29T10:40:34.147" >
            <step title="WebHooksManager.PublishEventAsync: PostDeployment" date="2025-10-29T10:40:34.156" /><!-- duration: 102ms -->
          </step><!-- duration: 118ms -->
          <step title="Cleaning up temporary deployment - fetch deployment was successful" date="2025-10-29T10:40:34.277" /><!-- duration: 5ms -->
        </step><!-- duration: 3335ms -->
      </step><!-- duration: 5054ms -->
