<step title="Incoming Request" date="2025-10-31T07:24:02.303" instance="53cb09" url="/api/deployments/latest?deployer=GITHUB_ZIP_DEPLOY&amp;time=2025-10-31_07-23-55Z" method="GET" type="request" pid="823,1,17" Host="sharedthread-ggeheafjamb9hxc2.scm.centralus-01.azurewebsites.net" User-Agent="GITHUBACTIONS_DeployWebAppToAzure_df1ac74e5fcc350eb4fc3a077fcafa660132f4b2532732a238d3f4a07c967089" Authorization="Bas..." Content-Type="application/json; charset=utf-8" Cookie="ARRAffinity=53cb09fa1df56cad4377ddb96071183a2409f29839db9f7c48309c156a15e042;Path=/;HttpOnly;Secure;Domain=sharedthread-ggeheafjamb9hxc2.scm.centralus-01.azurewebsites.net; ARRAffinitySameSite=53cb09fa1df56cad4377ddb96071183a2409f29839db9f7c48309c156a15e042;Path=/;HttpOnly;SameSite=None;Secure;Domain=sharedthread-ggeheafjamb9hxc2.scm.centralus-01.azurewebsites.net" Content-Length="0" X-ARR-LOG-ID="c04c6462-66ae-45d9-b695-d64851c80e79" CLIENT-IP="172.184.211.64:29569" X-SITE-DEPLOYMENT-ID="sharedthread" WAS-DEFAULT-HOSTNAME="sharedthread-ggeheafjamb9hxc2.scm.centralus-01.azurewebsites.net" X-Forwarded-Proto="https" X-AppService-Proto="https" X-Forwarded-TlsVersion="1.3" X-WAWS-Unencoded-URL="/api/deployments/latest?deployer=GITHUB_ZIP_DEPLOY&amp;time=2025-10-31_07-23-55Z" X-Client-IP="172.184.211.64" X-Client-Port="29569" >
  <step title="Cleanup Xml Logs" date="2025-10-31T07:24:02.351" >
    <step title="Cleanup Infos" date="2025-10-31T07:24:02.444" totalFiles="380" totalCleanup="220" /><!-- duration: 41ms -->
  </step><!-- duration: 188ms -->
  <step title="DeploymentService.GetResult" date="2025-10-31T07:24:02.604" >
    <step title="DeploymentService.GetLatestDeployment" date="2025-10-31T07:24:02.623" >
      <step title="DeploymentManager.GetResults" date="2025-10-31T07:24:02.646" /><!-- duration: 2884ms -->
    </step><!-- duration: 2928ms -->
  </step><!-- duration: 3023ms -->
  <step title="Outgoing response" date="2025-10-31T07:24:05.678" type="response" statusCode="202" statusText="Accepted" /><!-- duration: 38ms -->
</step><!-- duration: 3460ms -->
