<step title="BackgroundTrace" date="2025-10-29T14:15:45.649" instance="53cb09" url="/api/zipdeploy" method="POST" >
  <step title="Cleanup Xml Logs" date="2025-10-29T14:15:45.662" >
    <step title="Cleanup Infos" date="2025-10-29T14:15:45.743" totalFiles="292" totalCleanup="132" /><!-- duration: 21ms -->
  </step><!-- duration: 109ms -->
  <step title="Creating temporary deployment - FetchDeploymentManager" date="2025-10-29T14:15:46.076" /><!-- duration: 8ms -->
  <step title="Creating temporary deployment" date="2025-10-29T14:15:46.158" /><!-- duration: 284ms -->
  <step title="Performing fetch based deployment" date="2025-10-29T14:15:46.572" >
    <step title="Deployment timer started" date="2025-10-29T14:15:51.545" >
      <step title="DeploymentManager.Deploy(id:2eccb4d6-42bb-4000-b0db-f68114efdaa6)" date="2025-10-29T14:15:51.556" >
        <step title="Collecting changeset information" date="2025-10-29T14:15:51.603" /><!-- duration: 163ms -->
        <step title="Updating submodules" date="2025-10-29T14:15:51.774" /><!-- duration: 1157ms -->
        <step title="Determining deployment builder" date="2025-10-29T14:15:53.269" >
          <step title="Builder is RunFromZipSiteBuilder" date="2025-10-29T14:15:53.289" /><!-- duration: 18ms -->
        </step><!-- duration: 190ms -->
        <step title="PreDeployment: context.CleanOutputPath False" date="2025-10-29T14:15:53.579" >
          <step title="PreDeployment: context.OutputPath /home/site/wwwroot" date="2025-10-29T14:15:53.714" >
            <step title="Building" date="2025-10-29T14:15:53.878" >
              <step title="Triggering recycle (preview mode disabled)." date="2025-10-29T14:15:54.461" /><!-- duration: 14ms -->
              <step title="Modified file to trigger a restart of the app container." date="2025-10-29T14:15:54.526" /><!-- duration: 3ms -->
              <step title="Skip function trigger and logicapp sync because function is not enabled." date="2025-10-29T14:15:54.533" /><!-- duration: 13ms -->
              <step title="Purge deployment items" date="2025-10-29T14:15:56.274" >
                <step title="Remove da799ea8-, Success, received at 10/28/2025 18:55:15" date="2025-10-29T14:15:56.446" /><!-- duration: 10ms -->
              </step><!-- duration: 239ms -->
            </step><!-- duration: 3915ms -->
          </step><!-- duration: 4092ms -->
          <step title="Cleaning up temp files" date="2025-10-29T14:15:57.810" /><!-- duration: 57ms -->
          <step title="Cleaning up temp files" date="2025-10-29T14:15:57.871" /><!-- duration: 506ms -->
          <step title="Reloading status file with latest updates" date="2025-10-29T14:15:58.422" >
            <step title="WebHooksManager.PublishEventAsync: PostDeployment" date="2025-10-29T14:15:58.428" /><!-- duration: 33ms -->
          </step><!-- duration: 43ms -->
          <step title="Cleaning up temporary deployment - fetch deployment was successful" date="2025-10-29T14:15:58.473" /><!-- duration: 4ms -->
        </step><!-- duration: 4962ms -->
      </step><!-- duration: 7001ms -->
