<step title="Incoming Request" date="2025-10-28T13:00:59.488" instance="53cb09" url="/api/zipdeploy?isAsync=true&amp;deployer=GITHUB_ZIP_DEPLOY&amp;message=%7B%22type%22%3A%22deployment%22%2C%22sha%22%3A%22a05259a7091b05d9cfac07842e3ebc56531df4da%22%2C%22repoName%22%3A%22mxchestnut%2Fsharedthread%22%2C%22actor%22%3A%22mxchestnut%22%2C%22slotName%22%3A%22production%22%2C%22commitMessage%22%3A%22Fix%20useSearchParams%20Suspense%20boundary%20issue%20in%20login%20page%22%7D" method="POST" type="request" pid="824,1,17" Host="sharedthread-ggeheafjamb9hxc2.scm.centralus-01.azurewebsites.net" User-Agent="GITHUBACTIONS_DeployWebAppToAzure_df1ac74e5fcc350eb4fc3a077fcafa660132f4b2532732a238d3f4a07c967089" Authorization="Bas..." Content-Type="application/octet-stream" Cookie="ARRAffinity=53cb09fa1df56cad4377ddb96071183a2409f29839db9f7c48309c156a15e042;Path=/;HttpOnly;Secure;Domain=sharedthread-ggeheafjamb9hxc2.scm.centralus-01.azurewebsites.net; ARRAffinitySameSite=53cb09fa1df56cad4377ddb96071183a2409f29839db9f7c48309c156a15e042;Path=/;HttpOnly;SameSite=None;Secure;Domain=sharedthread-ggeheafjamb9hxc2.scm.centralus-01.azurewebsites.net" Transfer-Encoding="chunked" X-ARR-LOG-ID="6c3db707-c518-4dba-a55b-3da156be0b1a" CLIENT-IP="64.236.143.33:57352" X-SITE-DEPLOYMENT-ID="sharedthread" WAS-DEFAULT-HOSTNAME="sharedthread-ggeheafjamb9hxc2.scm.centralus-01.azurewebsites.net" X-Forwarded-Proto="https" X-AppService-Proto="https" X-Forwarded-TlsVersion="1.3" X-WAWS-Unencoded-URL="/api/zipdeploy?isAsync=true&amp;deployer=GITHUB_ZIP_DEPLOY&amp;message=%7B%22type%22%3A%22deployment%22%2C%22sha%22%3A%22a05259a7091b05d9cfac07842e3ebc56531df4da%22%2C%22repoName%22%3A%22mxchestnut%2Fsharedthread%22%2C%22actor%22%3A%22mxchestnut%22%2C%22slotName%22%3A%22production%22%2C%22commitMessage%22%3A%22Fix%20useSearchParams%20Suspense%20boundary%20issue%20in%20login%20page%22%7D" X-Client-IP="64.236.143.33" X-Client-Port="57352" >
  <step title="Cleanup Xml Logs" date="2025-10-28T13:00:59.501" /><!-- duration: 16ms -->
  <step title="ZipPushDeploy" date="2025-10-28T13:00:59.631" >
    <step title="ZipDeploy. Run from package. Ignore remote build." date="2025-10-28T13:00:59.807" /><!-- duration: 10ms -->
    <step title="Starting PushDeployAsync" date="2025-10-28T13:00:59.833" /><!-- duration: 5ms -->
    <step title="WEBSITE_RUN_FROM_PACKAGE is set to 1. Writing zip to SitePackagesPath" date="2025-10-28T13:00:59.890" /><!-- duration: 10ms -->
    <step title="Copying zip to SitePackages /home/data/SitePackages/20251028130059.zip from request body" date="2025-10-28T13:00:59.913" /><!-- duration: 9ms -->
    <step title="Writing multipart request body to /home/data/SitePackages/20251028130059.zip" date="2025-10-28T13:00:59.978" /><!-- duration: 7ms -->
    <step title="Deleting outdated zip file /home/data/SitePackages/20251028095810.zip" date="2025-10-28T13:01:17.471" /><!-- duration: 25ms -->
    <step title="Start deployment in the background" date="2025-10-28T13:01:17.544" >
      <step title="Acquiring Deployment Lock" date="2025-10-28T13:01:17.618" /><!-- duration: 7ms -->
      <step title="Acquired Deployment Lock" date="2025-10-28T13:01:17.676" /><!-- duration: 5ms -->
    </step><!-- duration: 364ms -->
  </step><!-- duration: 18318ms -->
  <step title="Outgoing response" date="2025-10-28T13:01:17.958" type="response" statusCode="202" statusText="Accepted" /><!-- duration: 6ms -->
</step><!-- duration: 18479ms -->
