<step title="BackgroundTrace" date="2025-10-31T06:26:19.456" instance="53cb09" url="/api/zipdeploy" method="POST" >
  <step title="Cleanup Xml Logs" date="2025-10-31T06:26:19.478" >
    <step title="Cleanup Infos" date="2025-10-31T06:26:19.494" totalFiles="363" totalCleanup="203" /><!-- duration: 5ms -->
  </step><!-- duration: 27ms -->
  <step title="Creating temporary deployment - FetchDeploymentManager" date="2025-10-31T06:26:19.622" /><!-- duration: 3ms -->
  <step title="Creating temporary deployment" date="2025-10-31T06:26:19.630" /><!-- duration: 129ms -->
  <step title="Performing fetch based deployment" date="2025-10-31T06:26:20.046" >
    <step title="Deployment timer started" date="2025-10-31T06:26:24.372" >
      <step title="DeploymentManager.Deploy(id:9b026159-aa8b-438a-afe1-97b947c6c2f1)" date="2025-10-31T06:26:24.383" >
        <step title="Collecting changeset information" date="2025-10-31T06:26:24.426" /><!-- duration: 126ms -->
        <step title="Updating submodules" date="2025-10-31T06:26:24.558" /><!-- duration: 1132ms -->
        <step title="Determining deployment builder" date="2025-10-31T06:26:25.961" >
          <step title="Builder is RunFromZipSiteBuilder" date="2025-10-31T06:26:25.972" /><!-- duration: 9ms -->
        </step><!-- duration: 29ms -->
        <step title="PreDeployment: context.CleanOutputPath False" date="2025-10-31T06:26:26.047" >
          <step title="PreDeployment: context.OutputPath /home/site/wwwroot" date="2025-10-31T06:26:26.189" >
            <step title="Building" date="2025-10-31T06:26:26.417" >
              <step title="Triggering recycle (preview mode disabled)." date="2025-10-31T06:26:26.871" /><!-- duration: 17ms -->
              <step title="Modified file to trigger a restart of the app container." date="2025-10-31T06:26:26.926" /><!-- duration: 19ms -->
              <step title="Skip function trigger and logicapp sync because function is not enabled." date="2025-10-31T06:26:26.969" /><!-- duration: 20ms -->
              <step title="Purge deployment items" date="2025-10-31T06:26:28.605" >
                <step title="Remove 5c59cbdf-, Success, received at 10/29/2025 14:09:16" date="2025-10-31T06:26:28.710" /><!-- duration: 4ms -->
              </step><!-- duration: 113ms -->
            </step><!-- duration: 2373ms -->
          </step><!-- duration: 2605ms -->
          <step title="Cleaning up temp files" date="2025-10-31T06:26:28.799" /><!-- duration: 5ms -->
          <step title="Cleaning up temp files" date="2025-10-31T06:26:28.813" /><!-- duration: 527ms -->
          <step title="Reloading status file with latest updates" date="2025-10-31T06:26:30.153" >
            <step title="WebHooksManager.PublishEventAsync: PostDeployment" date="2025-10-31T06:26:30.159" /><!-- duration: 141ms -->
          </step><!-- duration: 150ms -->
          <step title="Cleaning up temporary deployment - fetch deployment was successful" date="2025-10-31T06:26:30.310" /><!-- duration: 3ms -->
        </step><!-- duration: 4308ms -->
      </step><!-- duration: 5991ms -->
