<step title="Incoming Request" date="2025-10-29T15:36:12.283" instance="53cb09" url="/api/zipdeploy?isAsync=true&amp;deployer=GITHUB_ZIP_DEPLOY&amp;message=%7B%22type%22%3A%22deployment%22%2C%22sha%22%3A%22cad64969e718cc38391d785951e1a3cef44c0b7d%22%2C%22repoName%22%3A%22mxchestnut%2Fsharedthread%22%2C%22actor%22%3A%22mxchestnut%22%2C%22slotName%22%3A%22production%22%2C%22commitMessage%22%3A%22trigger%3A%20redeploy%20with%20updated%20Azure%20publish%20profile%5Cn%5Cn-%20Updated%20AZURE_WEBAPP_PUBLISH_PROFILE%20secret%20in%20GitHub%5Cn-%20Should%20resolve%20404%20deployment%20slot%20errors%5Cn-%20Expecting%20successful%20deployment%20to%20production%20slot%22%7D" method="POST" type="request" pid="823,1,17" Host="sharedthread-ggeheafjamb9hxc2.scm.centralus-01.azurewebsites.net" User-Agent="GITHUBACTIONS_DeployWebAppToAzure_df1ac74e5fcc350eb4fc3a077fcafa660132f4b2532732a238d3f4a07c967089" Authorization="Bas..." Content-Type="application/octet-stream" Cookie="ARRAffinity=53cb09fa1df56cad4377ddb96071183a2409f29839db9f7c48309c156a15e042;Path=/;HttpOnly;Secure;Domain=sharedthread-ggeheafjamb9hxc2.scm.centralus-01.azurewebsites.net; ARRAffinitySameSite=53cb09fa1df56cad4377ddb96071183a2409f29839db9f7c48309c156a15e042;Path=/;HttpOnly;SameSite=None;Secure;Domain=sharedthread-ggeheafjamb9hxc2.scm.centralus-01.azurewebsites.net" Transfer-Encoding="chunked" X-ARR-LOG-ID="8a4cb661-3e72-467f-8eff-bd3d3019635b" CLIENT-IP="20.109.38.115:65472" X-SITE-DEPLOYMENT-ID="sharedthread" WAS-DEFAULT-HOSTNAME="sharedthread-ggeheafjamb9hxc2.scm.centralus-01.azurewebsites.net" X-Forwarded-Proto="https" X-AppService-Proto="https" X-Forwarded-TlsVersion="1.3" X-WAWS-Unencoded-URL="/api/zipdeploy?isAsync=true&amp;deployer=GITHUB_ZIP_DEPLOY&amp;message=%7B%22type%22%3A%22deployment%22%2C%22sha%22%3A%22cad64969e718cc38391d785951e1a3cef44c0b7d%22%2C%22repoName%22%3A%22mxchestnut%2Fsharedthread%22%2C%22actor%22%3A%22mxchestnut%22%2C%22slotName%22%3A%22production%22%2C%22commitMessage%22%3A%22trigger%3A%20redeploy%20with%20updated%20Azure%20publish%20profile%5Cn%5Cn-%20Updated%20AZURE_WEBAPP_PUBLISH_PROFILE%20secret%20in%20GitHub%5Cn-%20Should%20resolve%20404%20deployment%20slot%20errors%5Cn-%20Expecting%20successful%20deployment%20to%20production%20slot%22%7D" X-Client-IP="20.109.38.115" X-Client-Port="65472" >
  <step title="Cleanup Xml Logs" date="2025-10-29T15:36:12.297" >
    <step title="Cleanup Infos" date="2025-10-29T15:36:12.332" totalFiles="305" totalCleanup="145" /><!-- duration: 9ms -->
  </step><!-- duration: 52ms -->
  <step title="ZipPushDeploy" date="2025-10-29T15:36:12.557" >
    <step title="ZipDeploy. Run from package. Ignore remote build." date="2025-10-29T15:36:12.584" /><!-- duration: 10ms -->
    <step title="Starting PushDeployAsync" date="2025-10-29T15:36:12.638" /><!-- duration: 3ms -->
    <step title="WEBSITE_RUN_FROM_PACKAGE is set to 1. Writing zip to SitePackagesPath" date="2025-10-29T15:36:12.678" /><!-- duration: 4ms -->
    <step title="Copying zip to SitePackages /home/data/SitePackages/20251029153612.zip from request body" date="2025-10-29T15:36:12.742" /><!-- duration: 14ms -->
    <step title="Writing multipart request body to /home/data/SitePackages/20251029153612.zip" date="2025-10-29T15:36:12.762" /><!-- duration: 9ms -->
    <step title="Deleting outdated zip file /home/data/SitePackages/20251029140004.zip" date="2025-10-29T15:36:31.656" /><!-- duration: 36ms -->
    <step title="Start deployment in the background" date="2025-10-29T15:36:31.776" >
      <step title="Acquiring Deployment Lock" date="2025-10-29T15:36:32.013" /><!-- duration: 11ms -->
      <step title="Acquired Deployment Lock" date="2025-10-29T15:36:32.162" /><!-- duration: 8ms -->
    </step><!-- duration: 873ms -->
  </step><!-- duration: 20151ms -->
  <step title="Outgoing response" date="2025-10-29T15:36:32.734" type="response" statusCode="202" statusText="Accepted" /><!-- duration: 11ms -->
</step><!-- duration: 20467ms -->
