<step title="Incoming Request" date="2025-10-31T15:34:24.972" instance="53cb09" url="/api/zipdeploy?isAsync=true&amp;deployer=GITHUB_ZIP_DEPLOY&amp;message=%7B%22type%22%3A%22deployment%22%2C%22sha%22%3A%227d5f334f449dd1bfcff44b075ea913a9b49ee96f%22%2C%22repoName%22%3A%22mxchestnut%2Fsharedthread%22%2C%22actor%22%3A%22mxchestnut%22%2C%22slotName%22%3A%22production%22%2C%22commitMessage%22%3A%22Fix%20Prisma%20model%20name%20mismatch%3A%20user%20%E2%86%92%20users%5Cn%5CnCritical%20fix%20for%20login%20failure%20in%20production%3A%5Cn-%20Changed%20all%20instances%20of%20prisma.user%20to%20prisma.users%20throughout%20codebase%5Cn-%20Schema%20defines%20%27users%27%20model%20but%20code%20was%20using%20%27user%27%5Cn-%20This%20was%20causing%20%27Cannot%20read%20properties%20of%20undefined%20(reading%20%27findUnique%27)%27%20error%5Cn-%20Used%20global%20find%2Freplace%20to%20update%20all%2050%2B%20affected%20files%5Cn%5CnFixes%20Sentry%20error%20SHAREDTHREAD-2%3A%20TypeError%20in%20login%20authentication%22%7D" method="POST" type="request" pid="825,1,17" Host="sharedthread-ggeheafjamb9hxc2.scm.centralus-01.azurewebsites.net" User-Agent="GITHUBACTIONS_DeployWebAppToAzure_df1ac74e5fcc350eb4fc3a077fcafa660132f4b2532732a238d3f4a07c967089" Authorization="Bas..." Content-Type="application/octet-stream" Cookie="ARRAffinity=53cb09fa1df56cad4377ddb96071183a2409f29839db9f7c48309c156a15e042;Path=/;HttpOnly;Secure;Domain=sharedthread-ggeheafjamb9hxc2.scm.centralus-01.azurewebsites.net; ARRAffinitySameSite=53cb09fa1df56cad4377ddb96071183a2409f29839db9f7c48309c156a15e042;Path=/;HttpOnly;SameSite=None;Secure;Domain=sharedthread-ggeheafjamb9hxc2.scm.centralus-01.azurewebsites.net" Transfer-Encoding="chunked" X-ARR-LOG-ID="2b5eafe6-effc-4cc1-94c6-f480cf45193f" CLIENT-IP="20.161.78.67:6144" X-SITE-DEPLOYMENT-ID="sharedthread" WAS-DEFAULT-HOSTNAME="sharedthread-ggeheafjamb9hxc2.scm.centralus-01.azurewebsites.net" X-Forwarded-Proto="https" X-AppService-Proto="https" X-Forwarded-TlsVersion="1.3" X-WAWS-Unencoded-URL="/api/zipdeploy?isAsync=true&amp;deployer=GITHUB_ZIP_DEPLOY&amp;message=%7B%22type%22%3A%22deployment%22%2C%22sha%22%3A%227d5f334f449dd1bfcff44b075ea913a9b49ee96f%22%2C%22repoName%22%3A%22mxchestnut%2Fsharedthread%22%2C%22actor%22%3A%22mxchestnut%22%2C%22slotName%22%3A%22production%22%2C%22commitMessage%22%3A%22Fix%20Prisma%20model%20name%20mismatch%3A%20user%20%E2%86%92%20users%5Cn%5CnCritical%20fix%20for%20login%20failure%20in%20production%3A%5Cn-%20Changed%20all%20instances%20of%20prisma.user%20to%20prisma.users%20throughout%20codebase%5Cn-%20Schema%20defines%20%27users%27%20model%20but%20code%20was%20using%20%27user%27%5Cn-%20This%20was%20causing%20%27Cannot%20read%20properties%20of%20undefined%20(reading%20%27findUnique%27)%27%20error%5Cn-%20Used%20global%20find%2Freplace%20to%20update%20all%2050%2B%20affected%20files%5Cn%5CnFixes%20Sentry%20error%20SHAREDTHREAD-2%3A%20TypeError%20in%20login%20authentication%22%7D" X-Client-IP="20.161.78.67" X-Client-Port="6144" >
  <step title="Cleanup Xml Logs" date="2025-10-31T15:34:25.052" >
    <step title="Cleanup Infos" date="2025-10-31T15:34:25.192" totalFiles="474" totalCleanup="314" /><!-- duration: 341ms -->
  </step><!-- duration: 505ms -->
  <step title="ZipPushDeploy" date="2025-10-31T15:34:27.508" >
    <step title="ZipDeploy. Run from package. Ignore remote build." date="2025-10-31T15:34:27.733" /><!-- duration: 8ms -->
    <step title="Starting PushDeployAsync" date="2025-10-31T15:34:27.777" /><!-- duration: 10ms -->
    <step title="WEBSITE_RUN_FROM_PACKAGE is set to 1. Writing zip to SitePackagesPath" date="2025-10-31T15:34:27.825" /><!-- duration: 13ms -->
    <step title="Copying zip to SitePackages /home/data/SitePackages/20251031153427.zip from request body" date="2025-10-31T15:34:27.884" /><!-- duration: 12ms -->
    <step title="Writing multipart request body to /home/data/SitePackages/20251031153427.zip" date="2025-10-31T15:34:27.913" /><!-- duration: 19ms -->
    <step title="Deleting outdated zip file /home/data/SitePackages/20251031132311.zip" date="2025-10-31T15:34:53.625" /><!-- duration: 11ms -->
    <step title="Start deployment in the background" date="2025-10-31T15:34:53.674" >
      <step title="Acquiring Deployment Lock" date="2025-10-31T15:34:53.856" /><!-- duration: 4ms -->
      <step title="Acquired Deployment Lock" date="2025-10-31T15:34:53.940" /><!-- duration: 5ms -->
    </step><!-- duration: 547ms -->
  </step><!-- duration: 26735ms -->
  <step title="Outgoing response" date="2025-10-31T15:34:54.272" type="response" statusCode="202" statusText="Accepted" /><!-- duration: 3ms -->
</step><!-- duration: 29310ms -->
