<step title="Incoming Request" date="2025-10-30T22:54:38.360" instance="53cb09" url="/api/zipdeploy?isAsync=true&amp;deployer=GITHUB_ZIP_DEPLOY&amp;message=%7B%22type%22%3A%22deployment%22%2C%22sha%22%3A%225bf51d1a42ce33a7b13ff5e6688c5646d8df3375%22%2C%22repoName%22%3A%22mxchestnut%2Fsharedthread%22%2C%22actor%22%3A%22mxchestnut%22%2C%22slotName%22%3A%22production%22%2C%22commitMessage%22%3A%22Production-ready%20deployment%20with%20Sentry%2C%20notifications%2C%20and%20security%20hardening%5Cn%5Cn-%20Added%20Sentry%20error%20monitoring%20integration%5Cn-%20Migrated%20213%20console%20statements%20to%20error%20logger%5Cn-%20Implemented%20notification%20triggers%20for%206%20key%20flows%5Cn-%20Added%20comprehensive%20deployment%20documentation%5Cn-%20Security%20hardening%3A%20removed%20debug%20endpoints%2C%20improved%20auth%5Cn-%20Created%20production%20deployment%20scripts%5Cn-%20Added%20AI%20writing%20assistant%20and%20contextual%20help%5Cn-%20Implemented%20moderation%20appeals%20system%5Cn-%20Added%20Tailscale%20VPN%20integration%5Cn-%20Complete%20production%20readiness%20(95%2F100%20score)%22%7D" method="POST" type="request" pid="822,1,24" Host="sharedthread-ggeheafjamb9hxc2.scm.centralus-01.azurewebsites.net" User-Agent="GITHUBACTIONS_DeployWebAppToAzure_df1ac74e5fcc350eb4fc3a077fcafa660132f4b2532732a238d3f4a07c967089" Authorization="Bas..." Content-Type="application/octet-stream" Cookie="ARRAffinity=53cb09fa1df56cad4377ddb96071183a2409f29839db9f7c48309c156a15e042;Path=/;HttpOnly;Secure;Domain=sharedthread-ggeheafjamb9hxc2.scm.centralus-01.azurewebsites.net; ARRAffinitySameSite=53cb09fa1df56cad4377ddb96071183a2409f29839db9f7c48309c156a15e042;Path=/;HttpOnly;SameSite=None;Secure;Domain=sharedthread-ggeheafjamb9hxc2.scm.centralus-01.azurewebsites.net" Transfer-Encoding="chunked" X-ARR-LOG-ID="6cd9ecb1-b383-472e-98f2-9b9973e917db" CLIENT-IP="4.246.135.3:47128" X-SITE-DEPLOYMENT-ID="sharedthread" WAS-DEFAULT-HOSTNAME="sharedthread-ggeheafjamb9hxc2.scm.centralus-01.azurewebsites.net" X-Forwarded-Proto="https" X-AppService-Proto="https" X-Forwarded-TlsVersion="1.3" X-WAWS-Unencoded-URL="/api/zipdeploy?isAsync=true&amp;deployer=GITHUB_ZIP_DEPLOY&amp;message=%7B%22type%22%3A%22deployment%22%2C%22sha%22%3A%225bf51d1a42ce33a7b13ff5e6688c5646d8df3375%22%2C%22repoName%22%3A%22mxchestnut%2Fsharedthread%22%2C%22actor%22%3A%22mxchestnut%22%2C%22slotName%22%3A%22production%22%2C%22commitMessage%22%3A%22Production-ready%20deployment%20with%20Sentry%2C%20notifications%2C%20and%20security%20hardening%5Cn%5Cn-%20Added%20Sentry%20error%20monitoring%20integration%5Cn-%20Migrated%20213%20console%20statements%20to%20error%20logger%5Cn-%20Implemented%20notification%20triggers%20for%206%20key%20flows%5Cn-%20Added%20comprehensive%20deployment%20documentation%5Cn-%20Security%20hardening%3A%20removed%20debug%20endpoints%2C%20improved%20auth%5Cn-%20Created%20production%20deployment%20scripts%5Cn-%20Added%20AI%20writing%20assistant%20and%20contextual%20help%5Cn-%20Implemented%20moderation%20appeals%20system%5Cn-%20Added%20Tailscale%20VPN%20integration%5Cn-%20Complete%20production%20readiness%20(95%2F100%20score)%22%7D" X-Client-IP="4.246.135.3" X-Client-Port="47128" >
  <step title="Cleanup Xml Logs" date="2025-10-30T22:54:38.364" >
    <step title="Cleanup Infos" date="2025-10-30T22:54:38.388" totalFiles="321" totalCleanup="161" /><!-- duration: 7ms -->
  </step><!-- duration: 42ms -->
  <step title="ZipPushDeploy" date="2025-10-30T22:54:38.614" >
    <step title="ZipDeploy. Run from package. Ignore remote build." date="2025-10-30T22:54:38.624" /><!-- duration: 4ms -->
    <step title="None repository commit" date="2025-10-30T22:54:38.641" >
      <step title="Commit id: 07340296-e8a4-472f-b857-a0a08f4d3d41" date="2025-10-30T22:54:38.645" Message="N/A" AuthorName="N/A" AuthorEmail="N/A" /><!-- duration: 4ms -->
    </step><!-- duration: 12ms -->
    <step title="Starting PushDeployAsync" date="2025-10-30T22:54:38.658" /><!-- duration: 4ms -->
    <step title="WEBSITE_RUN_FROM_PACKAGE is set to 1. Writing zip to SitePackagesPath" date="2025-10-30T22:54:38.686" /><!-- duration: 17ms -->
    <step title="Copying zip to SitePackages /home/data/SitePackages/20251030225438.zip from request body" date="2025-10-30T22:54:38.714" /><!-- duration: 4ms -->
    <step title="Writing multipart request body to /home/data/SitePackages/20251030225438.zip" date="2025-10-30T22:54:38.725" /><!-- duration: 4ms -->
    <step title="Deleting outdated zip file /home/data/SitePackages/20251029140854.zip" date="2025-10-30T22:55:03.162" /><!-- duration: 44ms -->
    <step title="Start deployment in the background" date="2025-10-30T22:55:03.247" >
      <step title="Acquiring Deployment Lock" date="2025-10-30T22:55:03.376" /><!-- duration: 4ms -->
      <step title="Acquired Deployment Lock" date="2025-10-30T22:55:03.566" /><!-- duration: 6ms -->
    </step><!-- duration: 482ms -->
  </step><!-- duration: 25138ms -->
  <step title="Outgoing response" date="2025-10-30T22:55:03.778" type="response" statusCode="202" statusText="Accepted" /><!-- duration: 5ms -->
</step><!-- duration: 25427ms -->
