<step title="Incoming Request" date="2025-10-29T15:28:28.900" instance="53cb09" url="/api/deployments/latest?deployer=GITHUB_ZIP_DEPLOY&amp;time=2025-10-29_15-28-21Z" method="GET" type="request" pid="823,1,24" Host="sharedthread-ggeheafjamb9hxc2.scm.centralus-01.azurewebsites.net" User-Agent="GITHUBACTIONS_DeployWebAppToAzure_df1ac74e5fcc350eb4fc3a077fcafa660132f4b2532732a238d3f4a07c967089" Authorization="Bas..." Content-Type="application/json; charset=utf-8" Cookie="ARRAffinity=53cb09fa1df56cad4377ddb96071183a2409f29839db9f7c48309c156a15e042;Path=/;HttpOnly;Secure;Domain=sharedthread-ggeheafjamb9hxc2.scm.centralus-01.azurewebsites.net; ARRAffinitySameSite=53cb09fa1df56cad4377ddb96071183a2409f29839db9f7c48309c156a15e042;Path=/;HttpOnly;SameSite=None;Secure;Domain=sharedthread-ggeheafjamb9hxc2.scm.centralus-01.azurewebsites.net" Content-Length="0" X-ARR-LOG-ID="23272b5b-5b55-4d1f-a4e0-7fce1ed3a037" CLIENT-IP="52.159.229.4:27681" X-SITE-DEPLOYMENT-ID="sharedthread" WAS-DEFAULT-HOSTNAME="sharedthread-ggeheafjamb9hxc2.scm.centralus-01.azurewebsites.net" X-Forwarded-Proto="https" X-AppService-Proto="https" X-Forwarded-TlsVersion="1.3" X-WAWS-Unencoded-URL="/api/deployments/latest?deployer=GITHUB_ZIP_DEPLOY&amp;time=2025-10-29_15-28-21Z" X-Client-IP="52.159.229.4" X-Client-Port="27681" >
  <step title="Cleanup Xml Logs" date="2025-10-29T15:28:28.911" >
    <step title="Cleanup Infos" date="2025-10-29T15:28:28.998" totalFiles="301" totalCleanup="141" /><!-- duration: 26ms -->
  </step><!-- duration: 132ms -->
  <step title="DeploymentService.GetResult" date="2025-10-29T15:28:29.092" >
    <step title="DeploymentService.GetLatestDeployment" date="2025-10-29T15:28:29.122" >
      <step title="DeploymentManager.GetResults" date="2025-10-29T15:28:29.138" /><!-- duration: 2595ms -->
    </step><!-- duration: 2615ms -->
  </step><!-- duration: 2648ms -->
  <step title="Outgoing response" date="2025-10-29T15:28:31.751" type="response" statusCode="202" statusText="Accepted" /><!-- duration: 3ms -->
</step><!-- duration: 2857ms -->
