<step title="Incoming Request" date="2025-10-28T20:13:38.367" instance="53cb09" url="/api/deployments/latest?deployer=GITHUB_ZIP_DEPLOY&amp;time=2025-10-28_20-13-31Z" method="GET" type="request" pid="824,1,17" Host="sharedthread-ggeheafjamb9hxc2.scm.centralus-01.azurewebsites.net" User-Agent="GITHUBACTIONS_DeployWebAppToAzure_df1ac74e5fcc350eb4fc3a077fcafa660132f4b2532732a238d3f4a07c967089" Authorization="Bas..." Content-Type="application/json; charset=utf-8" Cookie="ARRAffinity=53cb09fa1df56cad4377ddb96071183a2409f29839db9f7c48309c156a15e042;Path=/;HttpOnly;Secure;Domain=sharedthread-ggeheafjamb9hxc2.scm.centralus-01.azurewebsites.net; ARRAffinitySameSite=53cb09fa1df56cad4377ddb96071183a2409f29839db9f7c48309c156a15e042;Path=/;HttpOnly;SameSite=None;Secure;Domain=sharedthread-ggeheafjamb9hxc2.scm.centralus-01.azurewebsites.net" Content-Length="0" X-ARR-LOG-ID="4d4f6f48-064d-456a-bebd-a3ffa0e40bb3" CLIENT-IP="20.109.38.53:11313" X-SITE-DEPLOYMENT-ID="sharedthread" WAS-DEFAULT-HOSTNAME="sharedthread-ggeheafjamb9hxc2.scm.centralus-01.azurewebsites.net" X-Forwarded-Proto="https" X-AppService-Proto="https" X-Forwarded-TlsVersion="1.3" X-WAWS-Unencoded-URL="/api/deployments/latest?deployer=GITHUB_ZIP_DEPLOY&amp;time=2025-10-28_20-13-31Z" X-Client-IP="20.109.38.53" X-Client-Port="11313" >
  <step title="Cleanup Xml Logs" date="2025-10-28T20:13:38.369" >
    <step title="Cleanup Infos" date="2025-10-28T20:13:38.424" totalFiles="258" totalCleanup="98" /><!-- duration: 29ms -->
  </step><!-- duration: 103ms -->
  <step title="DeploymentService.GetResult" date="2025-10-28T20:13:38.502" >
    <step title="DeploymentService.GetLatestDeployment" date="2025-10-28T20:13:38.512" >
      <step title="DeploymentManager.GetResults" date="2025-10-28T20:13:38.521" /><!-- duration: 741ms -->
    </step><!-- duration: 756ms -->
  </step><!-- duration: 770ms -->
  <step title="Outgoing response" date="2025-10-28T20:13:39.278" type="response" statusCode="202" statusText="Accepted" /><!-- duration: 3ms -->
</step><!-- duration: 918ms -->
