<step title="Incoming Request" date="2025-10-31T05:25:35.286" instance="53cb09" url="/api/zipdeploy?isAsync=true&amp;deployer=GITHUB_ZIP_DEPLOY&amp;message=%7B%22type%22%3A%22deployment%22%2C%22sha%22%3A%22c86d1c7b818fc6463c7b24f16e6d5e9d2c418588%22%2C%22repoName%22%3A%22mxchestnut%2Fsharedthread%22%2C%22actor%22%3A%22mxchestnut%22%2C%22slotName%22%3A%22production%22%2C%22commitMessage%22%3A%22Redact%20Resend%20API%20key%20from%20audit%20doc%22%7D" method="POST" type="request" pid="823,1,44" Host="sharedthread-ggeheafjamb9hxc2.scm.centralus-01.azurewebsites.net" User-Agent="GITHUBACTIONS_DeployWebAppToAzure_df1ac74e5fcc350eb4fc3a077fcafa660132f4b2532732a238d3f4a07c967089" Authorization="Bas..." Content-Type="application/octet-stream" Cookie="ARRAffinity=53cb09fa1df56cad4377ddb96071183a2409f29839db9f7c48309c156a15e042;Path=/;HttpOnly;Secure;Domain=sharedthread-ggeheafjamb9hxc2.scm.centralus-01.azurewebsites.net; ARRAffinitySameSite=53cb09fa1df56cad4377ddb96071183a2409f29839db9f7c48309c156a15e042;Path=/;HttpOnly;SameSite=None;Secure;Domain=sharedthread-ggeheafjamb9hxc2.scm.centralus-01.azurewebsites.net" Transfer-Encoding="chunked" X-ARR-LOG-ID="20e55acd-4582-4537-9c32-c621dde106bd" CLIENT-IP="64.236.144.99:53184" X-SITE-DEPLOYMENT-ID="sharedthread" WAS-DEFAULT-HOSTNAME="sharedthread-ggeheafjamb9hxc2.scm.centralus-01.azurewebsites.net" X-Forwarded-Proto="https" X-AppService-Proto="https" X-Forwarded-TlsVersion="1.3" X-WAWS-Unencoded-URL="/api/zipdeploy?isAsync=true&amp;deployer=GITHUB_ZIP_DEPLOY&amp;message=%7B%22type%22%3A%22deployment%22%2C%22sha%22%3A%22c86d1c7b818fc6463c7b24f16e6d5e9d2c418588%22%2C%22repoName%22%3A%22mxchestnut%2Fsharedthread%22%2C%22actor%22%3A%22mxchestnut%22%2C%22slotName%22%3A%22production%22%2C%22commitMessage%22%3A%22Redact%20Resend%20API%20key%20from%20audit%20doc%22%7D" X-Client-IP="64.236.144.99" X-Client-Port="53184" >
  <step title="Cleanup Xml Logs" date="2025-10-31T05:25:35.289" >
    <step title="Cleanup Infos" date="2025-10-31T05:25:35.308" totalFiles="342" totalCleanup="182" /><!-- duration: 9ms -->
  </step><!-- duration: 31ms -->
  <step title="ZipPushDeploy" date="2025-10-31T05:25:35.352" >
    <step title="ZipDeploy. Run from package. Ignore remote build." date="2025-10-31T05:25:35.363" /><!-- duration: 4ms -->
    <step title="Starting PushDeployAsync" date="2025-10-31T05:25:35.374" /><!-- duration: 3ms -->
    <step title="WEBSITE_RUN_FROM_PACKAGE is set to 1. Writing zip to SitePackagesPath" date="2025-10-31T05:25:35.383" /><!-- duration: 10ms -->
    <step title="Copying zip to SitePackages /home/data/SitePackages/20251031052535.zip from request body" date="2025-10-31T05:25:35.400" /><!-- duration: 10ms -->
    <step title="Writing multipart request body to /home/data/SitePackages/20251031052535.zip" date="2025-10-31T05:25:35.427" /><!-- duration: 30ms -->
    <step title="Deleting outdated zip file /home/data/SitePackages/20251029153612.zip" date="2025-10-31T05:25:57.396" /><!-- duration: 20ms -->
    <step title="Start deployment in the background" date="2025-10-31T05:25:57.432" >
      <step title="Acquiring Deployment Lock" date="2025-10-31T05:25:57.479" /><!-- duration: 3ms -->
      <step title="Acquired Deployment Lock" date="2025-10-31T05:25:57.518" /><!-- duration: 5ms -->
    </step><!-- duration: 198ms -->
  </step><!-- duration: 22285ms -->
  <step title="Outgoing response" date="2025-10-31T05:25:57.642" type="response" statusCode="202" statusText="Accepted" /><!-- duration: 3ms -->
</step><!-- duration: 22362ms -->
