<step title="Incoming Request" date="2025-10-31T05:26:04.683" instance="53cb09" url="/api/deployments/latest?deployer=GITHUB_ZIP_DEPLOY&amp;time=2025-10-31_05-25-57Z" method="GET" type="request" pid="823,1,41" Host="sharedthread-ggeheafjamb9hxc2.scm.centralus-01.azurewebsites.net" User-Agent="GITHUBACTIONS_DeployWebAppToAzure_df1ac74e5fcc350eb4fc3a077fcafa660132f4b2532732a238d3f4a07c967089" Authorization="Bas..." Content-Type="application/json; charset=utf-8" Cookie="ARRAffinity=53cb09fa1df56cad4377ddb96071183a2409f29839db9f7c48309c156a15e042;Path=/;HttpOnly;Secure;Domain=sharedthread-ggeheafjamb9hxc2.scm.centralus-01.azurewebsites.net; ARRAffinitySameSite=53cb09fa1df56cad4377ddb96071183a2409f29839db9f7c48309c156a15e042;Path=/;HttpOnly;SameSite=None;Secure;Domain=sharedthread-ggeheafjamb9hxc2.scm.centralus-01.azurewebsites.net" Content-Length="0" X-ARR-LOG-ID="2a46d84f-1d9b-4a9c-b193-76e2653996fb" CLIENT-IP="64.236.144.99:53186" X-SITE-DEPLOYMENT-ID="sharedthread" WAS-DEFAULT-HOSTNAME="sharedthread-ggeheafjamb9hxc2.scm.centralus-01.azurewebsites.net" X-Forwarded-Proto="https" X-AppService-Proto="https" X-Forwarded-TlsVersion="1.3" X-WAWS-Unencoded-URL="/api/deployments/latest?deployer=GITHUB_ZIP_DEPLOY&amp;time=2025-10-31_05-25-57Z" X-Client-IP="64.236.144.99" X-Client-Port="53186" >
  <step title="Cleanup Xml Logs" date="2025-10-31T05:26:04.712" >
    <step title="Cleanup Infos" date="2025-10-31T05:26:04.794" totalFiles="345" totalCleanup="185" /><!-- duration: 18ms -->
  </step><!-- duration: 121ms -->
  <step title="DeploymentService.GetResult" date="2025-10-31T05:26:04.915" >
    <step title="DeploymentService.GetLatestDeployment" date="2025-10-31T05:26:04.935" >
      <step title="DeploymentManager.GetResults" date="2025-10-31T05:26:04.987" /><!-- duration: 941ms -->
    </step><!-- duration: 1006ms -->
  </step><!-- duration: 1031ms -->
  <step title="Outgoing response" date="2025-10-31T05:26:05.951" type="response" statusCode="202" statusText="Accepted" /><!-- duration: 4ms -->
</step><!-- duration: 1275ms -->
