<step title="BackgroundTrace" date="2025-10-28T09:18:34.650" instance="53cb09" url="/api/zipdeploy" method="POST" >
  <step title="Cleanup Xml Logs" date="2025-10-28T09:18:34.653" /><!-- duration: 21ms -->
  <step title="Creating temporary deployment - FetchDeploymentManager" date="2025-10-28T09:18:34.776" /><!-- duration: 4ms -->
  <step title="Creating temporary deployment" date="2025-10-28T09:18:34.795" /><!-- duration: 131ms -->
  <step title="Performing fetch based deployment" date="2025-10-28T09:18:34.998" >
    <step title="Deployment timer started" date="2025-10-28T09:18:39.747" >
      <step title="DeploymentManager.Deploy(id:2528bb2d-fabb-47d9-882b-6aa3358c0211)" date="2025-10-28T09:18:39.758" >
        <step title="Collecting changeset information" date="2025-10-28T09:18:39.825" /><!-- duration: 222ms -->
        <step title="Updating submodules" date="2025-10-28T09:18:40.054" /><!-- duration: 1176ms -->
        <step title="Determining deployment builder" date="2025-10-28T09:18:41.554" >
          <step title="Builder is RunFromZipSiteBuilder" date="2025-10-28T09:18:41.583" /><!-- duration: 10ms -->
        </step><!-- duration: 57ms -->
        <step title="PreDeployment: context.CleanOutputPath False" date="2025-10-28T09:18:41.694" >
          <step title="PreDeployment: context.OutputPath /home/site/wwwroot" date="2025-10-28T09:18:41.877" >
            <step title="Building" date="2025-10-28T09:18:42.141" >
              <step title="Triggering recycle (preview mode disabled)." date="2025-10-28T09:18:43.655" /><!-- duration: 28ms -->
              <step title="Modified file to trigger a restart of the app container." date="2025-10-28T09:18:43.758" /><!-- duration: 9ms -->
              <step title="Skip function trigger and logicapp sync because function is not enabled." date="2025-10-28T09:18:43.796" /><!-- duration: 60ms -->
            </step><!-- duration: 3648ms -->
          </step><!-- duration: 3944ms -->
          <step title="Cleaning up temp files" date="2025-10-28T09:18:45.829" /><!-- duration: 25ms -->
          <step title="Cleaning up temp files" date="2025-10-28T09:18:45.881" /><!-- duration: 559ms -->
          <step title="Reloading status file with latest updates" date="2025-10-28T09:18:46.475" >
            <step title="WebHooksManager.PublishEventAsync: PostDeployment" date="2025-10-28T09:18:46.480" /><!-- duration: 79ms -->
          </step><!-- duration: 87ms -->
          <step title="Cleaning up temporary deployment - fetch deployment was successful" date="2025-10-28T09:18:46.570" /><!-- duration: 3ms -->
        </step><!-- duration: 4940ms -->
      </step><!-- duration: 6914ms -->
