﻿<?xml version="1.0" encoding="utf-8"?>
<deployment>
  <id>93d7e71f-b2d2-4469-af8d-62cc4313c574</id>
  <author>N/A</author>
  <deployer>GITHUB_ZIP_DEPLOY</deployer>
  <authorEmail>N/A</authorEmail>
  <message>{"type":"deployment","sha":"f2df5d0b29ba89ec19ec2fe8116c165fc24f694e","repoName":"mxchestnut/sharedthread","actor":"mxchestnut","slotName":"production","commitMessage":"fix: disable Sentry Session Replay to resolve multiple instances error"}</message>
  <progress></progress>
  <status>Success</status>
  <statusText></statusText>
  <lastSuccessEndTime>2025-11-01T12:00:31.0977937Z</lastSuccessEndTime>
  <receivedTime>2025-11-01T12:00:27.6261909Z</receivedTime>
  <startTime>2025-11-01T12:00:29.1801849Z</startTime>
  <endTime>2025-11-01T12:00:31.0977937Z</endTime>
  <complete>True</complete>
  <is_temp>False</is_temp>
  <is_readonly>True</is_readonly>
  <buildSummary />
</deployment>