﻿<?xml version="1.0" encoding="utf-8"?>
<deployment>
  <id>6442cf26-80bb-40b7-b44a-1d3983b9cc8f</id>
  <author>N/A</author>
  <deployer>GITHUB_ZIP_DEPLOY</deployer>
  <authorEmail>N/A</authorEmail>
  <message>{"type":"deployment","sha":"cd43541e6c1f1a091d0842feb86a9fee388b48bc","repoName":"mxchestnut/sharedthread","actor":"mxchestnut","slotName":"production","commitMessage":"Add Prisma debug endpoint to diagnose undefined client\n\nTesting:\n- Prisma import\n- Client object structure\n- Database connection\n- findUnique method availability\n\nThis will help identify why prisma.user.findUnique is undefined in production."}</message>
  <progress></progress>
  <status>Success</status>
  <statusText></statusText>
  <lastSuccessEndTime>2025-10-31T15:03:48.4773014Z</lastSuccessEndTime>
  <receivedTime>2025-10-31T15:03:44.2094653Z</receivedTime>
  <startTime>2025-10-31T15:03:45.825603Z</startTime>
  <endTime>2025-10-31T15:03:48.4773014Z</endTime>
  <complete>True</complete>
  <is_temp>False</is_temp>
  <is_readonly>True</is_readonly>
  <buildSummary />
</deployment>