﻿<?xml version="1.0" encoding="utf-8"?>
<deployment>
  <id>ed64a73c-2de1-409f-abb0-036abfc5b632</id>
  <author>N/A</author>
  <deployer>GITHUB_ZIP_DEPLOY</deployer>
  <authorEmail>N/A</authorEmail>
  <message>{"type":"deployment","sha":"bcb94262e1f1d4b79d28e0340096c5e3f78205d2","repoName":"mxchestnut/sharedthread","actor":"mxchestnut","slotName":"production","commitMessage":"security: remove accidentally committed azure-env-oauth.json and update .gitignore"}</message>
  <progress></progress>
  <status>Success</status>
  <statusText></statusText>
  <lastSuccessEndTime>2025-11-01T10:38:55.838816Z</lastSuccessEndTime>
  <receivedTime>2025-11-01T10:38:51.6681925Z</receivedTime>
  <startTime>2025-11-01T10:38:53.0685756Z</startTime>
  <endTime>2025-11-01T10:38:55.838816Z</endTime>
  <complete>True</complete>
  <is_temp>False</is_temp>
  <is_readonly>True</is_readonly>
  <buildSummary />
</deployment>