﻿<?xml version="1.0" encoding="utf-8"?>
<deployment>
  <id>3f07794b-e71e-4567-8483-0e2f38921f43</id>
  <author>N/A</author>
  <deployer>GITHUB_ZIP_DEPLOY</deployer>
  <authorEmail>N/A</authorEmail>
  <message>{"type":"deployment","sha":"6205c067805929a79d33cbf85da0ae21e25651ac","repoName":"mxchestnut/sharedthread","actor":"mxchestnut","slotName":"production","commitMessage":"v1: initial clean history"}</message>
  <progress></progress>
  <status>Success</status>
  <statusText></statusText>
  <lastSuccessEndTime>2025-10-31T05:21:23.0959074Z</lastSuccessEndTime>
  <receivedTime>2025-10-31T05:21:20.049698Z</receivedTime>
  <startTime>2025-10-31T05:21:21.4689805Z</startTime>
  <endTime>2025-10-31T05:21:23.0959074Z</endTime>
  <complete>True</complete>
  <is_temp>False</is_temp>
  <is_readonly>True</is_readonly>
  <buildSummary />
</deployment>