<step title="Incoming Request" date="2025-10-31T12:40:04.366" instance="53cb09" url="/api/zipdeploy?isAsync=true&amp;deployer=GITHUB_ZIP_DEPLOY&amp;message=%7B%22type%22%3A%22deployment%22%2C%22sha%22%3A%22abec1ee83199c52e94730ccc77a4b170ebefd76c%22%2C%22repoName%22%3A%22mxchestnut%2Fsharedthread%22%2C%22actor%22%3A%22mxchestnut%22%2C%22slotName%22%3A%22production%22%2C%22commitMessage%22%3A%22Fix%20deployment%20package%20to%20include%20only%20necessary%20files%20with%20Prisma%20Client%22%7D" method="POST" type="request" pid="825,1,28" Host="sharedthread-ggeheafjamb9hxc2.scm.centralus-01.azurewebsites.net" User-Agent="GITHUBACTIONS_DeployWebAppToAzure_df1ac74e5fcc350eb4fc3a077fcafa660132f4b2532732a238d3f4a07c967089" Authorization="Bas..." Content-Type="application/octet-stream" Cookie="ARRAffinity=53cb09fa1df56cad4377ddb96071183a2409f29839db9f7c48309c156a15e042;Path=/;HttpOnly;Secure;Domain=sharedthread-ggeheafjamb9hxc2.scm.centralus-01.azurewebsites.net; ARRAffinitySameSite=53cb09fa1df56cad4377ddb96071183a2409f29839db9f7c48309c156a15e042;Path=/;HttpOnly;SameSite=None;Secure;Domain=sharedthread-ggeheafjamb9hxc2.scm.centralus-01.azurewebsites.net" Transfer-Encoding="chunked" X-ARR-LOG-ID="54f76ab9-0931-4b11-ba29-ff617e60a9ba" CLIENT-IP="172.174.165.231:45056" X-SITE-DEPLOYMENT-ID="sharedthread" WAS-DEFAULT-HOSTNAME="sharedthread-ggeheafjamb9hxc2.scm.centralus-01.azurewebsites.net" X-Forwarded-Proto="https" X-AppService-Proto="https" X-Forwarded-TlsVersion="1.3" X-WAWS-Unencoded-URL="/api/zipdeploy?isAsync=true&amp;deployer=GITHUB_ZIP_DEPLOY&amp;message=%7B%22type%22%3A%22deployment%22%2C%22sha%22%3A%22abec1ee83199c52e94730ccc77a4b170ebefd76c%22%2C%22repoName%22%3A%22mxchestnut%2Fsharedthread%22%2C%22actor%22%3A%22mxchestnut%22%2C%22slotName%22%3A%22production%22%2C%22commitMessage%22%3A%22Fix%20deployment%20package%20to%20include%20only%20necessary%20files%20with%20Prisma%20Client%22%7D" X-Client-IP="172.174.165.231" X-Client-Port="45056" >
  <step title="Cleanup Xml Logs" date="2025-10-31T12:40:04.394" >
    <step title="Cleanup Infos" date="2025-10-31T12:40:04.482" totalFiles="391" totalCleanup="231" /><!-- duration: 74ms -->
  </step><!-- duration: 208ms -->
  <step title="ZipPushDeploy" date="2025-10-31T12:40:05.558" >
    <step title="ZipDeploy. Run from package. Ignore remote build." date="2025-10-31T12:40:05.656" /><!-- duration: 25ms -->
    <step title="None repository commit" date="2025-10-31T12:40:05.758" >
      <step title="Commit id: 1b7dfd62-879e-4144-b1d4-c93de2e1b0a1" date="2025-10-31T12:40:05.787" Message="N/A" AuthorName="N/A" AuthorEmail="N/A" /><!-- duration: 19ms -->
    </step><!-- duration: 75ms -->
    <step title="Starting PushDeployAsync" date="2025-10-31T12:40:05.850" /><!-- duration: 49ms -->
    <step title="WEBSITE_RUN_FROM_PACKAGE is set to 1. Writing zip to SitePackagesPath" date="2025-10-31T12:40:06.164" /><!-- duration: 16ms -->
    <step title="Copying zip to SitePackages /home/data/SitePackages/20251031124005.zip from request body" date="2025-10-31T12:40:06.248" /><!-- duration: 10ms -->
    <step title="Writing multipart request body to /home/data/SitePackages/20251031124005.zip" date="2025-10-31T12:40:06.296" /><!-- duration: 18ms -->
    <step title="Deleting outdated zip file /home/data/SitePackages/20251031052535.zip" date="2025-10-31T12:40:32.727" /><!-- duration: 20ms -->
    <step title="Start deployment in the background" date="2025-10-31T12:40:32.848" >
      <step title="Acquiring Deployment Lock" date="2025-10-31T12:40:33.046" /><!-- duration: 3ms -->
      <step title="Acquired Deployment Lock" date="2025-10-31T12:40:33.111" /><!-- duration: 11ms -->
    </step><!-- duration: 527ms -->
  </step><!-- duration: 27859ms -->
  <step title="Outgoing response" date="2025-10-31T12:40:33.453" type="response" statusCode="202" statusText="Accepted" /><!-- duration: 4ms -->
</step><!-- duration: 29099ms -->
