<step title="Incoming Request" date="2025-10-28T13:13:15.750" instance="53cb09" url="/api/zipdeploy?isAsync=true&amp;deployer=GITHUB_ZIP_DEPLOY&amp;message=%7B%22type%22%3A%22deployment%22%2C%22sha%22%3A%2267b65ada830ef7d5d3180647503abfa5f24b15e9%22%2C%22repoName%22%3A%22mxchestnut%2Fsharedthread%22%2C%22actor%22%3A%22mxchestnut%22%2C%22slotName%22%3A%22production%22%2C%22commitMessage%22%3A%22Add%20comprehensive%20custom%20CSS%20utilities%20to%20replace%20Tailwind%22%7D" method="POST" type="request" pid="824,1,18" Host="sharedthread-ggeheafjamb9hxc2.scm.centralus-01.azurewebsites.net" User-Agent="GITHUBACTIONS_DeployWebAppToAzure_df1ac74e5fcc350eb4fc3a077fcafa660132f4b2532732a238d3f4a07c967089" Authorization="Bas..." Content-Type="application/octet-stream" Cookie="ARRAffinity=53cb09fa1df56cad4377ddb96071183a2409f29839db9f7c48309c156a15e042;Path=/;HttpOnly;Secure;Domain=sharedthread-ggeheafjamb9hxc2.scm.centralus-01.azurewebsites.net; ARRAffinitySameSite=53cb09fa1df56cad4377ddb96071183a2409f29839db9f7c48309c156a15e042;Path=/;HttpOnly;SameSite=None;Secure;Domain=sharedthread-ggeheafjamb9hxc2.scm.centralus-01.azurewebsites.net" Transfer-Encoding="chunked" X-ARR-LOG-ID="c1dc2fce-b778-4865-ad71-4d13f54b7363" CLIENT-IP="172.183.94.161:53256" X-SITE-DEPLOYMENT-ID="sharedthread" WAS-DEFAULT-HOSTNAME="sharedthread-ggeheafjamb9hxc2.scm.centralus-01.azurewebsites.net" X-Forwarded-Proto="https" X-AppService-Proto="https" X-Forwarded-TlsVersion="1.3" X-WAWS-Unencoded-URL="/api/zipdeploy?isAsync=true&amp;deployer=GITHUB_ZIP_DEPLOY&amp;message=%7B%22type%22%3A%22deployment%22%2C%22sha%22%3A%2267b65ada830ef7d5d3180647503abfa5f24b15e9%22%2C%22repoName%22%3A%22mxchestnut%2Fsharedthread%22%2C%22actor%22%3A%22mxchestnut%22%2C%22slotName%22%3A%22production%22%2C%22commitMessage%22%3A%22Add%20comprehensive%20custom%20CSS%20utilities%20to%20replace%20Tailwind%22%7D" X-Client-IP="172.183.94.161" X-Client-Port="53256" >
  <step title="Cleanup Xml Logs" date="2025-10-28T13:13:15.759" /><!-- duration: 22ms -->
  <step title="ZipPushDeploy" date="2025-10-28T13:13:15.876" >
    <step title="ZipDeploy. Run from package. Ignore remote build." date="2025-10-28T13:13:15.901" /><!-- duration: 4ms -->
    <step title="Starting PushDeployAsync" date="2025-10-28T13:13:15.916" /><!-- duration: 6ms -->
    <step title="WEBSITE_RUN_FROM_PACKAGE is set to 1. Writing zip to SitePackagesPath" date="2025-10-28T13:13:15.935" /><!-- duration: 25ms -->
    <step title="Copying zip to SitePackages /home/data/SitePackages/20251028131315.zip from request body" date="2025-10-28T13:13:15.989" /><!-- duration: 14ms -->
    <step title="Writing multipart request body to /home/data/SitePackages/20251028131315.zip" date="2025-10-28T13:13:16.032" /><!-- duration: 9ms -->
    <step title="Deleting outdated zip file /home/data/SitePackages/20251028100742.zip" date="2025-10-28T13:13:28.198" /><!-- duration: 22ms -->
    <step title="Start deployment in the background" date="2025-10-28T13:13:28.302" >
      <step title="Acquiring Deployment Lock" date="2025-10-28T13:13:28.500" /><!-- duration: 9ms -->
      <step title="Acquired Deployment Lock" date="2025-10-28T13:13:28.594" /><!-- duration: 9ms -->
    </step><!-- duration: 751ms -->
  </step><!-- duration: 13223ms -->
  <step title="Outgoing response" date="2025-10-28T13:13:29.145" type="response" statusCode="202" statusText="Accepted" /><!-- duration: 18ms -->
</step><!-- duration: 13422ms -->
