<step title="Incoming Request" date="2025-10-29T14:09:18.750" instance="53cb09" url="/api/deployments/latest?deployer=GITHUB_ZIP_DEPLOY&amp;time=2025-10-29_14-09-12Z" method="GET" type="request" pid="824,1,28" Host="sharedthread-ggeheafjamb9hxc2.scm.centralus-01.azurewebsites.net" User-Agent="GITHUBACTIONS_DeployWebAppToAzure_df1ac74e5fcc350eb4fc3a077fcafa660132f4b2532732a238d3f4a07c967089" Authorization="Bas..." Content-Type="application/json; charset=utf-8" Cookie="ARRAffinity=53cb09fa1df56cad4377ddb96071183a2409f29839db9f7c48309c156a15e042;Path=/;HttpOnly;Secure;Domain=sharedthread-ggeheafjamb9hxc2.scm.centralus-01.azurewebsites.net; ARRAffinitySameSite=53cb09fa1df56cad4377ddb96071183a2409f29839db9f7c48309c156a15e042;Path=/;HttpOnly;SameSite=None;Secure;Domain=sharedthread-ggeheafjamb9hxc2.scm.centralus-01.azurewebsites.net" Content-Length="0" X-ARR-LOG-ID="80857121-5d71-4de2-b5dc-e8dcfc8821ce" CLIENT-IP="172.182.213.2:5122" X-SITE-DEPLOYMENT-ID="sharedthread" WAS-DEFAULT-HOSTNAME="sharedthread-ggeheafjamb9hxc2.scm.centralus-01.azurewebsites.net" X-Forwarded-Proto="https" X-AppService-Proto="https" X-Forwarded-TlsVersion="1.3" X-WAWS-Unencoded-URL="/api/deployments/latest?deployer=GITHUB_ZIP_DEPLOY&amp;time=2025-10-29_14-09-12Z" X-Client-IP="172.182.213.2" X-Client-Port="5122" >
  <step title="Cleanup Xml Logs" date="2025-10-29T14:09:18.760" >
    <step title="Cleanup Infos" date="2025-10-29T14:09:18.803" totalFiles="287" totalCleanup="127" /><!-- duration: 6ms -->
  </step><!-- duration: 52ms -->
  <step title="DeploymentService.GetResult" date="2025-10-29T14:09:18.819" >
    <step title="DeploymentService.GetLatestDeployment" date="2025-10-29T14:09:18.841" >
      <step title="DeploymentManager.GetResults" date="2025-10-29T14:09:18.848" /><!-- duration: 3311ms -->
    </step><!-- duration: 3334ms -->
  </step><!-- duration: 3366ms -->
  <step title="Outgoing response" date="2025-10-29T14:09:22.190" type="response" statusCode="202" statusText="Accepted" /><!-- duration: 7ms -->
</step><!-- duration: 3455ms -->
