<step title="BackgroundTrace" date="2025-10-28T08:05:42.947" instance="53cb09" url="/api/zipdeploy" method="POST" >
  <step title="Cleanup Xml Logs" date="2025-10-28T08:05:42.971" /><!-- duration: 6ms -->
  <step title="Creating temporary deployment - FetchDeploymentManager" date="2025-10-28T08:05:43.071" /><!-- duration: 3ms -->
  <step title="Creating temporary deployment" date="2025-10-28T08:05:43.079" /><!-- duration: 136ms -->
  <step title="Performing fetch based deployment" date="2025-10-28T08:05:43.297" >
    <step title="Deployment timer started" date="2025-10-28T08:05:47.497" >
      <step title="DeploymentManager.Deploy(id:15a23932-e8ee-4bf1-89a1-2f4cb9781bba)" date="2025-10-28T08:05:47.526" >
        <step title="Collecting changeset information" date="2025-10-28T08:05:47.601" /><!-- duration: 136ms -->
        <step title="Updating submodules" date="2025-10-28T08:05:47.742" /><!-- duration: 1165ms -->
        <step title="Determining deployment builder" date="2025-10-28T08:05:49.255" >
          <step title="Builder is RunFromZipSiteBuilder" date="2025-10-28T08:05:49.282" /><!-- duration: 10ms -->
        </step><!-- duration: 89ms -->
        <step title="PreDeployment: context.CleanOutputPath False" date="2025-10-28T08:05:49.415" >
          <step title="PreDeployment: context.OutputPath /home/site/wwwroot" date="2025-10-28T08:05:49.561" >
            <step title="Building" date="2025-10-28T08:05:49.733" >
              <step title="Triggering recycle (preview mode disabled)." date="2025-10-28T08:05:50.241" /><!-- duration: 39ms -->
              <step title="Modified file to trigger a restart of the app container." date="2025-10-28T08:05:50.330" /><!-- duration: 8ms -->
              <step title="Skip function trigger and logicapp sync because function is not enabled." date="2025-10-28T08:05:50.349" /><!-- duration: 17ms -->
            </step><!-- duration: 1863ms -->
          </step><!-- duration: 2042ms -->
          <step title="Cleaning up temp files" date="2025-10-28T08:05:51.605" /><!-- duration: 7ms -->
          <step title="Cleaning up temp files" date="2025-10-28T08:05:51.626" /><!-- duration: 514ms -->
          <step title="Reloading status file with latest updates" date="2025-10-28T08:05:52.195" >
            <step title="WebHooksManager.PublishEventAsync: PostDeployment" date="2025-10-28T08:05:52.212" /><!-- duration: 96ms -->
          </step><!-- duration: 121ms -->
          <step title="Cleaning up temporary deployment - fetch deployment was successful" date="2025-10-28T08:05:52.338" /><!-- duration: 9ms -->
        </step><!-- duration: 3074ms -->
      </step><!-- duration: 5012ms -->
