<step title="BackgroundTrace" date="2025-10-28T08:41:18.640" instance="53cb09" url="/api/zipdeploy" method="POST" >
  <step title="Cleanup Xml Logs" date="2025-10-28T08:41:18.645" /><!-- duration: 8ms -->
  <step title="Creating temporary deployment - FetchDeploymentManager" date="2025-10-28T08:41:18.745" /><!-- duration: 4ms -->
  <step title="Creating temporary deployment" date="2025-10-28T08:41:18.758" /><!-- duration: 153ms -->
  <step title="Performing fetch based deployment" date="2025-10-28T08:41:19.019" >
    <step title="Deployment timer started" date="2025-10-28T08:41:25.896" >
      <step title="DeploymentManager.Deploy(id:8d1e24fe-3083-4e4e-8f4b-9648136f95d5)" date="2025-10-28T08:41:25.901" >
        <step title="Collecting changeset information" date="2025-10-28T08:41:26.007" /><!-- duration: 133ms -->
        <step title="Updating submodules" date="2025-10-28T08:41:26.148" /><!-- duration: 1130ms -->
        <step title="Determining deployment builder" date="2025-10-28T08:41:27.557" >
          <step title="Builder is RunFromZipSiteBuilder" date="2025-10-28T08:41:27.570" /><!-- duration: 11ms -->
        </step><!-- duration: 32ms -->
        <step title="PreDeployment: context.CleanOutputPath False" date="2025-10-28T08:41:27.668" >
          <step title="PreDeployment: context.OutputPath /home/site/wwwroot" date="2025-10-28T08:41:27.787" >
            <step title="Building" date="2025-10-28T08:41:27.994" >
              <step title="Triggering recycle (preview mode disabled)." date="2025-10-28T08:41:28.556" /><!-- duration: 9ms -->
              <step title="Modified file to trigger a restart of the app container." date="2025-10-28T08:41:28.610" /><!-- duration: 4ms -->
              <step title="Skip function trigger and logicapp sync because function is not enabled." date="2025-10-28T08:41:28.631" /><!-- duration: 17ms -->
            </step><!-- duration: 1953ms -->
          </step><!-- duration: 2168ms -->
          <step title="Cleaning up temp files" date="2025-10-28T08:41:29.959" /><!-- duration: 7ms -->
          <step title="Cleaning up temp files" date="2025-10-28T08:41:29.969" /><!-- duration: 538ms -->
          <step title="Reloading status file with latest updates" date="2025-10-28T08:41:30.550" >
            <step title="WebHooksManager.PublishEventAsync: PostDeployment" date="2025-10-28T08:41:30.555" /><!-- duration: 55ms -->
          </step><!-- duration: 63ms -->
          <step title="Cleaning up temporary deployment - fetch deployment was successful" date="2025-10-28T08:41:30.626" /><!-- duration: 4ms -->
        </step><!-- duration: 3048ms -->
      </step><!-- duration: 4844ms -->
