<step title="BackgroundTrace" date="2025-10-29T15:36:31.803" instance="53cb09" url="/api/zipdeploy" method="POST" >
  <step title="Cleanup Xml Logs" date="2025-10-29T15:36:31.825" >
    <step title="Cleanup Infos" date="2025-10-29T15:36:31.881" totalFiles="306" totalCleanup="146" /><!-- duration: 28ms -->
  </step><!-- duration: 110ms -->
  <step title="Creating temporary deployment - FetchDeploymentManager" date="2025-10-29T15:36:32.174" /><!-- duration: 14ms -->
  <step title="Creating temporary deployment" date="2025-10-29T15:36:32.259" /><!-- duration: 373ms -->
  <step title="Performing fetch based deployment" date="2025-10-29T15:36:32.797" >
    <step title="Deployment timer started" date="2025-10-29T15:36:38.139" >
      <step title="DeploymentManager.Deploy(id:f4252172-96e4-4fbe-ae1a-7b5e98525f5d)" date="2025-10-29T15:36:38.174" >
        <step title="Collecting changeset information" date="2025-10-29T15:36:38.207" /><!-- duration: 154ms -->
        <step title="Updating submodules" date="2025-10-29T15:36:38.368" /><!-- duration: 1158ms -->
        <step title="Determining deployment builder" date="2025-10-29T15:36:39.781" >
          <step title="Builder is RunFromZipSiteBuilder" date="2025-10-29T15:36:39.822" /><!-- duration: 19ms -->
        </step><!-- duration: 82ms -->
        <step title="PreDeployment: context.CleanOutputPath False" date="2025-10-29T15:36:39.943" >
          <step title="PreDeployment: context.OutputPath /home/site/wwwroot" date="2025-10-29T15:36:40.100" >
            <step title="Building" date="2025-10-29T15:36:40.331" >
              <step title="Triggering recycle (preview mode disabled)." date="2025-10-29T15:36:41.854" /><!-- duration: 7ms -->
              <step title="Modified file to trigger a restart of the app container." date="2025-10-29T15:36:41.928" /><!-- duration: 7ms -->
              <step title="Skip function trigger and logicapp sync because function is not enabled." date="2025-10-29T15:36:41.948" /><!-- duration: 35ms -->
              <step title="Purge deployment items" date="2025-10-29T15:36:43.474" >
                <step title="Remove a5dc123e-, Success, received at 10/28/2025 19:00:34" date="2025-10-29T15:36:43.565" /><!-- duration: 3ms -->
              </step><!-- duration: 98ms -->
            </step><!-- duration: 3331ms -->
          </step><!-- duration: 3566ms -->
          <step title="Cleaning up temp files" date="2025-10-29T15:36:43.669" /><!-- duration: 8ms -->
          <step title="Cleaning up temp files" date="2025-10-29T15:36:43.693" /><!-- duration: 540ms -->
          <step title="Reloading status file with latest updates" date="2025-10-29T15:36:44.335" >
            <step title="WebHooksManager.PublishEventAsync: PostDeployment" date="2025-10-29T15:36:44.340" /><!-- duration: 73ms -->
          </step><!-- duration: 82ms -->
          <step title="Cleaning up temporary deployment - fetch deployment was successful" date="2025-10-29T15:36:44.426" /><!-- duration: 10ms -->
        </step><!-- duration: 4572ms -->
      </step><!-- duration: 6393ms -->
