<step title="BackgroundTrace" date="2025-10-28T13:57:49.204" instance="53cb09" url="/api/zipdeploy" method="POST" >
  <step title="Cleanup Xml Logs" date="2025-10-28T13:57:49.209" /><!-- duration: 13ms -->
  <step title="Creating temporary deployment - FetchDeploymentManager" date="2025-10-28T13:57:49.316" /><!-- duration: 3ms -->
  <step title="Creating temporary deployment" date="2025-10-28T13:57:49.326" /><!-- duration: 164ms -->
  <step title="Performing fetch based deployment" date="2025-10-28T13:57:49.555" >
    <step title="Deployment timer started" date="2025-10-28T13:57:53.423" >
      <step title="DeploymentManager.Deploy(id:74a75b47-eb94-4010-b57f-93a3f8d2ebab)" date="2025-10-28T13:57:53.438" >
        <step title="Collecting changeset information" date="2025-10-28T13:57:53.487" /><!-- duration: 122ms -->
        <step title="Updating submodules" date="2025-10-28T13:57:53.616" /><!-- duration: 1165ms -->
        <step title="Determining deployment builder" date="2025-10-28T13:57:55.079" >
          <step title="Builder is RunFromZipSiteBuilder" date="2025-10-28T13:57:55.092" /><!-- duration: 16ms -->
        </step><!-- duration: 51ms -->
        <step title="PreDeployment: context.CleanOutputPath False" date="2025-10-28T13:57:55.199" >
          <step title="PreDeployment: context.OutputPath /home/site/wwwroot" date="2025-10-28T13:57:55.328" >
            <step title="Building" date="2025-10-28T13:57:55.485" >
              <step title="Triggering recycle (preview mode disabled)." date="2025-10-28T13:57:56.228" /><!-- duration: 28ms -->
              <step title="Modified file to trigger a restart of the app container." date="2025-10-28T13:57:56.302" /><!-- duration: 24ms -->
              <step title="Skip function trigger and logicapp sync because function is not enabled." date="2025-10-28T13:57:56.343" /><!-- duration: 23ms -->
              <step title="Purge deployment items" date="2025-10-28T13:57:59.886" >
                <step title="Remove c43d1fd3-, Success, received at 10/28/2025 09:58:26" date="2025-10-28T13:57:59.942" /><!-- duration: 7ms -->
              </step><!-- duration: 67ms -->
            </step><!-- duration: 4556ms -->
          </step><!-- duration: 4727ms -->
          <step title="Cleaning up temp files" date="2025-10-28T13:58:00.059" /><!-- duration: 5ms -->
          <step title="Cleaning up temp files" date="2025-10-28T13:58:00.074" /><!-- duration: 548ms -->
          <step title="Reloading status file with latest updates" date="2025-10-28T13:58:00.883" >
            <step title="WebHooksManager.PublishEventAsync: PostDeployment" date="2025-10-28T13:58:00.913" /><!-- duration: 450ms -->
          </step><!-- duration: 488ms -->
          <step title="Cleaning up temporary deployment - fetch deployment was successful" date="2025-10-28T13:58:01.401" /><!-- duration: 29ms -->
        </step><!-- duration: 7793ms -->
      </step><!-- duration: 9656ms -->
