<step title="BackgroundTrace" date="2025-10-28T13:49:26.597" instance="53cb09" url="/api/zipdeploy" method="POST" >
  <step title="Cleanup Xml Logs" date="2025-10-28T13:49:26.603" /><!-- duration: 17ms -->
  <step title="Creating temporary deployment - FetchDeploymentManager" date="2025-10-28T13:49:26.681" /><!-- duration: 3ms -->
  <step title="Creating temporary deployment" date="2025-10-28T13:49:26.704" /><!-- duration: 124ms -->
  <step title="Performing fetch based deployment" date="2025-10-28T13:49:26.911" >
    <step title="Deployment timer started" date="2025-10-28T13:49:33.572" >
      <step title="DeploymentManager.Deploy(id:ee026c61-a016-4350-be6a-e2da4bae1233)" date="2025-10-28T13:49:33.582" >
        <step title="Collecting changeset information" date="2025-10-28T13:49:33.626" /><!-- duration: 148ms -->
        <step title="Updating submodules" date="2025-10-28T13:49:33.779" /><!-- duration: 1206ms -->
        <step title="Determining deployment builder" date="2025-10-28T13:49:35.631" >
          <step title="Builder is RunFromZipSiteBuilder" date="2025-10-28T13:49:35.659" /><!-- duration: 12ms -->
        </step><!-- duration: 68ms -->
        <step title="PreDeployment: context.CleanOutputPath False" date="2025-10-28T13:49:35.786" >
          <step title="PreDeployment: context.OutputPath /home/site/wwwroot" date="2025-10-28T13:49:35.908" >
            <step title="Building" date="2025-10-28T13:49:36.068" >
              <step title="Triggering recycle (preview mode disabled)." date="2025-10-28T13:49:36.488" /><!-- duration: 6ms -->
              <step title="Modified file to trigger a restart of the app container." date="2025-10-28T13:49:36.545" /><!-- duration: 3ms -->
              <step title="Skip function trigger and logicapp sync because function is not enabled." date="2025-10-28T13:49:36.554" /><!-- duration: 24ms -->
              <step title="Purge deployment items" date="2025-10-28T13:49:37.898" >
                <step title="Remove 139388fa-, Success, received at 10/28/2025 09:55:16" date="2025-10-28T13:49:38.028" /><!-- duration: 3ms -->
              </step><!-- duration: 137ms -->
            </step><!-- duration: 2038ms -->
          </step><!-- duration: 2211ms -->
          <step title="Cleaning up temp files" date="2025-10-28T13:49:38.123" /><!-- duration: 11ms -->
          <step title="Cleaning up temp files" date="2025-10-28T13:49:38.148" /><!-- duration: 538ms -->
          <step title="Reloading status file with latest updates" date="2025-10-28T13:49:38.728" >
            <step title="WebHooksManager.PublishEventAsync: PostDeployment" date="2025-10-28T13:49:38.732" /><!-- duration: 61ms -->
          </step><!-- duration: 71ms -->
          <step title="Cleaning up temporary deployment - fetch deployment was successful" date="2025-10-28T13:49:38.806" /><!-- duration: 3ms -->
        </step><!-- duration: 3122ms -->
      </step><!-- duration: 5359ms -->
