<step title="Incoming Request" date="2025-10-28T10:11:17.658" instance="53cb09" url="/api/zipdeploy?isAsync=true&amp;deployer=GITHUB_ZIP_DEPLOY&amp;message=%7B%22type%22%3A%22deployment%22%2C%22sha%22%3A%226a5cbb81c03ca6a5641c6a6ccad0706bee2a5969%22%2C%22repoName%22%3A%22mxchestnut%2Fsharedthread%22%2C%22actor%22%3A%22mxchestnut%22%2C%22slotName%22%3A%22production%22%2C%22commitMessage%22%3A%22Add%20comprehensive%20contact%20form%20system%5Cn%5Cn%E2%9C%85%20Create%20%2Fcontact%20page%20with%20full%20contact%20form%20interface%5Cn%E2%9C%85%20Add%20API%20route%20%2Fapi%2Fcontact%20with%20validation%20and%20processing%5Cn%E2%9C%85%20Include%20multiple%20contact%20types%20(general%2C%20support%2C%20community%2C%20press%2C%20partnerships)%5Cn%E2%9C%85%20Form%20validation%20with%20real-time%20feedback%5Cn%E2%9C%85%20Success%2Ferror%20states%20with%20user-friendly%20messaging%5Cn%E2%9C%85%20Privacy%20notice%20and%20transparency%20links%5Cn%E2%9C%85%20Update%20footer%20to%20link%20to%20contact%20form%20instead%20of%20mailto%5Cn%E2%9C%85%20Maintain%20email%20fallback%20option%20for%20user%20preference%5Cn%5CnUsers%20now%20have%20a%20proper%20contact%20form%20instead%20of%20just%20email%20links%2C%5Cnimproving%20accessibility%20and%20user%20experience.%22%7D" method="POST" type="request" pid="823,1,45" Host="sharedthread-ggeheafjamb9hxc2.scm.centralus-01.azurewebsites.net" User-Agent="GITHUBACTIONS_DeployWebAppToAzure_df1ac74e5fcc350eb4fc3a077fcafa660132f4b2532732a238d3f4a07c967089" Authorization="Bas..." Content-Type="application/octet-stream" Cookie="ARRAffinity=53cb09fa1df56cad4377ddb96071183a2409f29839db9f7c48309c156a15e042;Path=/;HttpOnly;Secure;Domain=sharedthread-ggeheafjamb9hxc2.scm.centralus-01.azurewebsites.net; ARRAffinitySameSite=53cb09fa1df56cad4377ddb96071183a2409f29839db9f7c48309c156a15e042;Path=/;HttpOnly;SameSite=None;Secure;Domain=sharedthread-ggeheafjamb9hxc2.scm.centralus-01.azurewebsites.net" Transfer-Encoding="chunked" X-ARR-LOG-ID="fa11d970-d2e6-40ad-b309-53df00ed0508" CLIENT-IP="48.214.53.66:19392" X-SITE-DEPLOYMENT-ID="sharedthread" WAS-DEFAULT-HOSTNAME="sharedthread-ggeheafjamb9hxc2.scm.centralus-01.azurewebsites.net" X-Forwarded-Proto="https" X-AppService-Proto="https" X-Forwarded-TlsVersion="1.3" X-WAWS-Unencoded-URL="/api/zipdeploy?isAsync=true&amp;deployer=GITHUB_ZIP_DEPLOY&amp;message=%7B%22type%22%3A%22deployment%22%2C%22sha%22%3A%226a5cbb81c03ca6a5641c6a6ccad0706bee2a5969%22%2C%22repoName%22%3A%22mxchestnut%2Fsharedthread%22%2C%22actor%22%3A%22mxchestnut%22%2C%22slotName%22%3A%22production%22%2C%22commitMessage%22%3A%22Add%20comprehensive%20contact%20form%20system%5Cn%5Cn%E2%9C%85%20Create%20%2Fcontact%20page%20with%20full%20contact%20form%20interface%5Cn%E2%9C%85%20Add%20API%20route%20%2Fapi%2Fcontact%20with%20validation%20and%20processing%5Cn%E2%9C%85%20Include%20multiple%20contact%20types%20(general%2C%20support%2C%20community%2C%20press%2C%20partnerships)%5Cn%E2%9C%85%20Form%20validation%20with%20real-time%20feedback%5Cn%E2%9C%85%20Success%2Ferror%20states%20with%20user-friendly%20messaging%5Cn%E2%9C%85%20Privacy%20notice%20and%20transparency%20links%5Cn%E2%9C%85%20Update%20footer%20to%20link%20to%20contact%20form%20instead%20of%20mailto%5Cn%E2%9C%85%20Maintain%20email%20fallback%20option%20for%20user%20preference%5Cn%5CnUsers%20now%20have%20a%20proper%20contact%20form%20instead%20of%20just%20email%20links%2C%5Cnimproving%20accessibility%20and%20user%20experience.%22%7D" X-Client-IP="48.214.53.66" X-Client-Port="19392" >
  <step title="Cleanup Xml Logs" date="2025-10-28T10:11:17.662" /><!-- duration: 26ms -->
  <step title="ZipPushDeploy" date="2025-10-28T10:11:17.716" >
    <step title="ZipDeploy. Run from package. Ignore remote build." date="2025-10-28T10:11:17.736" /><!-- duration: 9ms -->
    <step title="Starting PushDeployAsync" date="2025-10-28T10:11:17.763" /><!-- duration: 4ms -->
    <step title="WEBSITE_RUN_FROM_PACKAGE is set to 1. Writing zip to SitePackagesPath" date="2025-10-28T10:11:17.794" /><!-- duration: 18ms -->
    <step title="Copying zip to SitePackages /home/data/SitePackages/20251028101117.zip from request body" date="2025-10-28T10:11:17.857" /><!-- duration: 11ms -->
    <step title="Writing multipart request body to /home/data/SitePackages/20251028101117.zip" date="2025-10-28T10:11:17.879" /><!-- duration: 8ms -->
    <step title="Deleting outdated zip file /home/data/SitePackages/20251028092726.zip" date="2025-10-28T10:11:35.450" /><!-- duration: 57ms -->
    <step title="Start deployment in the background" date="2025-10-28T10:11:35.563" >
      <step title="Acquiring Deployment Lock" date="2025-10-28T10:11:35.769" /><!-- duration: 13ms -->
      <step title="Acquired Deployment Lock" date="2025-10-28T10:11:35.886" /><!-- duration: 9ms -->
    </step><!-- duration: 729ms -->
  </step><!-- duration: 18632ms -->
  <step title="Outgoing response" date="2025-10-28T10:11:36.579" type="response" statusCode="202" statusText="Accepted" /><!-- duration: 19ms -->
</step><!-- duration: 18948ms -->
