<step title="BackgroundTrace" date="2025-10-28T08:00:23.205" instance="53cb09" url="/api/zipdeploy" method="POST" >
  <step title="Cleanup Xml Logs" date="2025-10-28T08:00:23.231" /><!-- duration: 23ms -->
  <step title="Creating temporary deployment - FetchDeploymentManager" date="2025-10-28T08:00:23.381" /><!-- duration: 4ms -->
  <step title="Creating temporary deployment" date="2025-10-28T08:00:23.400" /><!-- duration: 249ms -->
  <step title="Performing fetch based deployment" date="2025-10-28T08:00:23.804" >
    <step title="Deployment timer started" date="2025-10-28T08:00:31.588" >
      <step title="DeploymentManager.Deploy(id:926e2685-7ee4-429d-a0ec-59914d039f75)" date="2025-10-28T08:00:31.615" >
        <step title="Collecting changeset information" date="2025-10-28T08:00:31.749" /><!-- duration: 222ms -->
        <step title="Updating submodules" date="2025-10-28T08:00:31.988" /><!-- duration: 1314ms -->
        <step title="Determining deployment builder" date="2025-10-28T08:00:33.598" >
          <step title="Builder is RunFromZipSiteBuilder" date="2025-10-28T08:00:33.614" /><!-- duration: 8ms -->
        </step><!-- duration: 34ms -->
        <step title="PreDeployment: context.CleanOutputPath False" date="2025-10-28T08:00:33.723" >
          <step title="PreDeployment: context.OutputPath /home/site/wwwroot" date="2025-10-28T08:00:33.898" >
            <step title="Building" date="2025-10-28T08:00:34.158" >
              <step title="Triggering recycle (preview mode disabled)." date="2025-10-28T08:00:34.622" /><!-- duration: 77ms -->
              <step title="Modified file to trigger a restart of the app container." date="2025-10-28T08:00:34.783" /><!-- duration: 12ms -->
              <step title="Skip function trigger and logicapp sync because function is not enabled." date="2025-10-28T08:00:34.948" /><!-- duration: 4ms -->
            </step><!-- duration: 2461ms -->
          </step><!-- duration: 2731ms -->
          <step title="Cleaning up temp files" date="2025-10-28T08:00:36.637" /><!-- duration: 33ms -->
          <step title="Cleaning up temp files" date="2025-10-28T08:00:36.689" /><!-- duration: 516ms -->
          <step title="Reloading status file with latest updates" date="2025-10-28T08:00:37.304" >
            <step title="WebHooksManager.PublishEventAsync: PostDeployment" date="2025-10-28T08:00:37.313" /><!-- duration: 142ms -->
          </step><!-- duration: 158ms -->
          <step title="Cleaning up temporary deployment - fetch deployment was successful" date="2025-10-28T08:00:37.483" /><!-- duration: 8ms -->
        </step><!-- duration: 3900ms -->
      </step><!-- duration: 6070ms -->
