<step title="Incoming Request" date="2025-10-28T18:59:56.797" instance="53cb09" url="/api/deployments/latest?deployer=GITHUB_ZIP_DEPLOY&amp;time=2025-10-28_18-59-50Z" method="GET" type="request" pid="824,1,34" Host="sharedthread-ggeheafjamb9hxc2.scm.centralus-01.azurewebsites.net" User-Agent="GITHUBACTIONS_DeployWebAppToAzure_df1ac74e5fcc350eb4fc3a077fcafa660132f4b2532732a238d3f4a07c967089" Authorization="Bas..." Content-Type="application/json; charset=utf-8" Cookie="ARRAffinity=53cb09fa1df56cad4377ddb96071183a2409f29839db9f7c48309c156a15e042;Path=/;HttpOnly;Secure;Domain=sharedthread-ggeheafjamb9hxc2.scm.centralus-01.azurewebsites.net; ARRAffinitySameSite=53cb09fa1df56cad4377ddb96071183a2409f29839db9f7c48309c156a15e042;Path=/;HttpOnly;SameSite=None;Secure;Domain=sharedthread-ggeheafjamb9hxc2.scm.centralus-01.azurewebsites.net" Content-Length="0" X-ARR-LOG-ID="3c04734b-8407-4deb-9087-1f272a6f1d14" CLIENT-IP="68.220.62.180:61441" X-SITE-DEPLOYMENT-ID="sharedthread" WAS-DEFAULT-HOSTNAME="sharedthread-ggeheafjamb9hxc2.scm.centralus-01.azurewebsites.net" X-Forwarded-Proto="https" X-AppService-Proto="https" X-Forwarded-TlsVersion="1.3" X-WAWS-Unencoded-URL="/api/deployments/latest?deployer=GITHUB_ZIP_DEPLOY&amp;time=2025-10-28_18-59-50Z" X-Client-IP="68.220.62.180" X-Client-Port="61441" >
  <step title="Cleanup Xml Logs" date="2025-10-28T18:59:56.801" >
    <step title="Cleanup Infos" date="2025-10-28T18:59:56.845" totalFiles="231" totalCleanup="71" /><!-- duration: 20ms -->
  </step><!-- duration: 69ms -->
  <step title="DeploymentService.GetResult" date="2025-10-28T18:59:56.887" >
    <step title="DeploymentService.GetLatestDeployment" date="2025-10-28T18:59:56.891" >
      <step title="DeploymentManager.GetResults" date="2025-10-28T18:59:56.897" /><!-- duration: 904ms -->
    </step><!-- duration: 1016ms -->
  </step><!-- duration: 1055ms -->
  <step title="Outgoing response" date="2025-10-28T18:59:57.953" type="response" statusCode="202" statusText="Accepted" /><!-- duration: 18ms -->
</step><!-- duration: 1176ms -->
