<step title="Incoming Request" date="2025-10-29T15:36:40.646" instance="53cb09" url="/api/deployments/latest?deployer=GITHUB_ZIP_DEPLOY&amp;time=2025-10-29_15-36-32Z" method="GET" type="request" pid="823,1,25" Host="sharedthread-ggeheafjamb9hxc2.scm.centralus-01.azurewebsites.net" User-Agent="GITHUBACTIONS_DeployWebAppToAzure_df1ac74e5fcc350eb4fc3a077fcafa660132f4b2532732a238d3f4a07c967089" Authorization="Bas..." Content-Type="application/json; charset=utf-8" Cookie="ARRAffinity=53cb09fa1df56cad4377ddb96071183a2409f29839db9f7c48309c156a15e042;Path=/;HttpOnly;Secure;Domain=sharedthread-ggeheafjamb9hxc2.scm.centralus-01.azurewebsites.net; ARRAffinitySameSite=53cb09fa1df56cad4377ddb96071183a2409f29839db9f7c48309c156a15e042;Path=/;HttpOnly;SameSite=None;Secure;Domain=sharedthread-ggeheafjamb9hxc2.scm.centralus-01.azurewebsites.net" Content-Length="0" X-ARR-LOG-ID="980331a8-be22-48d0-959c-cdeaf611ee0d" CLIENT-IP="20.109.38.115:65473" X-SITE-DEPLOYMENT-ID="sharedthread" WAS-DEFAULT-HOSTNAME="sharedthread-ggeheafjamb9hxc2.scm.centralus-01.azurewebsites.net" X-Forwarded-Proto="https" X-AppService-Proto="https" X-Forwarded-TlsVersion="1.3" X-WAWS-Unencoded-URL="/api/deployments/latest?deployer=GITHUB_ZIP_DEPLOY&amp;time=2025-10-29_15-36-32Z" X-Client-IP="20.109.38.115" X-Client-Port="65473" >
  <step title="Cleanup Xml Logs" date="2025-10-29T15:36:40.679" >
    <step title="Cleanup Infos" date="2025-10-29T15:36:40.740" totalFiles="308" totalCleanup="148" /><!-- duration: 20ms -->
  </step><!-- duration: 91ms -->
  <step title="DeploymentService.GetResult" date="2025-10-29T15:36:40.813" >
    <step title="DeploymentService.GetLatestDeployment" date="2025-10-29T15:36:40.817" >
      <step title="DeploymentManager.GetResults" date="2025-10-29T15:36:40.825" /><!-- duration: 803ms -->
    </step><!-- duration: 815ms -->
  </step><!-- duration: 822ms -->
  <step title="Outgoing response" date="2025-10-29T15:36:41.643" type="response" statusCode="202" statusText="Accepted" /><!-- duration: 6ms -->
</step><!-- duration: 1062ms -->
