<step title="Incoming Request" date="2025-10-28T13:57:55.943" instance="53cb09" url="/api/zipdeploy?isAsync=true&amp;deployer=GITHUB_ZIP_DEPLOY&amp;message=%7B%22type%22%3A%22deployment%22%2C%22sha%22%3A%226ea373c71c1fea93a78afb7c953d53522c6bac04%22%2C%22repoName%22%3A%22mxchestnut%2Fsharedthread%22%2C%22actor%22%3A%22mxchestnut%22%2C%22slotName%22%3A%22production%22%2C%22commitMessage%22%3A%22Add%20restore%20point%20documentation%22%7D" method="POST" type="request" pid="824,1,23" Host="sharedthread-ggeheafjamb9hxc2.scm.centralus-01.azurewebsites.net" User-Agent="GITHUBACTIONS_DeployWebAppToAzure_df1ac74e5fcc350eb4fc3a077fcafa660132f4b2532732a238d3f4a07c967089" Authorization="Bas..." Content-Type="application/octet-stream" Cookie="ARRAffinity=53cb09fa1df56cad4377ddb96071183a2409f29839db9f7c48309c156a15e042;Path=/;HttpOnly;Secure;Domain=sharedthread-ggeheafjamb9hxc2.scm.centralus-01.azurewebsites.net; ARRAffinitySameSite=53cb09fa1df56cad4377ddb96071183a2409f29839db9f7c48309c156a15e042;Path=/;HttpOnly;SameSite=None;Secure;Domain=sharedthread-ggeheafjamb9hxc2.scm.centralus-01.azurewebsites.net" Transfer-Encoding="chunked" X-ARR-LOG-ID="d7c75b13-a6eb-4a93-a848-073b5bd97db7" CLIENT-IP="145.132.99.134:39984" X-SITE-DEPLOYMENT-ID="sharedthread" WAS-DEFAULT-HOSTNAME="sharedthread-ggeheafjamb9hxc2.scm.centralus-01.azurewebsites.net" X-Forwarded-Proto="https" X-AppService-Proto="https" X-Forwarded-TlsVersion="1.3" X-WAWS-Unencoded-URL="/api/zipdeploy?isAsync=true&amp;deployer=GITHUB_ZIP_DEPLOY&amp;message=%7B%22type%22%3A%22deployment%22%2C%22sha%22%3A%226ea373c71c1fea93a78afb7c953d53522c6bac04%22%2C%22repoName%22%3A%22mxchestnut%2Fsharedthread%22%2C%22actor%22%3A%22mxchestnut%22%2C%22slotName%22%3A%22production%22%2C%22commitMessage%22%3A%22Add%20restore%20point%20documentation%22%7D" X-Client-IP="145.132.99.134" X-Client-Port="39984" >
  <step title="Cleanup Xml Logs" date="2025-10-28T13:57:55.946" /><!-- duration: 37ms -->
  <step title="ZipPushDeploy" date="2025-10-28T13:57:56.011" >
    <step title="ZipDeploy. Run from package. Ignore remote build." date="2025-10-28T13:57:56.039" /><!-- duration: 3ms -->
    <step title="Starting PushDeployAsync" date="2025-10-28T13:57:56.047" /><!-- duration: 7ms -->
    <step title="WEBSITE_RUN_FROM_PACKAGE is set to 1. Writing zip to SitePackagesPath" date="2025-10-28T13:57:56.064" /><!-- duration: 12ms -->
    <step title="Copying zip to SitePackages /home/data/SitePackages/20251028135756.zip from request body" date="2025-10-28T13:57:56.108" /><!-- duration: 16ms -->
    <step title="Writing multipart request body to /home/data/SitePackages/20251028135756.zip" date="2025-10-28T13:57:56.154" /><!-- duration: 17ms -->
    <step title="Deleting outdated zip file /home/data/SitePackages/20251028130622.zip" date="2025-10-28T13:58:18.261" /><!-- duration: 74ms -->
    <step title="Start deployment in the background" date="2025-10-28T13:58:18.374" >
      <step title="Acquiring Deployment Lock" date="2025-10-28T13:58:18.699" /><!-- duration: 11ms -->
      <step title="Acquired Deployment Lock" date="2025-10-28T13:58:18.816" /><!-- duration: 35ms -->
    </step><!-- duration: 709ms -->
  </step><!-- duration: 23091ms -->
  <step title="Outgoing response" date="2025-10-28T13:58:19.138" type="response" statusCode="202" statusText="Accepted" /><!-- duration: 63ms -->
</step><!-- duration: 23267ms -->
