<step title="Incoming Request" date="2025-10-31T07:23:26.245" instance="53cb09" url="/api/zipdeploy?isAsync=true&amp;deployer=GITHUB_ZIP_DEPLOY&amp;message=%7B%22type%22%3A%22deployment%22%2C%22sha%22%3A%22b497df80316586b0ce56b81970b847d8239b1e37%22%2C%22repoName%22%3A%22mxchestnut%2Fsharedthread%22%2C%22actor%22%3A%22mxchestnut%22%2C%22slotName%22%3A%22production%22%2C%22commitMessage%22%3A%22Add%20postinstall%20script%20to%20ensure%20Prisma%20Client%20is%20generated%22%7D" method="POST" type="request" pid="823,1,3" Host="sharedthread-ggeheafjamb9hxc2.scm.centralus-01.azurewebsites.net" User-Agent="GITHUBACTIONS_DeployWebAppToAzure_df1ac74e5fcc350eb4fc3a077fcafa660132f4b2532732a238d3f4a07c967089" Authorization="Bas..." Content-Type="application/octet-stream" Cookie="ARRAffinity=53cb09fa1df56cad4377ddb96071183a2409f29839db9f7c48309c156a15e042;Path=/;HttpOnly;Secure;Domain=sharedthread-ggeheafjamb9hxc2.scm.centralus-01.azurewebsites.net; ARRAffinitySameSite=53cb09fa1df56cad4377ddb96071183a2409f29839db9f7c48309c156a15e042;Path=/;HttpOnly;SameSite=None;Secure;Domain=sharedthread-ggeheafjamb9hxc2.scm.centralus-01.azurewebsites.net" Transfer-Encoding="chunked" X-ARR-LOG-ID="82dee63a-7d5c-4f95-8845-e038f54485d8" CLIENT-IP="172.184.211.64:29568" X-SITE-DEPLOYMENT-ID="sharedthread" WAS-DEFAULT-HOSTNAME="sharedthread-ggeheafjamb9hxc2.scm.centralus-01.azurewebsites.net" X-Forwarded-Proto="https" X-AppService-Proto="https" X-Forwarded-TlsVersion="1.3" X-WAWS-Unencoded-URL="/api/zipdeploy?isAsync=true&amp;deployer=GITHUB_ZIP_DEPLOY&amp;message=%7B%22type%22%3A%22deployment%22%2C%22sha%22%3A%22b497df80316586b0ce56b81970b847d8239b1e37%22%2C%22repoName%22%3A%22mxchestnut%2Fsharedthread%22%2C%22actor%22%3A%22mxchestnut%22%2C%22slotName%22%3A%22production%22%2C%22commitMessage%22%3A%22Add%20postinstall%20script%20to%20ensure%20Prisma%20Client%20is%20generated%22%7D" X-Client-IP="172.184.211.64" X-Client-Port="29568" >
  <step title="Cleanup Xml Logs" date="2025-10-31T07:23:26.251" >
    <step title="Cleanup Infos" date="2025-10-31T07:23:26.267" totalFiles="377" totalCleanup="217" /><!-- duration: 7ms -->
  </step><!-- duration: 27ms -->
  <step title="ZipPushDeploy" date="2025-10-31T07:23:26.561" >
    <step title="ZipDeploy. Run from package. Ignore remote build." date="2025-10-31T07:23:26.619" /><!-- duration: 25ms -->
    <step title="Starting PushDeployAsync" date="2025-10-31T07:23:26.719" /><!-- duration: 10ms -->
    <step title="WEBSITE_RUN_FROM_PACKAGE is set to 1. Writing zip to SitePackagesPath" date="2025-10-31T07:23:26.870" /><!-- duration: 10ms -->
    <step title="Copying zip to SitePackages /home/data/SitePackages/20251031072326.zip from request body" date="2025-10-31T07:23:27.000" /><!-- duration: 9ms -->
    <step title="Writing multipart request body to /home/data/SitePackages/20251031072326.zip" date="2025-10-31T07:23:27.019" /><!-- duration: 27ms -->
    <step title="Deleting outdated zip file /home/data/SitePackages/20251031052052.zip" date="2025-10-31T07:23:55.446" /><!-- duration: 24ms -->
    <step title="Start deployment in the background" date="2025-10-31T07:23:55.493" >
      <step title="Acquiring Deployment Lock" date="2025-10-31T07:23:55.553" /><!-- duration: 4ms -->
      <step title="Acquired Deployment Lock" date="2025-10-31T07:23:55.607" /><!-- duration: 4ms -->
    </step><!-- duration: 282ms -->
  </step><!-- duration: 29231ms -->
  <step title="Outgoing response" date="2025-10-31T07:23:55.798" type="response" statusCode="202" statusText="Accepted" /><!-- duration: 3ms -->
</step><!-- duration: 29559ms -->
