<step title="BackgroundTrace" date="2025-10-28T18:59:50.009" instance="53cb09" url="/api/zipdeploy" method="POST" >
  <step title="Cleanup Xml Logs" date="2025-10-28T18:59:50.035" >
    <step title="Cleanup Infos" date="2025-10-28T18:59:50.066" totalFiles="229" totalCleanup="69" /><!-- duration: 18ms -->
  </step><!-- duration: 65ms -->
  <step title="Creating temporary deployment - FetchDeploymentManager" date="2025-10-28T18:59:50.194" /><!-- duration: 4ms -->
  <step title="Creating temporary deployment" date="2025-10-28T18:59:50.203" /><!-- duration: 80ms -->
  <step title="Performing fetch based deployment" date="2025-10-28T18:59:50.372" >
    <step title="Deployment timer started" date="2025-10-28T18:59:54.042" >
      <step title="DeploymentManager.Deploy(id:182c9142-0514-4d71-9851-b936b7278e85)" date="2025-10-28T18:59:54.051" >
        <step title="Collecting changeset information" date="2025-10-28T18:59:54.089" /><!-- duration: 145ms -->
        <step title="Updating submodules" date="2025-10-28T18:59:54.241" /><!-- duration: 1143ms -->
        <step title="Determining deployment builder" date="2025-10-28T18:59:55.629" >
          <step title="Builder is RunFromZipSiteBuilder" date="2025-10-28T18:59:55.663" /><!-- duration: 4ms -->
        </step><!-- duration: 42ms -->
        <step title="PreDeployment: context.CleanOutputPath False" date="2025-10-28T18:59:55.758" >
          <step title="PreDeployment: context.OutputPath /home/site/wwwroot" date="2025-10-28T18:59:55.897" >
            <step title="Building" date="2025-10-28T18:59:56.058" >
              <step title="Triggering recycle (preview mode disabled)." date="2025-10-28T18:59:56.580" /><!-- duration: 8ms -->
              <step title="Modified file to trigger a restart of the app container." date="2025-10-28T18:59:56.625" /><!-- duration: 9ms -->
              <step title="Skip function trigger and logicapp sync because function is not enabled." date="2025-10-28T18:59:56.640" /><!-- duration: 24ms -->
              <step title="Purge deployment items" date="2025-10-28T19:00:00.830" >
                <step title="Remove 74a75b47-, Success, received at 10/28/2025 13:57:53" date="2025-10-28T19:00:01.023" /><!-- duration: 17ms -->
              </step><!-- duration: 221ms -->
            </step><!-- duration: 5149ms -->
          </step><!-- duration: 5364ms -->
          <step title="Cleaning up temp files" date="2025-10-28T19:00:01.281" /><!-- duration: 29ms -->
          <step title="Cleaning up temp files" date="2025-10-28T19:00:01.368" /><!-- duration: 584ms -->
          <step title="Reloading status file with latest updates" date="2025-10-28T19:00:02.288" >
            <step title="WebHooksManager.PublishEventAsync: PostDeployment" date="2025-10-28T19:00:02.340" /><!-- duration: 260ms -->
          </step><!-- duration: 549ms -->
          <step title="Cleaning up temporary deployment - fetch deployment was successful" date="2025-10-28T19:00:02.936" /><!-- duration: 91ms -->
        </step><!-- duration: 7990ms -->
      </step><!-- duration: 10156ms -->
