<step title="Incoming Request" date="2025-10-31T07:14:32.459" instance="53cb09" url="/api/zipdeploy?isAsync=true&amp;deployer=GITHUB_ZIP_DEPLOY&amp;message=%7B%22type%22%3A%22deployment%22%2C%22sha%22%3A%227127f3789c31bafc2583032d5a9a7f41a1ffa110%22%2C%22repoName%22%3A%22mxchestnut%2Fsharedthread%22%2C%22actor%22%3A%22mxchestnut%22%2C%22slotName%22%3A%22production%22%2C%22commitMessage%22%3A%22Fix%20Prisma%20schema%20and%20add%20password%20reset%20scripts%22%7D" method="POST" type="request" pid="823,1,16" Host="sharedthread-ggeheafjamb9hxc2.scm.centralus-01.azurewebsites.net" User-Agent="GITHUBACTIONS_DeployWebAppToAzure_df1ac74e5fcc350eb4fc3a077fcafa660132f4b2532732a238d3f4a07c967089" Authorization="Bas..." Content-Type="application/octet-stream" Cookie="ARRAffinity=53cb09fa1df56cad4377ddb96071183a2409f29839db9f7c48309c156a15e042;Path=/;HttpOnly;Secure;Domain=sharedthread-ggeheafjamb9hxc2.scm.centralus-01.azurewebsites.net; ARRAffinitySameSite=53cb09fa1df56cad4377ddb96071183a2409f29839db9f7c48309c156a15e042;Path=/;HttpOnly;SameSite=None;Secure;Domain=sharedthread-ggeheafjamb9hxc2.scm.centralus-01.azurewebsites.net" Transfer-Encoding="chunked" X-ARR-LOG-ID="95ad9144-32a3-4d41-a5b5-3fc7ee49f999" CLIENT-IP="172.184.209.184:34816" X-SITE-DEPLOYMENT-ID="sharedthread" WAS-DEFAULT-HOSTNAME="sharedthread-ggeheafjamb9hxc2.scm.centralus-01.azurewebsites.net" X-Forwarded-Proto="https" X-AppService-Proto="https" X-Forwarded-TlsVersion="1.3" X-WAWS-Unencoded-URL="/api/zipdeploy?isAsync=true&amp;deployer=GITHUB_ZIP_DEPLOY&amp;message=%7B%22type%22%3A%22deployment%22%2C%22sha%22%3A%227127f3789c31bafc2583032d5a9a7f41a1ffa110%22%2C%22repoName%22%3A%22mxchestnut%2Fsharedthread%22%2C%22actor%22%3A%22mxchestnut%22%2C%22slotName%22%3A%22production%22%2C%22commitMessage%22%3A%22Fix%20Prisma%20schema%20and%20add%20password%20reset%20scripts%22%7D" X-Client-IP="172.184.209.184" X-Client-Port="34816" >
  <step title="Cleanup Xml Logs" date="2025-10-31T07:14:32.465" >
    <step title="Cleanup Infos" date="2025-10-31T07:14:32.482" totalFiles="370" totalCleanup="210" /><!-- duration: 6ms -->
  </step><!-- duration: 26ms -->
  <step title="ZipPushDeploy" date="2025-10-31T07:14:32.573" >
    <step title="ZipDeploy. Run from package. Ignore remote build." date="2025-10-31T07:14:32.604" /><!-- duration: 4ms -->
    <step title="None repository commit" date="2025-10-31T07:14:32.633" >
      <step title="Commit id: 6ebfea36-a8c4-4332-9c79-65320cdb2e32" date="2025-10-31T07:14:32.641" Message="N/A" AuthorName="N/A" AuthorEmail="N/A" /><!-- duration: 5ms -->
    </step><!-- duration: 16ms -->
    <step title="Starting PushDeployAsync" date="2025-10-31T07:14:32.683" /><!-- duration: 41ms -->
    <step title="WEBSITE_RUN_FROM_PACKAGE is set to 1. Writing zip to SitePackagesPath" date="2025-10-31T07:14:32.879" /><!-- duration: 48ms -->
    <step title="Copying zip to SitePackages /home/data/SitePackages/20251031071432.zip from request body" date="2025-10-31T07:14:33.005" /><!-- duration: 10ms -->
    <step title="Writing multipart request body to /home/data/SitePackages/20251031071432.zip" date="2025-10-31T07:14:33.027" /><!-- duration: 9ms -->
    <step title="Deleting outdated zip file /home/data/SitePackages/20251030230610.zip" date="2025-10-31T07:15:06.352" /><!-- duration: 9ms -->
    <step title="Start deployment in the background" date="2025-10-31T07:15:06.398" >
      <step title="Acquiring Deployment Lock" date="2025-10-31T07:15:06.505" /><!-- duration: 9ms -->
      <step title="Acquired Deployment Lock" date="2025-10-31T07:15:06.669" /><!-- duration: 9ms -->
    </step><!-- duration: 507ms -->
  </step><!-- duration: 34361ms -->
  <step title="Outgoing response" date="2025-10-31T07:15:06.970" type="response" statusCode="202" statusText="Accepted" /><!-- duration: 10ms -->
</step><!-- duration: 34523ms -->
