<step title="BackgroundTrace" date="2025-10-28T20:13:30.376" instance="53cb09" url="/api/zipdeploy" method="POST" >
  <step title="Cleanup Xml Logs" date="2025-10-28T20:13:30.386" >
    <step title="Cleanup Infos" date="2025-10-28T20:13:30.432" totalFiles="256" totalCleanup="96" /><!-- duration: 39ms -->
  </step><!-- duration: 96ms -->
  <step title="Creating temporary deployment - FetchDeploymentManager" date="2025-10-28T20:13:30.703" /><!-- duration: 9ms -->
  <step title="Creating temporary deployment" date="2025-10-28T20:13:30.796" /><!-- duration: 297ms -->
  <step title="Performing fetch based deployment" date="2025-10-28T20:13:31.226" >
    <step title="Deployment timer started" date="2025-10-28T20:13:40.801" >
      <step title="DeploymentManager.Deploy(id:24441c0f-3a6b-4462-bc19-854d028fafab)" date="2025-10-28T20:13:40.862" >
        <step title="Collecting changeset information" date="2025-10-28T20:13:40.924" /><!-- duration: 125ms -->
        <step title="Updating submodules" date="2025-10-28T20:13:41.056" /><!-- duration: 1163ms -->
        <step title="Determining deployment builder" date="2025-10-28T20:13:42.475" >
          <step title="Builder is RunFromZipSiteBuilder" date="2025-10-28T20:13:42.489" /><!-- duration: 9ms -->
        </step><!-- duration: 40ms -->
        <step title="PreDeployment: context.CleanOutputPath False" date="2025-10-28T20:13:42.604" >
          <step title="PreDeployment: context.OutputPath /home/site/wwwroot" date="2025-10-28T20:13:42.742" >
            <step title="Building" date="2025-10-28T20:13:42.912" >
              <step title="Triggering recycle (preview mode disabled)." date="2025-10-28T20:13:43.286" /><!-- duration: 6ms -->
              <step title="Modified file to trigger a restart of the app container." date="2025-10-28T20:13:43.321" /><!-- duration: 18ms -->
              <step title="Skip function trigger and logicapp sync because function is not enabled." date="2025-10-28T20:13:43.345" /><!-- duration: 31ms -->
              <step title="Purge deployment items" date="2025-10-28T20:13:46.333" >
                <step title="Remove 8cd0c8ad-, Success, received at 10/28/2025 16:21:36" date="2025-10-28T20:13:46.403" /><!-- duration: 3ms -->
              </step><!-- duration: 78ms -->
            </step><!-- duration: 3586ms -->
          </step><!-- duration: 3771ms -->
          <step title="Cleaning up temp files" date="2025-10-28T20:13:46.517" /><!-- duration: 6ms -->
          <step title="Cleaning up temp files" date="2025-10-28T20:13:46.531" /><!-- duration: 513ms -->
          <step title="Reloading status file with latest updates" date="2025-10-28T20:13:47.071" >
            <step title="WebHooksManager.PublishEventAsync: PostDeployment" date="2025-10-28T20:13:47.076" /><!-- duration: 80ms -->
          </step><!-- duration: 88ms -->
          <step title="Cleaning up temporary deployment - fetch deployment was successful" date="2025-10-28T20:13:47.166" /><!-- duration: 7ms -->
        </step><!-- duration: 4642ms -->
      </step><!-- duration: 6404ms -->
