<step title="Incoming Request" date="2025-10-28T19:06:53.445" instance="53cb09" url="/api/zipdeploy?isAsync=true&amp;deployer=GITHUB_ZIP_DEPLOY&amp;message=%7B%22type%22%3A%22deployment%22%2C%22sha%22%3A%22be3ba5e0f8c3b12dfd1299760b18e43bf3cbb4f5%22%2C%22repoName%22%3A%22mxchestnut%2Fsharedthread%22%2C%22actor%22%3A%22mxchestnut%22%2C%22slotName%22%3A%22production%22%2C%22commitMessage%22%3A%22Fix%20profile%20update%20for%20Azure%20deployment%20-%20disable%20photo%20uploads%20temporarily%22%7D" method="POST" type="request" pid="824,1,23" Host="sharedthread-ggeheafjamb9hxc2.scm.centralus-01.azurewebsites.net" User-Agent="GITHUBACTIONS_DeployWebAppToAzure_df1ac74e5fcc350eb4fc3a077fcafa660132f4b2532732a238d3f4a07c967089" Authorization="Bas..." Content-Type="application/octet-stream" Cookie="ARRAffinity=53cb09fa1df56cad4377ddb96071183a2409f29839db9f7c48309c156a15e042;Path=/;HttpOnly;Secure;Domain=sharedthread-ggeheafjamb9hxc2.scm.centralus-01.azurewebsites.net; ARRAffinitySameSite=53cb09fa1df56cad4377ddb96071183a2409f29839db9f7c48309c156a15e042;Path=/;HttpOnly;SameSite=None;Secure;Domain=sharedthread-ggeheafjamb9hxc2.scm.centralus-01.azurewebsites.net" Transfer-Encoding="chunked" X-ARR-LOG-ID="1a4f20b9-01f9-4f6c-be13-ce38590f7303" CLIENT-IP="20.161.44.178:29712" X-SITE-DEPLOYMENT-ID="sharedthread" WAS-DEFAULT-HOSTNAME="sharedthread-ggeheafjamb9hxc2.scm.centralus-01.azurewebsites.net" X-Forwarded-Proto="https" X-AppService-Proto="https" X-Forwarded-TlsVersion="1.3" X-WAWS-Unencoded-URL="/api/zipdeploy?isAsync=true&amp;deployer=GITHUB_ZIP_DEPLOY&amp;message=%7B%22type%22%3A%22deployment%22%2C%22sha%22%3A%22be3ba5e0f8c3b12dfd1299760b18e43bf3cbb4f5%22%2C%22repoName%22%3A%22mxchestnut%2Fsharedthread%22%2C%22actor%22%3A%22mxchestnut%22%2C%22slotName%22%3A%22production%22%2C%22commitMessage%22%3A%22Fix%20profile%20update%20for%20Azure%20deployment%20-%20disable%20photo%20uploads%20temporarily%22%7D" X-Client-IP="20.161.44.178" X-Client-Port="29712" >
  <step title="Cleanup Xml Logs" date="2025-10-28T19:06:53.450" >
    <step title="Cleanup Infos" date="2025-10-28T19:06:53.469" totalFiles="240" totalCleanup="80" /><!-- duration: 30ms -->
  </step><!-- duration: 56ms -->
  <step title="ZipPushDeploy" date="2025-10-28T19:06:53.552" >
    <step title="ZipDeploy. Run from package. Ignore remote build." date="2025-10-28T19:06:53.574" /><!-- duration: 4ms -->
    <step title="Starting PushDeployAsync" date="2025-10-28T19:06:53.596" /><!-- duration: 4ms -->
    <step title="WEBSITE_RUN_FROM_PACKAGE is set to 1. Writing zip to SitePackagesPath" date="2025-10-28T19:06:53.639" /><!-- duration: 4ms -->
    <step title="Copying zip to SitePackages /home/data/SitePackages/20251028190653.zip from request body" date="2025-10-28T19:06:53.669" /><!-- duration: 10ms -->
    <step title="Writing multipart request body to /home/data/SitePackages/20251028190653.zip" date="2025-10-28T19:06:53.695" /><!-- duration: 13ms -->
    <step title="Deleting outdated zip file /home/data/SitePackages/20251028185025.zip" date="2025-10-28T19:07:08.697" /><!-- duration: 106ms -->
    <step title="Start deployment in the background" date="2025-10-28T19:07:08.918" >
      <step title="Acquiring Deployment Lock" date="2025-10-28T19:07:09.169" /><!-- duration: 4ms -->
      <step title="Acquired Deployment Lock" date="2025-10-28T19:07:09.253" /><!-- duration: 5ms -->
    </step><!-- duration: 576ms -->
  </step><!-- duration: 15978ms -->
  <step title="Outgoing response" date="2025-10-28T19:07:09.541" type="response" statusCode="202" statusText="Accepted" /><!-- duration: 4ms -->
</step><!-- duration: 16103ms -->
