<step title="BackgroundTrace" date="2025-10-28T19:07:08.936" instance="53cb09" url="/api/zipdeploy" method="POST" >
  <step title="Cleanup Xml Logs" date="2025-10-28T19:07:08.960" >
    <step title="Cleanup Infos" date="2025-10-28T19:07:09.044" totalFiles="241" totalCleanup="81" /><!-- duration: 18ms -->
  </step><!-- duration: 114ms -->
  <step title="Creating temporary deployment - FetchDeploymentManager" date="2025-10-28T19:07:09.265" /><!-- duration: 17ms -->
  <step title="Creating temporary deployment" date="2025-10-28T19:07:09.310" /><!-- duration: 177ms -->
  <step title="Performing fetch based deployment" date="2025-10-28T19:07:09.568" >
    <step title="Deployment timer started" date="2025-10-28T19:07:20.786" >
      <step title="DeploymentManager.Deploy(id:a1a6212a-4af3-44dc-9222-02d94cdb4f42)" date="2025-10-28T19:07:20.833" >
        <step title="Collecting changeset information" date="2025-10-28T19:07:20.878" /><!-- duration: 341ms -->
        <step title="Updating submodules" date="2025-10-28T19:07:21.246" /><!-- duration: 1305ms -->
        <step title="Determining deployment builder" date="2025-10-28T19:07:23.078" >
          <step title="Builder is RunFromZipSiteBuilder" date="2025-10-28T19:07:23.158" /><!-- duration: 39ms -->
        </step><!-- duration: 138ms -->
        <step title="PreDeployment: context.CleanOutputPath False" date="2025-10-28T19:07:23.376" >
          <step title="PreDeployment: context.OutputPath /home/site/wwwroot" date="2025-10-28T19:07:23.747" >
            <step title="Building" date="2025-10-28T19:07:24.081" >
              <step title="Triggering recycle (preview mode disabled)." date="2025-10-28T19:07:26.707" /><!-- duration: 47ms -->
              <step title="Modified file to trigger a restart of the app container." date="2025-10-28T19:07:26.876" /><!-- duration: 37ms -->
              <step title="Skip function trigger and logicapp sync because function is not enabled." date="2025-10-28T19:07:26.961" /><!-- duration: 58ms -->
              <step title="Purge deployment items" date="2025-10-28T19:07:31.062" >
                <step title="Remove bc16891e-, Success, received at 10/28/2025 14:18:22" date="2025-10-28T19:07:31.281" /><!-- duration: 38ms -->
              </step><!-- duration: 431ms -->
            </step><!-- duration: 7722ms -->
          </step><!-- duration: 8207ms -->
          <step title="Cleaning up temp files" date="2025-10-28T19:07:31.982" /><!-- duration: 67ms -->
          <step title="Cleaning up temp files" date="2025-10-28T19:07:32.079" /><!-- duration: 776ms -->
          <step title="Reloading status file with latest updates" date="2025-10-28T19:07:33.200" >
            <step title="WebHooksManager.PublishEventAsync: PostDeployment" date="2025-10-28T19:07:33.218" /><!-- duration: 243ms -->
          </step><!-- duration: 302ms -->
          <step title="Cleaning up temporary deployment - fetch deployment was successful" date="2025-10-28T19:07:33.599" /><!-- duration: 5ms -->
        </step><!-- duration: 10620ms -->
      </step><!-- duration: 13206ms -->
