<step title="Incoming Request" date="2025-10-28T09:58:10.801" instance="53cb09" url="/api/zipdeploy?isAsync=true&amp;deployer=GITHUB_ZIP_DEPLOY&amp;message=%7B%22type%22%3A%22deployment%22%2C%22sha%22%3A%22abc5fee120e04f5311ee8265ba78a5947905fd75%22%2C%22repoName%22%3A%22mxchestnut%2Fsharedthread%22%2C%22actor%22%3A%22mxchestnut%22%2C%22slotName%22%3A%22production%22%2C%22commitMessage%22%3A%22Fix%20Library%20navigation%20and%20create%20missing%20pages%5Cn%5Cn%E2%9C%85%20Library%20page%3A%20Convert%20tab%20buttons%20to%20proper%20navigation%20links%5Cn%E2%9C%85%20Create%20%2Flibrary%2Fbeta%20page%20with%20beta%20works%20content%5Cn%E2%9C%85%20Create%20%2Flibrary%2Fdiscourse%20page%20with%20discussion%20categories%5Cn%E2%9C%85%20Create%20%2Fatelier%20page%20with%20creative%20workspace%20interface%5Cn%E2%9C%85%20Add%20proper%20hover%20states%20and%20transitions%5Cn%E2%9C%85%20Link%20beta%20button%20to%20actual%20beta%20page%5Cn%5CnFixes%20navigation%20issues%20where%20tabs%20and%20buttons%20weren%27t%20functional%20links.%22%7D" method="POST" type="request" pid="823,1,17" Host="sharedthread-ggeheafjamb9hxc2.scm.centralus-01.azurewebsites.net" User-Agent="GITHUBACTIONS_DeployWebAppToAzure_df1ac74e5fcc350eb4fc3a077fcafa660132f4b2532732a238d3f4a07c967089" Authorization="Bas..." Content-Type="application/octet-stream" Cookie="ARRAffinity=53cb09fa1df56cad4377ddb96071183a2409f29839db9f7c48309c156a15e042;Path=/;HttpOnly;Secure;Domain=sharedthread-ggeheafjamb9hxc2.scm.centralus-01.azurewebsites.net; ARRAffinitySameSite=53cb09fa1df56cad4377ddb96071183a2409f29839db9f7c48309c156a15e042;Path=/;HttpOnly;SameSite=None;Secure;Domain=sharedthread-ggeheafjamb9hxc2.scm.centralus-01.azurewebsites.net" Transfer-Encoding="chunked" X-ARR-LOG-ID="3563b4eb-aaf4-4dcf-aa61-40b3e6c47fbd" CLIENT-IP="135.232.224.117:36888" X-SITE-DEPLOYMENT-ID="sharedthread" WAS-DEFAULT-HOSTNAME="sharedthread-ggeheafjamb9hxc2.scm.centralus-01.azurewebsites.net" X-Forwarded-Proto="https" X-AppService-Proto="https" X-Forwarded-TlsVersion="1.3" X-WAWS-Unencoded-URL="/api/zipdeploy?isAsync=true&amp;deployer=GITHUB_ZIP_DEPLOY&amp;message=%7B%22type%22%3A%22deployment%22%2C%22sha%22%3A%22abc5fee120e04f5311ee8265ba78a5947905fd75%22%2C%22repoName%22%3A%22mxchestnut%2Fsharedthread%22%2C%22actor%22%3A%22mxchestnut%22%2C%22slotName%22%3A%22production%22%2C%22commitMessage%22%3A%22Fix%20Library%20navigation%20and%20create%20missing%20pages%5Cn%5Cn%E2%9C%85%20Library%20page%3A%20Convert%20tab%20buttons%20to%20proper%20navigation%20links%5Cn%E2%9C%85%20Create%20%2Flibrary%2Fbeta%20page%20with%20beta%20works%20content%5Cn%E2%9C%85%20Create%20%2Flibrary%2Fdiscourse%20page%20with%20discussion%20categories%5Cn%E2%9C%85%20Create%20%2Fatelier%20page%20with%20creative%20workspace%20interface%5Cn%E2%9C%85%20Add%20proper%20hover%20states%20and%20transitions%5Cn%E2%9C%85%20Link%20beta%20button%20to%20actual%20beta%20page%5Cn%5CnFixes%20navigation%20issues%20where%20tabs%20and%20buttons%20weren%27t%20functional%20links.%22%7D" X-Client-IP="135.232.224.117" X-Client-Port="36888" >
  <step title="Cleanup Xml Logs" date="2025-10-28T09:58:10.819" /><!-- duration: 23ms -->
  <step title="ZipPushDeploy" date="2025-10-28T09:58:10.886" >
    <step title="ZipDeploy. Run from package. Ignore remote build." date="2025-10-28T09:58:10.897" /><!-- duration: 3ms -->
    <step title="Starting PushDeployAsync" date="2025-10-28T09:58:10.910" /><!-- duration: 4ms -->
    <step title="WEBSITE_RUN_FROM_PACKAGE is set to 1. Writing zip to SitePackagesPath" date="2025-10-28T09:58:10.921" /><!-- duration: 12ms -->
    <step title="Copying zip to SitePackages /home/data/SitePackages/20251028095810.zip from request body" date="2025-10-28T09:58:10.944" /><!-- duration: 10ms -->
    <step title="Writing multipart request body to /home/data/SitePackages/20251028095810.zip" date="2025-10-28T09:58:10.982" /><!-- duration: 20ms -->
    <step title="Deleting outdated zip file /home/data/SitePackages/20251028082753.zip" date="2025-10-28T09:58:21.512" /><!-- duration: 37ms -->
    <step title="Start deployment in the background" date="2025-10-28T09:58:21.589" >
      <step title="Acquiring Deployment Lock" date="2025-10-28T09:58:21.646" /><!-- duration: 3ms -->
      <step title="Acquired Deployment Lock" date="2025-10-28T09:58:21.701" /><!-- duration: 11ms -->
    </step><!-- duration: 250ms -->
  </step><!-- duration: 10970ms -->
  <step title="Outgoing response" date="2025-10-28T09:58:21.861" type="response" statusCode="202" statusText="Accepted" /><!-- duration: 4ms -->
</step><!-- duration: 11067ms -->
