﻿<?xml version="1.0" encoding="utf-8"?>
<deployment>
  <id>f4252172-96e4-4fbe-ae1a-7b5e98525f5d</id>
  <author>N/A</author>
  <deployer>GITHUB_ZIP_DEPLOY</deployer>
  <authorEmail>N/A</authorEmail>
  <message>{"type":"deployment","sha":"cad64969e718cc38391d785951e1a3cef44c0b7d","repoName":"mxchestnut/sharedthread","actor":"mxchestnut","slotName":"production","commitMessage":"trigger: redeploy with updated Azure publish profile\n\n- Updated AZURE_WEBAPP_PUBLISH_PROFILE secret in GitHub\n- Should resolve 404 deployment slot errors\n- Expecting successful deployment to production slot"}</message>
  <progress></progress>
  <status>Success</status>
  <statusText></statusText>
  <lastSuccessEndTime>2025-10-29T15:36:42.6298641Z</lastSuccessEndTime>
  <receivedTime>2025-10-29T15:36:38.2876302Z</receivedTime>
  <startTime>2025-10-29T15:36:39.7117131Z</startTime>
  <endTime>2025-10-29T15:36:42.6298641Z</endTime>
  <complete>True</complete>
  <is_temp>False</is_temp>
  <is_readonly>True</is_readonly>
  <buildSummary />
</deployment>