﻿<?xml version="1.0" encoding="utf-8"?>
<deployment>
  <id>5e76377b-d5bf-4959-9901-8d8ec5e2ab96</id>
  <author>N/A</author>
  <deployer>GITHUB_ZIP_DEPLOY</deployer>
  <authorEmail>N/A</authorEmail>
  <message>{"type":"deployment","sha":"7d5f334f449dd1bfcff44b075ea913a9b49ee96f","repoName":"mxchestnut/sharedthread","actor":"mxchestnut","slotName":"production","commitMessage":"Fix Prisma model name mismatch: user → users\n\nCritical fix for login failure in production:\n- Changed all instances of prisma.user to prisma.users throughout codebase\n- Schema defines 'users' model but code was using 'user'\n- This was causing 'Cannot read properties of undefined (reading 'findUnique')' error\n- Used global find/replace to update all 50+ affected files\n\nFixes Sentry error SHAREDTHREAD-2: TypeError in login authentication"}</message>
  <progress></progress>
  <status>Success</status>
  <statusText></statusText>
  <lastSuccessEndTime>2025-10-31T15:35:05.7195163Z</lastSuccessEndTime>
  <receivedTime>2025-10-31T15:35:00.0264801Z</receivedTime>
  <startTime>2025-10-31T15:35:01.8194848Z</startTime>
  <endTime>2025-10-31T15:35:05.7195163Z</endTime>
  <complete>True</complete>
  <is_temp>False</is_temp>
  <is_readonly>True</is_readonly>
  <buildSummary />
</deployment>