<step title="Incoming Request" date="2025-10-28T15:45:23.806" instance="53cb09" url="/api/zipdeploy?isAsync=true&amp;deployer=GITHUB_ZIP_DEPLOY&amp;message=%7B%22type%22%3A%22deployment%22%2C%22sha%22%3A%224b7a6be2f72c6600b3e4c7d6b007ef53a297c6e7%22%2C%22repoName%22%3A%22mxchestnut%2Fsharedthread%22%2C%22actor%22%3A%22mxchestnut%22%2C%22slotName%22%3A%22production%22%2C%22commitMessage%22%3A%22Replace%20emojis%20with%20lucide-react%20icons%20on%20homepage%22%7D" method="POST" type="request" pid="824,1,40" Host="sharedthread-ggeheafjamb9hxc2.scm.centralus-01.azurewebsites.net" User-Agent="GITHUBACTIONS_DeployWebAppToAzure_df1ac74e5fcc350eb4fc3a077fcafa660132f4b2532732a238d3f4a07c967089" Authorization="Bas..." Content-Type="application/octet-stream" Cookie="ARRAffinity=53cb09fa1df56cad4377ddb96071183a2409f29839db9f7c48309c156a15e042;Path=/;HttpOnly;Secure;Domain=sharedthread-ggeheafjamb9hxc2.scm.centralus-01.azurewebsites.net; ARRAffinitySameSite=53cb09fa1df56cad4377ddb96071183a2409f29839db9f7c48309c156a15e042;Path=/;HttpOnly;SameSite=None;Secure;Domain=sharedthread-ggeheafjamb9hxc2.scm.centralus-01.azurewebsites.net" Transfer-Encoding="chunked" X-ARR-LOG-ID="44f9dc2f-23f0-4b74-971e-b72a1b2b5b1c" CLIENT-IP="20.161.71.57:23584" X-SITE-DEPLOYMENT-ID="sharedthread" WAS-DEFAULT-HOSTNAME="sharedthread-ggeheafjamb9hxc2.scm.centralus-01.azurewebsites.net" X-Forwarded-Proto="https" X-AppService-Proto="https" X-Forwarded-TlsVersion="1.3" X-WAWS-Unencoded-URL="/api/zipdeploy?isAsync=true&amp;deployer=GITHUB_ZIP_DEPLOY&amp;message=%7B%22type%22%3A%22deployment%22%2C%22sha%22%3A%224b7a6be2f72c6600b3e4c7d6b007ef53a297c6e7%22%2C%22repoName%22%3A%22mxchestnut%2Fsharedthread%22%2C%22actor%22%3A%22mxchestnut%22%2C%22slotName%22%3A%22production%22%2C%22commitMessage%22%3A%22Replace%20emojis%20with%20lucide-react%20icons%20on%20homepage%22%7D" X-Client-IP="20.161.71.57" X-Client-Port="23584" >
  <step title="Cleanup Xml Logs" date="2025-10-28T15:45:23.815" /><!-- duration: 22ms -->
  <step title="ZipPushDeploy" date="2025-10-28T15:45:23.978" >
    <step title="ZipDeploy. Run from package. Ignore remote build." date="2025-10-28T15:45:24.080" /><!-- duration: 19ms -->
    <step title="Starting PushDeployAsync" date="2025-10-28T15:45:24.164" /><!-- duration: 8ms -->
    <step title="WEBSITE_RUN_FROM_PACKAGE is set to 1. Writing zip to SitePackagesPath" date="2025-10-28T15:45:24.238" /><!-- duration: 9ms -->
    <step title="Copying zip to SitePackages /home/data/SitePackages/20251028154524.zip from request body" date="2025-10-28T15:45:24.346" /><!-- duration: 42ms -->
    <step title="Writing multipart request body to /home/data/SitePackages/20251028154524.zip" date="2025-10-28T15:45:24.415" /><!-- duration: 19ms -->
    <step title="Deleting outdated zip file /home/data/SitePackages/20251028131733.zip" date="2025-10-28T15:45:37.900" /><!-- duration: 18ms -->
    <step title="Start deployment in the background" date="2025-10-28T15:45:37.960" >
      <step title="Acquiring Deployment Lock" date="2025-10-28T15:45:38.036" /><!-- duration: 3ms -->
      <step title="Acquired Deployment Lock" date="2025-10-28T15:45:38.076" /><!-- duration: 4ms -->
    </step><!-- duration: 360ms -->
  </step><!-- duration: 14429ms -->
  <step title="Outgoing response" date="2025-10-28T15:45:38.418" type="response" statusCode="202" statusText="Accepted" /><!-- duration: 4ms -->
</step><!-- duration: 14618ms -->
