<step title="Incoming Request" date="2025-10-31T12:56:10.344" instance="53cb09" url="/api/deployments/latest?deployer=GITHUB_ZIP_DEPLOY&amp;time=2025-10-31_12-56-00Z" method="GET" type="request" pid="835,1,15" Host="sharedthread-ggeheafjamb9hxc2.scm.centralus-01.azurewebsites.net" User-Agent="GITHUBACTIONS_DeployWebAppToAzure_df1ac74e5fcc350eb4fc3a077fcafa660132f4b2532732a238d3f4a07c967089" Authorization="Bas..." Content-Type="application/json; charset=utf-8" Cookie="ARRAffinity=53cb09fa1df56cad4377ddb96071183a2409f29839db9f7c48309c156a15e042;Path=/;HttpOnly;Secure;Domain=sharedthread-ggeheafjamb9hxc2.scm.centralus-01.azurewebsites.net; ARRAffinitySameSite=53cb09fa1df56cad4377ddb96071183a2409f29839db9f7c48309c156a15e042;Path=/;HttpOnly;SameSite=None;Secure;Domain=sharedthread-ggeheafjamb9hxc2.scm.centralus-01.azurewebsites.net" Content-Length="0" X-ARR-LOG-ID="23f0b516-a8d7-4846-8997-1a2aa34b10c2" CLIENT-IP="135.237.130.183:23585" X-SITE-DEPLOYMENT-ID="sharedthread" WAS-DEFAULT-HOSTNAME="sharedthread-ggeheafjamb9hxc2.scm.centralus-01.azurewebsites.net" X-Forwarded-Proto="https" X-AppService-Proto="https" X-Forwarded-TlsVersion="1.3" X-WAWS-Unencoded-URL="/api/deployments/latest?deployer=GITHUB_ZIP_DEPLOY&amp;time=2025-10-31_12-56-00Z" X-Client-IP="135.237.130.183" X-Client-Port="23585" >
  <step title="Cleanup Xml Logs" date="2025-10-31T12:56:10.346" >
    <step title="Cleanup Infos" date="2025-10-31T12:56:10.359" totalFiles="406" totalCleanup="246" /><!-- duration: 7ms -->
  </step><!-- duration: 24ms -->
  <step title="DeploymentService.GetResult" date="2025-10-31T12:56:10.381" >
    <step title="DeploymentService.GetLatestDeployment" date="2025-10-31T12:56:10.388" >
      <step title="DeploymentManager.GetResults" date="2025-10-31T12:56:10.393" /><!-- duration: 1154ms -->
    </step><!-- duration: 1163ms -->
  </step><!-- duration: 1174ms -->
  <step title="Outgoing response" date="2025-10-31T12:56:11.561" type="response" statusCode="202" statusText="Accepted" /><!-- duration: 4ms -->
</step><!-- duration: 1224ms -->
