<step title="Incoming Request" date="2025-10-28T16:21:13.187" instance="53cb09" url="/api/zipdeploy?isAsync=true&amp;deployer=GITHUB_ZIP_DEPLOY&amp;message=%7B%22type%22%3A%22deployment%22%2C%22sha%22%3A%220aa3e708cd383946beb0e2ba0a400d7add850056%22%2C%22repoName%22%3A%22mxchestnut%2Fsharedthread%22%2C%22actor%22%3A%22mxchestnut%22%2C%22slotName%22%3A%22production%22%2C%22commitMessage%22%3A%22Add%20comprehensive%20development%20checklist%20and%20roadmap%22%7D" method="POST" type="request" pid="824,1,40" Host="sharedthread-ggeheafjamb9hxc2.scm.centralus-01.azurewebsites.net" User-Agent="GITHUBACTIONS_DeployWebAppToAzure_df1ac74e5fcc350eb4fc3a077fcafa660132f4b2532732a238d3f4a07c967089" Authorization="Bas..." Content-Type="application/octet-stream" Cookie="ARRAffinity=53cb09fa1df56cad4377ddb96071183a2409f29839db9f7c48309c156a15e042;Path=/;HttpOnly;Secure;Domain=sharedthread-ggeheafjamb9hxc2.scm.centralus-01.azurewebsites.net; ARRAffinitySameSite=53cb09fa1df56cad4377ddb96071183a2409f29839db9f7c48309c156a15e042;Path=/;HttpOnly;SameSite=None;Secure;Domain=sharedthread-ggeheafjamb9hxc2.scm.centralus-01.azurewebsites.net" Transfer-Encoding="chunked" X-ARR-LOG-ID="713ef1c9-bda0-4d59-9e63-af4d162f6061" CLIENT-IP="20.109.95.168:37952" X-SITE-DEPLOYMENT-ID="sharedthread" WAS-DEFAULT-HOSTNAME="sharedthread-ggeheafjamb9hxc2.scm.centralus-01.azurewebsites.net" X-Forwarded-Proto="https" X-AppService-Proto="https" X-Forwarded-TlsVersion="1.3" X-WAWS-Unencoded-URL="/api/zipdeploy?isAsync=true&amp;deployer=GITHUB_ZIP_DEPLOY&amp;message=%7B%22type%22%3A%22deployment%22%2C%22sha%22%3A%220aa3e708cd383946beb0e2ba0a400d7add850056%22%2C%22repoName%22%3A%22mxchestnut%2Fsharedthread%22%2C%22actor%22%3A%22mxchestnut%22%2C%22slotName%22%3A%22production%22%2C%22commitMessage%22%3A%22Add%20comprehensive%20development%20checklist%20and%20roadmap%22%7D" X-Client-IP="20.109.95.168" X-Client-Port="37952" >
  <step title="Cleanup Xml Logs" date="2025-10-28T16:21:13.209" /><!-- duration: 25ms -->
  <step title="ZipPushDeploy" date="2025-10-28T16:21:13.335" >
    <step title="ZipDeploy. Run from package. Ignore remote build." date="2025-10-28T16:21:13.365" /><!-- duration: 3ms -->
    <step title="Starting PushDeployAsync" date="2025-10-28T16:21:13.378" /><!-- duration: 6ms -->
    <step title="WEBSITE_RUN_FROM_PACKAGE is set to 1. Writing zip to SitePackagesPath" date="2025-10-28T16:21:13.410" /><!-- duration: 3ms -->
    <step title="Copying zip to SitePackages /home/data/SitePackages/20251028162113.zip from request body" date="2025-10-28T16:21:13.420" /><!-- duration: 3ms -->
    <step title="Writing multipart request body to /home/data/SitePackages/20251028162113.zip" date="2025-10-28T16:21:13.428" /><!-- duration: 10ms -->
    <step title="Deleting outdated zip file /home/data/SitePackages/20251028134916.zip" date="2025-10-28T16:21:25.639" /><!-- duration: 8ms -->
    <step title="Start deployment in the background" date="2025-10-28T16:21:25.671" >
      <step title="Acquiring Deployment Lock" date="2025-10-28T16:21:25.776" /><!-- duration: 7ms -->
      <step title="Acquired Deployment Lock" date="2025-10-28T16:21:25.821" /><!-- duration: 10ms -->
    </step><!-- duration: 310ms -->
  </step><!-- duration: 12673ms -->
  <step title="Outgoing response" date="2025-10-28T16:21:26.017" type="response" statusCode="202" statusText="Accepted" /><!-- duration: 4ms -->
</step><!-- duration: 12837ms -->
