<step title="Incoming Request" date="2025-10-31T13:23:50.925" instance="53cb09" url="/api/deployments/latest?deployer=GITHUB_ZIP_DEPLOY&amp;time=2025-10-31_13-23-44Z" method="GET" type="request" pid="823,1,20" Host="sharedthread-ggeheafjamb9hxc2.scm.centralus-01.azurewebsites.net" User-Agent="GITHUBACTIONS_DeployWebAppToAzure_df1ac74e5fcc350eb4fc3a077fcafa660132f4b2532732a238d3f4a07c967089" Authorization="Bas..." Content-Type="application/json; charset=utf-8" Cookie="ARRAffinity=53cb09fa1df56cad4377ddb96071183a2409f29839db9f7c48309c156a15e042;Path=/;HttpOnly;Secure;Domain=sharedthread-ggeheafjamb9hxc2.scm.centralus-01.azurewebsites.net; ARRAffinitySameSite=53cb09fa1df56cad4377ddb96071183a2409f29839db9f7c48309c156a15e042;Path=/;HttpOnly;SameSite=None;Secure;Domain=sharedthread-ggeheafjamb9hxc2.scm.centralus-01.azurewebsites.net" Content-Length="0" X-ARR-LOG-ID="7da641ba-97fc-4402-aaed-6319259f5ae8" CLIENT-IP="52.165.251.242:62466" X-SITE-DEPLOYMENT-ID="sharedthread" WAS-DEFAULT-HOSTNAME="sharedthread-ggeheafjamb9hxc2.scm.centralus-01.azurewebsites.net" X-Forwarded-Proto="https" X-AppService-Proto="https" X-Forwarded-TlsVersion="1.3" X-WAWS-Unencoded-URL="/api/deployments/latest?deployer=GITHUB_ZIP_DEPLOY&amp;time=2025-10-31_13-23-44Z" X-Client-IP="52.165.251.242" X-Client-Port="62466" >
  <step title="Cleanup Xml Logs" date="2025-10-31T13:23:50.929" >
    <step title="Cleanup Infos" date="2025-10-31T13:23:50.991" totalFiles="435" totalCleanup="275" /><!-- duration: 6ms -->
  </step><!-- duration: 71ms -->
  <step title="DeploymentService.GetResult" date="2025-10-31T13:23:51.010" >
    <step title="DeploymentService.GetLatestDeployment" date="2025-10-31T13:23:51.017" >
      <step title="DeploymentManager.GetResults" date="2025-10-31T13:23:51.024" /><!-- duration: 1000ms -->
    </step><!-- duration: 1028ms -->
  </step><!-- duration: 1039ms -->
  <step title="Outgoing response" date="2025-10-31T13:23:52.066" type="response" statusCode="202" statusText="Accepted" /><!-- duration: 10ms -->
</step><!-- duration: 1155ms -->
