<step title="Incoming Request" date="2025-10-28T08:00:08.389" instance="53cb09" url="/api/zipdeploy?isAsync=true&amp;deployer=GITHUB_ZIP_DEPLOY&amp;message=%7B%22type%22%3A%22deployment%22%2C%22sha%22%3A%229724e2a4e691af091d2d3889903c14dc96a58bef%22%2C%22repoName%22%3A%22mxchestnut%2Fsharedthread%22%2C%22actor%22%3A%22mxchestnut%22%2C%22slotName%22%3A%22production%22%2C%22commitMessage%22%3A%22%F0%9F%94%A7%20Configure%20for%20Azure%20App%20Service%20deployment%20with%20correct%20secrets%22%7D" method="POST" type="request" pid="825,1,74" Host="sharedthread-ggeheafjamb9hxc2.scm.centralus-01.azurewebsites.net" User-Agent="GITHUBACTIONS_DeployWebAppToAzure_df1ac74e5fcc350eb4fc3a077fcafa660132f4b2532732a238d3f4a07c967089" Authorization="Bas..." Content-Type="application/octet-stream" Cookie="ARRAffinity=53cb09fa1df56cad4377ddb96071183a2409f29839db9f7c48309c156a15e042;Path=/;HttpOnly;Secure;Domain=sharedthread-ggeheafjamb9hxc2.scm.centralus-01.azurewebsites.net; ARRAffinitySameSite=53cb09fa1df56cad4377ddb96071183a2409f29839db9f7c48309c156a15e042;Path=/;HttpOnly;SameSite=None;Secure;Domain=sharedthread-ggeheafjamb9hxc2.scm.centralus-01.azurewebsites.net" Transfer-Encoding="chunked" X-ARR-LOG-ID="772e45a4-35f6-4dc6-a195-2e9353a9f868" CLIENT-IP="64.236.142.137:36936" X-SITE-DEPLOYMENT-ID="sharedthread" WAS-DEFAULT-HOSTNAME="sharedthread-ggeheafjamb9hxc2.scm.centralus-01.azurewebsites.net" X-Forwarded-Proto="https" X-AppService-Proto="https" X-Forwarded-TlsVersion="1.3" X-WAWS-Unencoded-URL="/api/zipdeploy?isAsync=true&amp;deployer=GITHUB_ZIP_DEPLOY&amp;message=%7B%22type%22%3A%22deployment%22%2C%22sha%22%3A%229724e2a4e691af091d2d3889903c14dc96a58bef%22%2C%22repoName%22%3A%22mxchestnut%2Fsharedthread%22%2C%22actor%22%3A%22mxchestnut%22%2C%22slotName%22%3A%22production%22%2C%22commitMessage%22%3A%22%F0%9F%94%A7%20Configure%20for%20Azure%20App%20Service%20deployment%20with%20correct%20secrets%22%7D" X-Client-IP="64.236.142.137" X-Client-Port="36936" >
  <step title="Cleanup Xml Logs" date="2025-10-28T08:00:08.392" /><!-- duration: 35ms -->
  <step title="ZipPushDeploy" date="2025-10-28T08:00:09.210" >
    <step title="ZipDeploy. Run from package. Ignore remote build." date="2025-10-28T08:00:09.391" /><!-- duration: 102ms -->
    <step title="Starting PushDeployAsync" date="2025-10-28T08:00:09.558" /><!-- duration: 19ms -->
    <step title="WEBSITE_RUN_FROM_PACKAGE is set to 1. Writing zip to SitePackagesPath" date="2025-10-28T08:00:09.604" /><!-- duration: 28ms -->
    <step title="Copying zip to SitePackages /home/data/SitePackages/20251028080009.zip from request body" date="2025-10-28T08:00:09.653" /><!-- duration: 19ms -->
    <step title="Writing multipart request body to /home/data/SitePackages/20251028080009.zip" date="2025-10-28T08:00:09.681" /><!-- duration: 26ms -->
    <step title="Start deployment in the background" date="2025-10-28T08:00:23.194" >
      <step title="Acquiring Deployment Lock" date="2025-10-28T08:00:23.286" /><!-- duration: 9ms -->
      <step title="Acquired Deployment Lock" date="2025-10-28T08:00:23.371" /><!-- duration: 4ms -->
    </step><!-- duration: 460ms -->
  </step><!-- duration: 14461ms -->
  <step title="Outgoing response" date="2025-10-28T08:00:23.677" type="response" statusCode="202" statusText="Accepted" /><!-- duration: 23ms -->
</step><!-- duration: 15335ms -->
