<step title="Incoming Request" date="2025-10-31T12:55:35.384" instance="53cb09" url="/api/zipdeploy?isAsync=true&amp;deployer=GITHUB_ZIP_DEPLOY&amp;message=%7B%22type%22%3A%22deployment%22%2C%22sha%22%3A%22b4adbfa423529416db49a44a741d58148aa2f432%22%2C%22repoName%22%3A%22mxchestnut%2Fsharedthread%22%2C%22actor%22%3A%22mxchestnut%22%2C%22slotName%22%3A%22production%22%2C%22commitMessage%22%3A%22Enable%20Sentry%20instrumentation%20and%20add%20debug%20endpoint%20for%20Prisma%22%7D" method="POST" type="request" pid="835,1,7" Host="sharedthread-ggeheafjamb9hxc2.scm.centralus-01.azurewebsites.net" User-Agent="GITHUBACTIONS_DeployWebAppToAzure_df1ac74e5fcc350eb4fc3a077fcafa660132f4b2532732a238d3f4a07c967089" Authorization="Bas..." Content-Type="application/octet-stream" Cookie="ARRAffinity=53cb09fa1df56cad4377ddb96071183a2409f29839db9f7c48309c156a15e042;Path=/;HttpOnly;Secure;Domain=sharedthread-ggeheafjamb9hxc2.scm.centralus-01.azurewebsites.net; ARRAffinitySameSite=53cb09fa1df56cad4377ddb96071183a2409f29839db9f7c48309c156a15e042;Path=/;HttpOnly;SameSite=None;Secure;Domain=sharedthread-ggeheafjamb9hxc2.scm.centralus-01.azurewebsites.net" Transfer-Encoding="chunked" X-ARR-LOG-ID="79fa7b9a-15af-44c3-9f84-2bff46d268b8" CLIENT-IP="135.237.130.183:23584" X-SITE-DEPLOYMENT-ID="sharedthread" WAS-DEFAULT-HOSTNAME="sharedthread-ggeheafjamb9hxc2.scm.centralus-01.azurewebsites.net" X-Forwarded-Proto="https" X-AppService-Proto="https" X-Forwarded-TlsVersion="1.3" X-WAWS-Unencoded-URL="/api/zipdeploy?isAsync=true&amp;deployer=GITHUB_ZIP_DEPLOY&amp;message=%7B%22type%22%3A%22deployment%22%2C%22sha%22%3A%22b4adbfa423529416db49a44a741d58148aa2f432%22%2C%22repoName%22%3A%22mxchestnut%2Fsharedthread%22%2C%22actor%22%3A%22mxchestnut%22%2C%22slotName%22%3A%22production%22%2C%22commitMessage%22%3A%22Enable%20Sentry%20instrumentation%20and%20add%20debug%20endpoint%20for%20Prisma%22%7D" X-Client-IP="135.237.130.183" X-Client-Port="23584" >
  <step title="Cleanup Xml Logs" date="2025-10-31T12:55:35.389" >
    <step title="Cleanup Infos" date="2025-10-31T12:55:35.412" totalFiles="402" totalCleanup="242" /><!-- duration: 5ms -->
  </step><!-- duration: 32ms -->
  <step title="ZipPushDeploy" date="2025-10-31T12:55:35.556" >
    <step title="ZipDeploy. Run from package. Ignore remote build." date="2025-10-31T12:55:35.571" /><!-- duration: 4ms -->
    <step title="None repository commit" date="2025-10-31T12:55:35.598" >
      <step title="Commit id: c02cbefd-d293-4132-b105-7b972ad039e9" date="2025-10-31T12:55:35.602" Message="N/A" AuthorName="N/A" AuthorEmail="N/A" /><!-- duration: 4ms -->
    </step><!-- duration: 13ms -->
    <step title="Starting PushDeployAsync" date="2025-10-31T12:55:35.620" /><!-- duration: 10ms -->
    <step title="WEBSITE_RUN_FROM_PACKAGE is set to 1. Writing zip to SitePackagesPath" date="2025-10-31T12:55:35.739" /><!-- duration: 4ms -->
    <step title="Copying zip to SitePackages /home/data/SitePackages/20251031125535.zip from request body" date="2025-10-31T12:55:35.751" /><!-- duration: 4ms -->
    <step title="Writing multipart request body to /home/data/SitePackages/20251031125535.zip" date="2025-10-31T12:55:35.759" /><!-- duration: 3ms -->
    <step title="Deleting outdated zip file /home/data/SitePackages/20251031053027.zip" date="2025-10-31T12:55:59.929" /><!-- duration: 15ms -->
    <step title="Start deployment in the background" date="2025-10-31T12:55:59.973" >
      <step title="Acquiring Deployment Lock" date="2025-10-31T12:56:00.121" /><!-- duration: 3ms -->
      <step title="Acquired Deployment Lock" date="2025-10-31T12:56:00.221" /><!-- duration: 3ms -->
    </step><!-- duration: 437ms -->
  </step><!-- duration: 24886ms -->
  <step title="Outgoing response" date="2025-10-31T12:56:00.498" type="response" statusCode="202" statusText="Accepted" /><!-- duration: 25ms -->
</step><!-- duration: 25142ms -->
