<step title="Incoming Request" date="2025-10-31T13:11:20.479" instance="53cb09" url="/api/zipdeploy?isAsync=true&amp;deployer=GITHUB_ZIP_DEPLOY&amp;message=%7B%22type%22%3A%22deployment%22%2C%22sha%22%3A%22a73a7db4bfa1317ace95530dd7c4cead28cca4b4%22%2C%22repoName%22%3A%22mxchestnut%2Fsharedthread%22%2C%22actor%22%3A%22mxchestnut%22%2C%22slotName%22%3A%22production%22%2C%22commitMessage%22%3A%22Add%20simple%20health%20check%20endpoint%20without%20Prisma%20dependencies%22%7D" method="POST" type="request" pid="823,1,15" Host="sharedthread-ggeheafjamb9hxc2.scm.centralus-01.azurewebsites.net" User-Agent="GITHUBACTIONS_DeployWebAppToAzure_df1ac74e5fcc350eb4fc3a077fcafa660132f4b2532732a238d3f4a07c967089" Authorization="Bas..." Content-Type="application/octet-stream" Cookie="ARRAffinity=53cb09fa1df56cad4377ddb96071183a2409f29839db9f7c48309c156a15e042;Path=/;HttpOnly;Secure;Domain=sharedthread-ggeheafjamb9hxc2.scm.centralus-01.azurewebsites.net; ARRAffinitySameSite=53cb09fa1df56cad4377ddb96071183a2409f29839db9f7c48309c156a15e042;Path=/;HttpOnly;SameSite=None;Secure;Domain=sharedthread-ggeheafjamb9hxc2.scm.centralus-01.azurewebsites.net" Transfer-Encoding="chunked" X-ARR-LOG-ID="9050610e-167a-4b23-88b4-29f5e7f26c3a" CLIENT-IP="172.184.213.225:28608" X-SITE-DEPLOYMENT-ID="sharedthread" WAS-DEFAULT-HOSTNAME="sharedthread-ggeheafjamb9hxc2.scm.centralus-01.azurewebsites.net" X-Forwarded-Proto="https" X-AppService-Proto="https" X-Forwarded-TlsVersion="1.3" X-WAWS-Unencoded-URL="/api/zipdeploy?isAsync=true&amp;deployer=GITHUB_ZIP_DEPLOY&amp;message=%7B%22type%22%3A%22deployment%22%2C%22sha%22%3A%22a73a7db4bfa1317ace95530dd7c4cead28cca4b4%22%2C%22repoName%22%3A%22mxchestnut%2Fsharedthread%22%2C%22actor%22%3A%22mxchestnut%22%2C%22slotName%22%3A%22production%22%2C%22commitMessage%22%3A%22Add%20simple%20health%20check%20endpoint%20without%20Prisma%20dependencies%22%7D" X-Client-IP="172.184.213.225" X-Client-Port="28608" >
  <step title="Cleanup Xml Logs" date="2025-10-31T13:11:20.482" >
    <step title="Cleanup Infos" date="2025-10-31T13:11:20.497" totalFiles="418" totalCleanup="258" /><!-- duration: 5ms -->
  </step><!-- duration: 26ms -->
  <step title="ZipPushDeploy" date="2025-10-31T13:11:20.626" >
    <step title="ZipDeploy. Run from package. Ignore remote build." date="2025-10-31T13:11:20.641" /><!-- duration: 20ms -->
    <step title="Starting PushDeployAsync" date="2025-10-31T13:11:20.683" /><!-- duration: 10ms -->
    <step title="WEBSITE_RUN_FROM_PACKAGE is set to 1. Writing zip to SitePackagesPath" date="2025-10-31T13:11:20.729" /><!-- duration: 15ms -->
    <step title="Copying zip to SitePackages /home/data/SitePackages/20251031131120.zip from request body" date="2025-10-31T13:11:20.828" /><!-- duration: 3ms -->
    <step title="Writing multipart request body to /home/data/SitePackages/20251031131120.zip" date="2025-10-31T13:11:20.863" /><!-- duration: 10ms -->
    <step title="Deleting outdated zip file /home/data/SitePackages/20251031071432.zip" date="2025-10-31T13:11:53.787" /><!-- duration: 16ms -->
    <step title="Start deployment in the background" date="2025-10-31T13:11:53.852" >
      <step title="Acquiring Deployment Lock" date="2025-10-31T13:11:53.994" /><!-- duration: 3ms -->
      <step title="Acquired Deployment Lock" date="2025-10-31T13:11:54.038" /><!-- duration: 4ms -->
    </step><!-- duration: 459ms -->
  </step><!-- duration: 33716ms -->
  <step title="Outgoing response" date="2025-10-31T13:11:54.349" type="response" statusCode="202" statusText="Accepted" /><!-- duration: 4ms -->
</step><!-- duration: 33879ms -->
