<step title="BackgroundTrace" date="2025-10-31T13:11:53.858" instance="53cb09" url="/api/zipdeploy" method="POST" >
  <step title="Cleanup Xml Logs" date="2025-10-31T13:11:53.868" >
    <step title="Cleanup Infos" date="2025-10-31T13:11:53.931" totalFiles="419" totalCleanup="259" /><!-- duration: 18ms -->
  </step><!-- duration: 90ms -->
  <step title="Creating temporary deployment - FetchDeploymentManager" date="2025-10-31T13:11:54.046" /><!-- duration: 4ms -->
  <step title="Creating temporary deployment" date="2025-10-31T13:11:54.099" /><!-- duration: 206ms -->
  <step title="Performing fetch based deployment" date="2025-10-31T13:11:54.370" >
    <step title="Deployment timer started" date="2025-10-31T13:12:00.615" >
      <step title="DeploymentManager.Deploy(id:4f9f6de9-5405-4d2a-968c-5367b42d3bd6)" date="2025-10-31T13:12:00.654" >
        <step title="Collecting changeset information" date="2025-10-31T13:12:00.715" /><!-- duration: 172ms -->
        <step title="Updating submodules" date="2025-10-31T13:12:00.899" /><!-- duration: 1877ms -->
        <step title="Determining deployment builder" date="2025-10-31T13:12:03.817" >
          <step title="Builder is RunFromZipSiteBuilder" date="2025-10-31T13:12:03.876" /><!-- duration: 27ms -->
        </step><!-- duration: 106ms -->
        <step title="PreDeployment: context.CleanOutputPath False" date="2025-10-31T13:12:04.072" >
          <step title="PreDeployment: context.OutputPath /home/site/wwwroot" date="2025-10-31T13:12:04.331" >
            <step title="Building" date="2025-10-31T13:12:04.727" >
              <step title="Triggering recycle (preview mode disabled)." date="2025-10-31T13:12:05.784" /><!-- duration: 12ms -->
              <step title="Modified file to trigger a restart of the app container." date="2025-10-31T13:12:05.897" /><!-- duration: 9ms -->
              <step title="Skip function trigger and logicapp sync because function is not enabled." date="2025-10-31T13:12:05.918" /><!-- duration: 4ms -->
              <step title="Purge deployment items" date="2025-10-31T13:12:09.861" >
                <step title="Remove 71cfa014-, Success, received at 10/30/2025 23:07:39" date="2025-10-31T13:12:09.973" /><!-- duration: 27ms -->
              </step><!-- duration: 149ms -->
            </step><!-- duration: 5460ms -->
          </step><!-- duration: 5867ms -->
          <step title="Cleaning up temp files" date="2025-10-31T13:12:10.206" /><!-- duration: 28ms -->
          <step title="Cleaning up temp files" date="2025-10-31T13:12:10.266" /><!-- duration: 549ms -->
          <step title="Reloading status file with latest updates" date="2025-10-31T13:12:10.877" >
            <step title="WebHooksManager.PublishEventAsync: PostDeployment" date="2025-10-31T13:12:10.883" /><!-- duration: 69ms -->
          </step><!-- duration: 84ms -->
          <step title="Cleaning up temporary deployment - fetch deployment was successful" date="2025-10-31T13:12:10.979" /><!-- duration: 4ms -->
        </step><!-- duration: 6987ms -->
      </step><!-- duration: 10442ms -->
