<step title="Incoming Request" date="2025-10-28T13:17:33.795" instance="53cb09" url="/api/zipdeploy?isAsync=true&amp;deployer=GITHUB_ZIP_DEPLOY&amp;message=%7B%22type%22%3A%22deployment%22%2C%22sha%22%3A%2290f4e0f5427b4600fe733bf697b9ba1b8713f47b%22%2C%22repoName%22%3A%22mxchestnut%2Fsharedthread%22%2C%22actor%22%3A%22mxchestnut%22%2C%22slotName%22%3A%22production%22%2C%22commitMessage%22%3A%22Redesign%20with%20bold%20minimalist%20black%20and%20white%20aesthetic%22%7D" method="POST" type="request" pid="824,1,3" Host="sharedthread-ggeheafjamb9hxc2.scm.centralus-01.azurewebsites.net" User-Agent="GITHUBACTIONS_DeployWebAppToAzure_df1ac74e5fcc350eb4fc3a077fcafa660132f4b2532732a238d3f4a07c967089" Authorization="Bas..." Content-Type="application/octet-stream" Cookie="ARRAffinity=53cb09fa1df56cad4377ddb96071183a2409f29839db9f7c48309c156a15e042;Path=/;HttpOnly;Secure;Domain=sharedthread-ggeheafjamb9hxc2.scm.centralus-01.azurewebsites.net; ARRAffinitySameSite=53cb09fa1df56cad4377ddb96071183a2409f29839db9f7c48309c156a15e042;Path=/;HttpOnly;SameSite=None;Secure;Domain=sharedthread-ggeheafjamb9hxc2.scm.centralus-01.azurewebsites.net" Transfer-Encoding="chunked" X-ARR-LOG-ID="c388be46-18f9-4621-83b3-ab29a77b35ed" CLIENT-IP="20.55.15.226:55296" X-SITE-DEPLOYMENT-ID="sharedthread" WAS-DEFAULT-HOSTNAME="sharedthread-ggeheafjamb9hxc2.scm.centralus-01.azurewebsites.net" X-Forwarded-Proto="https" X-AppService-Proto="https" X-Forwarded-TlsVersion="1.3" X-WAWS-Unencoded-URL="/api/zipdeploy?isAsync=true&amp;deployer=GITHUB_ZIP_DEPLOY&amp;message=%7B%22type%22%3A%22deployment%22%2C%22sha%22%3A%2290f4e0f5427b4600fe733bf697b9ba1b8713f47b%22%2C%22repoName%22%3A%22mxchestnut%2Fsharedthread%22%2C%22actor%22%3A%22mxchestnut%22%2C%22slotName%22%3A%22production%22%2C%22commitMessage%22%3A%22Redesign%20with%20bold%20minimalist%20black%20and%20white%20aesthetic%22%7D" X-Client-IP="20.55.15.226" X-Client-Port="55296" >
  <step title="Cleanup Xml Logs" date="2025-10-28T13:17:33.802" /><!-- duration: 17ms -->
  <step title="ZipPushDeploy" date="2025-10-28T13:17:33.892" >
    <step title="ZipDeploy. Run from package. Ignore remote build." date="2025-10-28T13:17:33.903" /><!-- duration: 4ms -->
    <step title="Starting PushDeployAsync" date="2025-10-28T13:17:33.921" /><!-- duration: 4ms -->
    <step title="WEBSITE_RUN_FROM_PACKAGE is set to 1. Writing zip to SitePackagesPath" date="2025-10-28T13:17:33.937" /><!-- duration: 27ms -->
    <step title="Copying zip to SitePackages /home/data/SitePackages/20251028131733.zip from request body" date="2025-10-28T13:17:33.991" /><!-- duration: 13ms -->
    <step title="Writing multipart request body to /home/data/SitePackages/20251028131733.zip" date="2025-10-28T13:17:34.018" /><!-- duration: 10ms -->
    <step title="Deleting outdated zip file /home/data/SitePackages/20251028101117.zip" date="2025-10-28T13:17:47.240" /><!-- duration: 45ms -->
    <step title="Start deployment in the background" date="2025-10-28T13:17:47.299" >
      <step title="Acquiring Deployment Lock" date="2025-10-28T13:17:47.395" /><!-- duration: 15ms -->
      <step title="Acquired Deployment Lock" date="2025-10-28T13:17:47.469" /><!-- duration: 5ms -->
    </step><!-- duration: 298ms -->
  </step><!-- duration: 13735ms -->
  <step title="Outgoing response" date="2025-10-28T13:17:47.636" type="response" statusCode="202" statusText="Accepted" /><!-- duration: 5ms -->
</step><!-- duration: 13849ms -->
