<step title="Incoming Request" date="2025-10-31T15:03:07.542" instance="53cb09" url="/api/zipdeploy?isAsync=true&amp;deployer=GITHUB_ZIP_DEPLOY&amp;message=%7B%22type%22%3A%22deployment%22%2C%22sha%22%3A%22cd43541e6c1f1a091d0842feb86a9fee388b48bc%22%2C%22repoName%22%3A%22mxchestnut%2Fsharedthread%22%2C%22actor%22%3A%22mxchestnut%22%2C%22slotName%22%3A%22production%22%2C%22commitMessage%22%3A%22Add%20Prisma%20debug%20endpoint%20to%20diagnose%20undefined%20client%5Cn%5CnTesting%3A%5Cn-%20Prisma%20import%5Cn-%20Client%20object%20structure%5Cn-%20Database%20connection%5Cn-%20findUnique%20method%20availability%5Cn%5CnThis%20will%20help%20identify%20why%20prisma.user.findUnique%20is%20undefined%20in%20production.%22%7D" method="POST" type="request" pid="823,1,7" Host="sharedthread-ggeheafjamb9hxc2.scm.centralus-01.azurewebsites.net" User-Agent="GITHUBACTIONS_DeployWebAppToAzure_df1ac74e5fcc350eb4fc3a077fcafa660132f4b2532732a238d3f4a07c967089" Authorization="Bas..." Content-Type="application/octet-stream" Cookie="ARRAffinity=53cb09fa1df56cad4377ddb96071183a2409f29839db9f7c48309c156a15e042;Path=/;HttpOnly;Secure;Domain=sharedthread-ggeheafjamb9hxc2.scm.centralus-01.azurewebsites.net; ARRAffinitySameSite=53cb09fa1df56cad4377ddb96071183a2409f29839db9f7c48309c156a15e042;Path=/;HttpOnly;SameSite=None;Secure;Domain=sharedthread-ggeheafjamb9hxc2.scm.centralus-01.azurewebsites.net" Transfer-Encoding="chunked" X-ARR-LOG-ID="98579cae-1757-4afe-94dd-4f03282faef8" CLIENT-IP="4.246.134.184:19520" X-SITE-DEPLOYMENT-ID="sharedthread" WAS-DEFAULT-HOSTNAME="sharedthread-ggeheafjamb9hxc2.scm.centralus-01.azurewebsites.net" X-Forwarded-Proto="https" X-AppService-Proto="https" X-Forwarded-TlsVersion="1.3" X-WAWS-Unencoded-URL="/api/zipdeploy?isAsync=true&amp;deployer=GITHUB_ZIP_DEPLOY&amp;message=%7B%22type%22%3A%22deployment%22%2C%22sha%22%3A%22cd43541e6c1f1a091d0842feb86a9fee388b48bc%22%2C%22repoName%22%3A%22mxchestnut%2Fsharedthread%22%2C%22actor%22%3A%22mxchestnut%22%2C%22slotName%22%3A%22production%22%2C%22commitMessage%22%3A%22Add%20Prisma%20debug%20endpoint%20to%20diagnose%20undefined%20client%5Cn%5CnTesting%3A%5Cn-%20Prisma%20import%5Cn-%20Client%20object%20structure%5Cn-%20Database%20connection%5Cn-%20findUnique%20method%20availability%5Cn%5CnThis%20will%20help%20identify%20why%20prisma.user.findUnique%20is%20undefined%20in%20production.%22%7D" X-Client-IP="4.246.134.184" X-Client-Port="19520" >
  <step title="Cleanup Xml Logs" date="2025-10-31T15:03:07.555" >
    <step title="Cleanup Infos" date="2025-10-31T15:03:07.620" totalFiles="447" totalCleanup="287" /><!-- duration: 6ms -->
  </step><!-- duration: 76ms -->
  <step title="ZipPushDeploy" date="2025-10-31T15:03:07.806" >
    <step title="ZipDeploy. Run from package. Ignore remote build." date="2025-10-31T15:03:07.818" /><!-- duration: 6ms -->
    <step title="None repository commit" date="2025-10-31T15:03:07.831" >
      <step title="Commit id: 6442cf26-80bb-40b7-b44a-1d3983b9cc8f" date="2025-10-31T15:03:07.842" Message="N/A" AuthorName="N/A" AuthorEmail="N/A" /><!-- duration: 4ms -->
    </step><!-- duration: 19ms -->
    <step title="Starting PushDeployAsync" date="2025-10-31T15:03:07.853" /><!-- duration: 3ms -->
    <step title="WEBSITE_RUN_FROM_PACKAGE is set to 1. Writing zip to SitePackagesPath" date="2025-10-31T15:03:07.871" /><!-- duration: 4ms -->
    <step title="Copying zip to SitePackages /home/data/SitePackages/20251031150307.zip from request body" date="2025-10-31T15:03:07.891" /><!-- duration: 8ms -->
    <step title="Writing multipart request body to /home/data/SitePackages/20251031150307.zip" date="2025-10-31T15:03:07.903" /><!-- duration: 4ms -->
    <step title="Deleting outdated zip file /home/data/SitePackages/20251031130529.zip" date="2025-10-31T15:03:38.795" /><!-- duration: 23ms -->
    <step title="Start deployment in the background" date="2025-10-31T15:03:38.844" >
      <step title="Acquiring Deployment Lock" date="2025-10-31T15:03:38.913" /><!-- duration: 9ms -->
      <step title="Acquired Deployment Lock" date="2025-10-31T15:03:39.033" /><!-- duration: 3ms -->
    </step><!-- duration: 306ms -->
  </step><!-- duration: 31357ms -->
  <step title="Outgoing response" date="2025-10-31T15:03:39.176" type="response" statusCode="202" statusText="Accepted" /><!-- duration: 12ms -->
</step><!-- duration: 31648ms -->
