<step title="Incoming Request" date="2025-10-31T14:32:35.427" instance="53cb09" url="/api/zipdeploy?isAsync=true&amp;deployer=GITHUB_ZIP_DEPLOY&amp;message=%7B%22type%22%3A%22deployment%22%2C%22sha%22%3A%229c8b9bdccdcf80ffbc220fd937fcbdf9803a3fc2%22%2C%22repoName%22%3A%22mxchestnut%2Fsharedthread%22%2C%22actor%22%3A%22mxchestnut%22%2C%22slotName%22%3A%22production%22%2C%22commitMessage%22%3A%22Fix%20duplicate%20Sentry%20configuration%20in%20next.config.js%5Cn%5Cn-%20Merged%20duplicate%20withSentryConfig%20imports%20and%20exports%5Cn-%20Removed%20deprecated%20instrumentationHook%20experimental%20flag%5Cn-%20Cleaned%20up%20wizard-generated%20duplicate%20configuration%5Cn%5CnFixes%20build%20error%3A%20%27Identifier%20%27withSentryConfig%27%20has%20already%20been%20declared%27%22%7D" method="POST" type="request" pid="823,1,72" Host="sharedthread-ggeheafjamb9hxc2.scm.centralus-01.azurewebsites.net" User-Agent="GITHUBACTIONS_DeployWebAppToAzure_df1ac74e5fcc350eb4fc3a077fcafa660132f4b2532732a238d3f4a07c967089" Authorization="Bas..." Content-Type="application/octet-stream" Cookie="ARRAffinity=53cb09fa1df56cad4377ddb96071183a2409f29839db9f7c48309c156a15e042;Path=/;HttpOnly;Secure;Domain=sharedthread-ggeheafjamb9hxc2.scm.centralus-01.azurewebsites.net; ARRAffinitySameSite=53cb09fa1df56cad4377ddb96071183a2409f29839db9f7c48309c156a15e042;Path=/;HttpOnly;SameSite=None;Secure;Domain=sharedthread-ggeheafjamb9hxc2.scm.centralus-01.azurewebsites.net" Transfer-Encoding="chunked" X-ARR-LOG-ID="b6ea5c7a-b76e-427a-a7e4-8c3068c0f14e" CLIENT-IP="20.161.28.102:46112" X-SITE-DEPLOYMENT-ID="sharedthread" WAS-DEFAULT-HOSTNAME="sharedthread-ggeheafjamb9hxc2.scm.centralus-01.azurewebsites.net" X-Forwarded-Proto="https" X-AppService-Proto="https" X-Forwarded-TlsVersion="1.3" X-WAWS-Unencoded-URL="/api/zipdeploy?isAsync=true&amp;deployer=GITHUB_ZIP_DEPLOY&amp;message=%7B%22type%22%3A%22deployment%22%2C%22sha%22%3A%229c8b9bdccdcf80ffbc220fd937fcbdf9803a3fc2%22%2C%22repoName%22%3A%22mxchestnut%2Fsharedthread%22%2C%22actor%22%3A%22mxchestnut%22%2C%22slotName%22%3A%22production%22%2C%22commitMessage%22%3A%22Fix%20duplicate%20Sentry%20configuration%20in%20next.config.js%5Cn%5Cn-%20Merged%20duplicate%20withSentryConfig%20imports%20and%20exports%5Cn-%20Removed%20deprecated%20instrumentationHook%20experimental%20flag%5Cn-%20Cleaned%20up%20wizard-generated%20duplicate%20configuration%5Cn%5CnFixes%20build%20error%3A%20%27Identifier%20%27withSentryConfig%27%20has%20already%20been%20declared%27%22%7D" X-Client-IP="20.161.28.102" X-Client-Port="46112" >
  <step title="Cleanup Xml Logs" date="2025-10-31T14:32:35.438" >
    <step title="Cleanup Infos" date="2025-10-31T14:32:35.467" totalFiles="439" totalCleanup="279" /><!-- duration: 8ms -->
  </step><!-- duration: 41ms -->
  <step title="ZipPushDeploy" date="2025-10-31T14:32:35.672" >
    <step title="ZipDeploy. Run from package. Ignore remote build." date="2025-10-31T14:32:35.696" /><!-- duration: 3ms -->
    <step title="Starting PushDeployAsync" date="2025-10-31T14:32:35.708" /><!-- duration: 7ms -->
    <step title="WEBSITE_RUN_FROM_PACKAGE is set to 1. Writing zip to SitePackagesPath" date="2025-10-31T14:32:35.768" /><!-- duration: 5ms -->
    <step title="Copying zip to SitePackages /home/data/SitePackages/20251031143235.zip from request body" date="2025-10-31T14:32:35.797" /><!-- duration: 4ms -->
    <step title="Writing multipart request body to /home/data/SitePackages/20251031143235.zip" date="2025-10-31T14:32:35.808" /><!-- duration: 3ms -->
    <step title="Deleting outdated zip file /home/data/SitePackages/20251031125535.zip" date="2025-10-31T14:32:58.493" /><!-- duration: 62ms -->
    <step title="Start deployment in the background" date="2025-10-31T14:32:58.576" >
      <step title="Acquiring Deployment Lock" date="2025-10-31T14:32:58.674" /><!-- duration: 4ms -->
      <step title="Acquired Deployment Lock" date="2025-10-31T14:32:58.720" /><!-- duration: 4ms -->
    </step><!-- duration: 364ms -->
  </step><!-- duration: 23307ms -->
  <step title="Outgoing response" date="2025-10-31T14:32:58.992" type="response" statusCode="202" statusText="Accepted" /><!-- duration: 8ms -->
</step><!-- duration: 23577ms -->
