<step title="Incoming Request" date="2025-10-28T18:54:15.299" instance="53cb09" url="/api/zipdeploy?isAsync=true&amp;deployer=GITHUB_ZIP_DEPLOY&amp;message=%7B%22type%22%3A%22deployment%22%2C%22sha%22%3A%229e3686747ebced75eb3ee338496fd7e575dff946%22%2C%22repoName%22%3A%22mxchestnut%2Fsharedthread%22%2C%22actor%22%3A%22mxchestnut%22%2C%22slotName%22%3A%22production%22%2C%22commitMessage%22%3A%22Remove%20%27Stay%20Updated%27%20newsletter%20section%20and%20update%20UserMenu%20with%20black%20%26%20white%20theme%22%7D" method="POST" type="request" pid="824,1,23" Host="sharedthread-ggeheafjamb9hxc2.scm.centralus-01.azurewebsites.net" User-Agent="GITHUBACTIONS_DeployWebAppToAzure_df1ac74e5fcc350eb4fc3a077fcafa660132f4b2532732a238d3f4a07c967089" Authorization="Bas..." Content-Type="application/octet-stream" Cookie="ARRAffinity=53cb09fa1df56cad4377ddb96071183a2409f29839db9f7c48309c156a15e042;Path=/;HttpOnly;Secure;Domain=sharedthread-ggeheafjamb9hxc2.scm.centralus-01.azurewebsites.net; ARRAffinitySameSite=53cb09fa1df56cad4377ddb96071183a2409f29839db9f7c48309c156a15e042;Path=/;HttpOnly;SameSite=None;Secure;Domain=sharedthread-ggeheafjamb9hxc2.scm.centralus-01.azurewebsites.net" Transfer-Encoding="chunked" X-ARR-LOG-ID="9c088b4b-ad4e-425d-8b7e-1c3be60da6ff" CLIENT-IP="64.236.140.197:5168" X-SITE-DEPLOYMENT-ID="sharedthread" WAS-DEFAULT-HOSTNAME="sharedthread-ggeheafjamb9hxc2.scm.centralus-01.azurewebsites.net" X-Forwarded-Proto="https" X-AppService-Proto="https" X-Forwarded-TlsVersion="1.3" X-WAWS-Unencoded-URL="/api/zipdeploy?isAsync=true&amp;deployer=GITHUB_ZIP_DEPLOY&amp;message=%7B%22type%22%3A%22deployment%22%2C%22sha%22%3A%229e3686747ebced75eb3ee338496fd7e575dff946%22%2C%22repoName%22%3A%22mxchestnut%2Fsharedthread%22%2C%22actor%22%3A%22mxchestnut%22%2C%22slotName%22%3A%22production%22%2C%22commitMessage%22%3A%22Remove%20%27Stay%20Updated%27%20newsletter%20section%20and%20update%20UserMenu%20with%20black%20%26%20white%20theme%22%7D" X-Client-IP="64.236.140.197" X-Client-Port="5168" >
  <step title="Cleanup Xml Logs" date="2025-10-28T18:54:15.319" >
    <step title="Cleanup Infos" date="2025-10-28T18:54:15.374" totalFiles="212" totalCleanup="52" /><!-- duration: 53ms -->
  </step><!-- duration: 115ms -->
  <step title="ZipPushDeploy" date="2025-10-28T18:54:15.625" >
    <step title="ZipDeploy. Run from package. Ignore remote build." date="2025-10-28T18:54:15.652" /><!-- duration: 3ms -->
    <step title="Starting PushDeployAsync" date="2025-10-28T18:54:15.702" /><!-- duration: 11ms -->
    <step title="WEBSITE_RUN_FROM_PACKAGE is set to 1. Writing zip to SitePackagesPath" date="2025-10-28T18:54:15.768" /><!-- duration: 28ms -->
    <step title="Copying zip to SitePackages /home/data/SitePackages/20251028185415.zip from request body" date="2025-10-28T18:54:15.860" /><!-- duration: 10ms -->
    <step title="Writing multipart request body to /home/data/SitePackages/20251028185415.zip" date="2025-10-28T18:54:15.908" /><!-- duration: 19ms -->
    <step title="Deleting outdated zip file /home/data/SitePackages/20251028154524.zip" date="2025-10-28T18:54:29.213" /><!-- duration: 20ms -->
    <step title="Start deployment in the background" date="2025-10-28T18:54:29.268" >
      <step title="Acquiring Deployment Lock" date="2025-10-28T18:54:29.344" /><!-- duration: 4ms -->
      <step title="Acquired Deployment Lock" date="2025-10-28T18:54:29.391" /><!-- duration: 4ms -->
    </step><!-- duration: 253ms -->
  </step><!-- duration: 13910ms -->
  <step title="Outgoing response" date="2025-10-28T18:54:29.542" type="response" statusCode="202" statusText="Accepted" /><!-- duration: 4ms -->
</step><!-- duration: 14253ms -->
