<step title="Incoming Request" date="2025-10-31T15:23:54.040" instance="53cb09" url="/api/zipdeploy?isAsync=true&amp;deployer=GITHUB_ZIP_DEPLOY&amp;message=%7B%22type%22%3A%22deployment%22%2C%22sha%22%3A%2275c39cbb7ae1e6103e04c66ba22161e0f9753894%22%2C%22repoName%22%3A%22mxchestnut%2Fsharedthread%22%2C%22actor%22%3A%22mxchestnut%22%2C%22slotName%22%3A%22production%22%2C%22commitMessage%22%3A%22Add%20simple%20Prisma%20debug%20endpoint%5Cn%5CnTests%20step-by-step%3A%5Cn-%20Import%20%40prisma%2Fclient%5Cn-%20Create%20instance%5Cn-%20Check%20methods%20exist%5Cn-%20Test%20connection%5Cn-%20Simple%20query%5Cn%5CnShould%20help%20isolate%20the%20%27Cannot%20read%20properties%20of%20undefined%27%20error.%22%7D" method="POST" type="request" pid="825,1,3" Host="sharedthread-ggeheafjamb9hxc2.scm.centralus-01.azurewebsites.net" User-Agent="GITHUBACTIONS_DeployWebAppToAzure_df1ac74e5fcc350eb4fc3a077fcafa660132f4b2532732a238d3f4a07c967089" Authorization="Bas..." Content-Type="application/octet-stream" Cookie="ARRAffinity=53cb09fa1df56cad4377ddb96071183a2409f29839db9f7c48309c156a15e042;Path=/;HttpOnly;Secure;Domain=sharedthread-ggeheafjamb9hxc2.scm.centralus-01.azurewebsites.net; ARRAffinitySameSite=53cb09fa1df56cad4377ddb96071183a2409f29839db9f7c48309c156a15e042;Path=/;HttpOnly;SameSite=None;Secure;Domain=sharedthread-ggeheafjamb9hxc2.scm.centralus-01.azurewebsites.net" Transfer-Encoding="chunked" X-ARR-LOG-ID="930b7ad8-a13f-472d-9753-ff98d858b14a" CLIENT-IP="9.234.151.19:23552" X-SITE-DEPLOYMENT-ID="sharedthread" WAS-DEFAULT-HOSTNAME="sharedthread-ggeheafjamb9hxc2.scm.centralus-01.azurewebsites.net" X-Forwarded-Proto="https" X-AppService-Proto="https" X-Forwarded-TlsVersion="1.3" X-WAWS-Unencoded-URL="/api/zipdeploy?isAsync=true&amp;deployer=GITHUB_ZIP_DEPLOY&amp;message=%7B%22type%22%3A%22deployment%22%2C%22sha%22%3A%2275c39cbb7ae1e6103e04c66ba22161e0f9753894%22%2C%22repoName%22%3A%22mxchestnut%2Fsharedthread%22%2C%22actor%22%3A%22mxchestnut%22%2C%22slotName%22%3A%22production%22%2C%22commitMessage%22%3A%22Add%20simple%20Prisma%20debug%20endpoint%5Cn%5CnTests%20step-by-step%3A%5Cn-%20Import%20%40prisma%2Fclient%5Cn-%20Create%20instance%5Cn-%20Check%20methods%20exist%5Cn-%20Test%20connection%5Cn-%20Simple%20query%5Cn%5CnShould%20help%20isolate%20the%20%27Cannot%20read%20properties%20of%20undefined%27%20error.%22%7D" X-Client-IP="9.234.151.19" X-Client-Port="23552" >
  <step title="Cleanup Xml Logs" date="2025-10-31T15:23:54.054" >
    <step title="Cleanup Infos" date="2025-10-31T15:23:54.078" totalFiles="460" totalCleanup="300" /><!-- duration: 10ms -->
  </step><!-- duration: 38ms -->
  <step title="ZipPushDeploy" date="2025-10-31T15:23:54.231" >
    <step title="ZipDeploy. Run from package. Ignore remote build." date="2025-10-31T15:23:54.252" /><!-- duration: 5ms -->
    <step title="None repository commit" date="2025-10-31T15:23:54.278" >
      <step title="Commit id: d1702a28-1631-43f1-8602-1c9c747b94cb" date="2025-10-31T15:23:54.281" Message="N/A" AuthorName="N/A" AuthorEmail="N/A" /><!-- duration: 6ms -->
    </step><!-- duration: 13ms -->
    <step title="Starting PushDeployAsync" date="2025-10-31T15:23:54.295" /><!-- duration: 3ms -->
    <step title="WEBSITE_RUN_FROM_PACKAGE is set to 1. Writing zip to SitePackagesPath" date="2025-10-31T15:23:54.428" /><!-- duration: 18ms -->
    <step title="Copying zip to SitePackages /home/data/SitePackages/20251031152354.zip from request body" date="2025-10-31T15:23:54.548" /><!-- duration: 30ms -->
    <step title="Writing multipart request body to /home/data/SitePackages/20251031152354.zip" date="2025-10-31T15:23:54.628" /><!-- duration: 41ms -->
    <step title="Deleting outdated zip file /home/data/SitePackages/20251031131120.zip" date="2025-10-31T15:24:26.036" /><!-- duration: 11ms -->
    <step title="Start deployment in the background" date="2025-10-31T15:24:26.093" >
      <step title="Acquiring Deployment Lock" date="2025-10-31T15:24:26.184" /><!-- duration: 7ms -->
      <step title="Acquired Deployment Lock" date="2025-10-31T15:24:26.258" /><!-- duration: 4ms -->
    </step><!-- duration: 336ms -->
  </step><!-- duration: 32212ms -->
  <step title="Outgoing response" date="2025-10-31T15:24:26.458" type="response" statusCode="202" statusText="Accepted" /><!-- duration: 4ms -->
</step><!-- duration: 32426ms -->
