<step title="Incoming Request" date="2025-10-28T08:10:41.951" instance="53cb09" url="/api/zipdeploy?isAsync=true&amp;deployer=GITHUB_ZIP_DEPLOY&amp;message=%7B%22type%22%3A%22deployment%22%2C%22sha%22%3A%22452f239d2faf889434e42f496bcafce316f97726%22%2C%22repoName%22%3A%22mxchestnut%2Fsharedthread%22%2C%22actor%22%3A%22mxchestnut%22%2C%22slotName%22%3A%22production%22%2C%22commitMessage%22%3A%22%E2%9C%A8%20Improve%20UserMenu%20error%20handling%20and%20fix%20Tailwind%20CSS%20classes%22%7D" method="POST" type="request" pid="825,1,70" Host="sharedthread-ggeheafjamb9hxc2.scm.centralus-01.azurewebsites.net" User-Agent="GITHUBACTIONS_DeployWebAppToAzure_df1ac74e5fcc350eb4fc3a077fcafa660132f4b2532732a238d3f4a07c967089" Authorization="Bas..." Content-Type="application/octet-stream" Cookie="ARRAffinity=53cb09fa1df56cad4377ddb96071183a2409f29839db9f7c48309c156a15e042;Path=/;HttpOnly;Secure;Domain=sharedthread-ggeheafjamb9hxc2.scm.centralus-01.azurewebsites.net; ARRAffinitySameSite=53cb09fa1df56cad4377ddb96071183a2409f29839db9f7c48309c156a15e042;Path=/;HttpOnly;SameSite=None;Secure;Domain=sharedthread-ggeheafjamb9hxc2.scm.centralus-01.azurewebsites.net" Transfer-Encoding="chunked" X-ARR-LOG-ID="63a43474-7afa-4384-903e-5229ccca8635" CLIENT-IP="64.236.142.224:37888" X-SITE-DEPLOYMENT-ID="sharedthread" WAS-DEFAULT-HOSTNAME="sharedthread-ggeheafjamb9hxc2.scm.centralus-01.azurewebsites.net" X-Forwarded-Proto="https" X-AppService-Proto="https" X-Forwarded-TlsVersion="1.3" X-WAWS-Unencoded-URL="/api/zipdeploy?isAsync=true&amp;deployer=GITHUB_ZIP_DEPLOY&amp;message=%7B%22type%22%3A%22deployment%22%2C%22sha%22%3A%22452f239d2faf889434e42f496bcafce316f97726%22%2C%22repoName%22%3A%22mxchestnut%2Fsharedthread%22%2C%22actor%22%3A%22mxchestnut%22%2C%22slotName%22%3A%22production%22%2C%22commitMessage%22%3A%22%E2%9C%A8%20Improve%20UserMenu%20error%20handling%20and%20fix%20Tailwind%20CSS%20classes%22%7D" X-Client-IP="64.236.142.224" X-Client-Port="37888" >
  <step title="Cleanup Xml Logs" date="2025-10-28T08:10:41.957" /><!-- duration: 5ms -->
  <step title="ZipPushDeploy" date="2025-10-28T08:10:42.022" >
    <step title="ZipDeploy. Run from package. Ignore remote build." date="2025-10-28T08:10:42.062" /><!-- duration: 5ms -->
    <step title="Starting PushDeployAsync" date="2025-10-28T08:10:42.075" /><!-- duration: 3ms -->
    <step title="WEBSITE_RUN_FROM_PACKAGE is set to 1. Writing zip to SitePackagesPath" date="2025-10-28T08:10:42.088" /><!-- duration: 11ms -->
    <step title="Copying zip to SitePackages /home/data/SitePackages/20251028081042.zip from request body" date="2025-10-28T08:10:42.123" /><!-- duration: 33ms -->
    <step title="Writing multipart request body to /home/data/SitePackages/20251028081042.zip" date="2025-10-28T08:10:42.162" /><!-- duration: 13ms -->
    <step title="Start deployment in the background" date="2025-10-28T08:10:52.221" >
      <step title="Acquiring Deployment Lock" date="2025-10-28T08:10:52.288" /><!-- duration: 8ms -->
      <step title="Acquired Deployment Lock" date="2025-10-28T08:10:52.447" /><!-- duration: 18ms -->
    </step><!-- duration: 431ms -->
  </step><!-- duration: 10667ms -->
  <step title="Outgoing response" date="2025-10-28T08:10:52.709" type="response" statusCode="202" statusText="Accepted" /><!-- duration: 17ms -->
</step><!-- duration: 10780ms -->
