<step title="Incoming Request" date="2025-10-31T12:40:40.167" instance="53cb09" url="/api/deployments/latest?deployer=GITHUB_ZIP_DEPLOY&amp;time=2025-10-31_12-40-33Z" method="GET" type="request" pid="825,1,24" Host="sharedthread-ggeheafjamb9hxc2.scm.centralus-01.azurewebsites.net" User-Agent="GITHUBACTIONS_DeployWebAppToAzure_df1ac74e5fcc350eb4fc3a077fcafa660132f4b2532732a238d3f4a07c967089" Authorization="Bas..." Content-Type="application/json; charset=utf-8" Cookie="ARRAffinity=53cb09fa1df56cad4377ddb96071183a2409f29839db9f7c48309c156a15e042;Path=/;HttpOnly;Secure;Domain=sharedthread-ggeheafjamb9hxc2.scm.centralus-01.azurewebsites.net; ARRAffinitySameSite=53cb09fa1df56cad4377ddb96071183a2409f29839db9f7c48309c156a15e042;Path=/;HttpOnly;SameSite=None;Secure;Domain=sharedthread-ggeheafjamb9hxc2.scm.centralus-01.azurewebsites.net" Content-Length="0" X-ARR-LOG-ID="2049f9c7-77ce-4782-84fb-25042f660e3b" CLIENT-IP="172.174.165.231:45058" X-SITE-DEPLOYMENT-ID="sharedthread" WAS-DEFAULT-HOSTNAME="sharedthread-ggeheafjamb9hxc2.scm.centralus-01.azurewebsites.net" X-Forwarded-Proto="https" X-AppService-Proto="https" X-Forwarded-TlsVersion="1.3" X-WAWS-Unencoded-URL="/api/deployments/latest?deployer=GITHUB_ZIP_DEPLOY&amp;time=2025-10-31_12-40-33Z" X-Client-IP="172.174.165.231" X-Client-Port="45058" >
  <step title="Cleanup Xml Logs" date="2025-10-31T12:40:40.172" >
    <step title="Cleanup Infos" date="2025-10-31T12:40:40.215" totalFiles="394" totalCleanup="234" /><!-- duration: 27ms -->
  </step><!-- duration: 78ms -->
  <step title="DeploymentService.GetResult" date="2025-10-31T12:40:40.261" >
    <step title="DeploymentService.GetLatestDeployment" date="2025-10-31T12:40:40.274" >
      <step title="DeploymentManager.GetResults" date="2025-10-31T12:40:40.295" /><!-- duration: 1093ms -->
    </step><!-- duration: 1118ms -->
  </step><!-- duration: 1135ms -->
  <step title="Outgoing response" date="2025-10-31T12:40:41.400" type="response" statusCode="202" statusText="Accepted" /><!-- duration: 5ms -->
</step><!-- duration: 1242ms -->
