<step title="Incoming Request" date="2025-10-31T16:32:15.403" instance="53cb09" url="/api/zipdeploy?isAsync=true&amp;deployer=GITHUB_ZIP_DEPLOY&amp;message=%7B%22type%22%3A%22deployment%22%2C%22sha%22%3A%22fc24e3d7284f17f4c32f5f610c7498b5d5d20425%22%2C%22repoName%22%3A%22mxchestnut%2Fsharedthread%22%2C%22actor%22%3A%22mxchestnut%22%2C%22slotName%22%3A%22production%22%2C%22commitMessage%22%3A%22Fix%20double%20%27s%27%20in%20Prisma%20model%20names%5Cn%5CnCritical%20fix%20for%20auth.ts%3A%5Cn-%20Fixed%20prisma.userss%20back%20to%20prisma.users%20in%20authenticateUser%20function%5Cn-%20Previous%20global%20find%2Freplace%20went%20too%20far%20and%20created%20userss%5Cn-%20This%20was%20causing%20the%20login%20%27findUnique%27%20error%20in%20production%5Cn%5CnResolves%3A%20Cannot%20read%20properties%20of%20undefined%20(reading%20%27findUnique%27)%22%7D" method="POST" type="request" pid="825,1,7" Host="sharedthread-ggeheafjamb9hxc2.scm.centralus-01.azurewebsites.net" User-Agent="GITHUBACTIONS_DeployWebAppToAzure_df1ac74e5fcc350eb4fc3a077fcafa660132f4b2532732a238d3f4a07c967089" Authorization="Bas..." Content-Type="application/octet-stream" Cookie="ARRAffinity=53cb09fa1df56cad4377ddb96071183a2409f29839db9f7c48309c156a15e042;Path=/;HttpOnly;Secure;Domain=sharedthread-ggeheafjamb9hxc2.scm.centralus-01.azurewebsites.net; ARRAffinitySameSite=53cb09fa1df56cad4377ddb96071183a2409f29839db9f7c48309c156a15e042;Path=/;HttpOnly;SameSite=None;Secure;Domain=sharedthread-ggeheafjamb9hxc2.scm.centralus-01.azurewebsites.net" Transfer-Encoding="chunked" X-ARR-LOG-ID="26949df7-b4bc-4b1d-875f-08ed5dbbd42e" CLIENT-IP="20.168.117.146:35857" X-SITE-DEPLOYMENT-ID="sharedthread" WAS-DEFAULT-HOSTNAME="sharedthread-ggeheafjamb9hxc2.scm.centralus-01.azurewebsites.net" X-Forwarded-Proto="https" X-AppService-Proto="https" X-Forwarded-TlsVersion="1.3" X-WAWS-Unencoded-URL="/api/zipdeploy?isAsync=true&amp;deployer=GITHUB_ZIP_DEPLOY&amp;message=%7B%22type%22%3A%22deployment%22%2C%22sha%22%3A%22fc24e3d7284f17f4c32f5f610c7498b5d5d20425%22%2C%22repoName%22%3A%22mxchestnut%2Fsharedthread%22%2C%22actor%22%3A%22mxchestnut%22%2C%22slotName%22%3A%22production%22%2C%22commitMessage%22%3A%22Fix%20double%20%27s%27%20in%20Prisma%20model%20names%5Cn%5CnCritical%20fix%20for%20auth.ts%3A%5Cn-%20Fixed%20prisma.userss%20back%20to%20prisma.users%20in%20authenticateUser%20function%5Cn-%20Previous%20global%20find%2Freplace%20went%20too%20far%20and%20created%20userss%5Cn-%20This%20was%20causing%20the%20login%20%27findUnique%27%20error%20in%20production%5Cn%5CnResolves%3A%20Cannot%20read%20properties%20of%20undefined%20(reading%20%27findUnique%27)%22%7D" X-Client-IP="20.168.117.146" X-Client-Port="35857" >
  <step title="Cleanup Xml Logs" date="2025-10-31T16:32:15.552" >
    <step title="Cleanup Infos" date="2025-10-31T16:32:15.713" totalFiles="481" totalCleanup="321" /><!-- duration: 29ms -->
  </step><!-- duration: 223ms -->
  <step title="ZipPushDeploy" date="2025-10-31T16:32:16.133" >
    <step title="ZipDeploy. Run from package. Ignore remote build." date="2025-10-31T16:32:16.210" /><!-- duration: 9ms -->
    <step title="Starting PushDeployAsync" date="2025-10-31T16:32:16.343" /><!-- duration: 24ms -->
    <step title="WEBSITE_RUN_FROM_PACKAGE is set to 1. Writing zip to SitePackagesPath" date="2025-10-31T16:32:16.474" /><!-- duration: 30ms -->
    <step title="Copying zip to SitePackages /home/data/SitePackages/20251031163216.zip from request body" date="2025-10-31T16:32:16.661" /><!-- duration: 28ms -->
    <step title="Writing multipart request body to /home/data/SitePackages/20251031163216.zip" date="2025-10-31T16:32:16.707" /><!-- duration: 40ms -->
    <step title="Deleting outdated zip file /home/data/SitePackages/20251031143235.zip" date="2025-10-31T16:33:16.964" /><!-- duration: 27ms -->
    <step title="Start deployment in the background" date="2025-10-31T16:33:17.041" >
      <step title="Acquiring Deployment Lock" date="2025-10-31T16:33:17.180" /><!-- duration: 25ms -->
      <step title="Acquired Deployment Lock" date="2025-10-31T16:33:17.526" /><!-- duration: 10ms -->
    </step><!-- duration: 1627ms -->
  </step><!-- duration: 62621ms -->
  <step title="Outgoing response" date="2025-10-31T16:33:19.038" type="response" statusCode="202" statusText="Accepted" /><!-- duration: 9ms -->
</step><!-- duration: 63683ms -->
