<step title="BackgroundTrace" date="2025-10-30T23:07:21.426" instance="53cb09" url="/api/zipdeploy" method="POST" >
  <step title="Cleanup Xml Logs" date="2025-10-30T23:07:21.446" >
    <step title="Cleanup Infos" date="2025-10-30T23:07:21.493" totalFiles="329" totalCleanup="169" /><!-- duration: 37ms -->
  </step><!-- duration: 105ms -->
  <step title="Creating temporary deployment - FetchDeploymentManager" date="2025-10-30T23:07:21.763" /><!-- duration: 20ms -->
  <step title="Creating temporary deployment" date="2025-10-30T23:07:21.810" /><!-- duration: 2327ms -->
  <step title="Performing fetch based deployment" date="2025-10-30T23:07:24.373" >
    <step title="Deployment timer started" date="2025-10-30T23:07:39.489" >
      <step title="DeploymentManager.Deploy(id:71cfa014-7b4a-4e85-a3df-cbd4adc69565)" date="2025-10-30T23:07:39.571" >
        <step title="Collecting changeset information" date="2025-10-30T23:07:39.741" /><!-- duration: 306ms -->
        <step title="Updating submodules" date="2025-10-30T23:07:40.161" /><!-- duration: 2849ms -->
        <step title="Determining deployment builder" date="2025-10-30T23:07:43.435" >
          <step title="Builder is RunFromZipSiteBuilder" date="2025-10-30T23:07:43.474" /><!-- duration: 26ms -->
        </step><!-- duration: 102ms -->
        <step title="PreDeployment: context.CleanOutputPath False" date="2025-10-30T23:07:43.732" >
          <step title="PreDeployment: context.OutputPath /home/site/wwwroot" date="2025-10-30T23:07:43.983" >
            <step title="Building" date="2025-10-30T23:07:44.476" >
              <step title="Triggering recycle (preview mode disabled)." date="2025-10-30T23:07:45.214" /><!-- duration: 20ms -->
              <step title="Modified file to trigger a restart of the app container." date="2025-10-30T23:07:45.337" /><!-- duration: 19ms -->
              <step title="Skip function trigger and logicapp sync because function is not enabled." date="2025-10-30T23:07:45.376" /><!-- duration: 28ms -->
              <step title="Purge deployment items" date="2025-10-30T23:07:47.495" >
                <step title="Remove 24441c0f-, Success, received at 10/28/2025 20:13:40" date="2025-10-30T23:07:47.623" /><!-- duration: 21ms -->
              </step><!-- duration: 165ms -->
            </step><!-- duration: 3348ms -->
          </step><!-- duration: 3877ms -->
          <step title="Cleaning up temp files" date="2025-10-30T23:07:47.877" /><!-- duration: 8ms -->
          <step title="Cleaning up temp files" date="2025-10-30T23:07:47.912" /><!-- duration: 615ms -->
          <step title="Reloading status file with latest updates" date="2025-10-30T23:07:48.643" >
            <step title="WebHooksManager.PublishEventAsync: PostDeployment" date="2025-10-30T23:07:48.681" /><!-- duration: 110ms -->
          </step><!-- duration: 158ms -->
          <step title="Cleaning up temporary deployment - fetch deployment was successful" date="2025-10-30T23:07:48.819" /><!-- duration: 10ms -->
        </step><!-- duration: 5235ms -->
      </step><!-- duration: 9471ms -->
