<step title="Incoming Request" date="2025-10-31T13:19:14.675" instance="53cb09" url="/api/deployments/latest?deployer=GITHUB_ZIP_DEPLOY&amp;time=2025-10-31_13-19-07Z" method="GET" type="request" pid="823,1,22" Host="sharedthread-ggeheafjamb9hxc2.scm.centralus-01.azurewebsites.net" User-Agent="GITHUBACTIONS_DeployWebAppToAzure_df1ac74e5fcc350eb4fc3a077fcafa660132f4b2532732a238d3f4a07c967089" Authorization="Bas..." Content-Type="application/json; charset=utf-8" Cookie="ARRAffinity=53cb09fa1df56cad4377ddb96071183a2409f29839db9f7c48309c156a15e042;Path=/;HttpOnly;Secure;Domain=sharedthread-ggeheafjamb9hxc2.scm.centralus-01.azurewebsites.net; ARRAffinitySameSite=53cb09fa1df56cad4377ddb96071183a2409f29839db9f7c48309c156a15e042;Path=/;HttpOnly;SameSite=None;Secure;Domain=sharedthread-ggeheafjamb9hxc2.scm.centralus-01.azurewebsites.net" Content-Length="0" X-ARR-LOG-ID="1da3ba54-e34c-4875-b147-a07c2ec1d361" CLIENT-IP="135.232.201.244:48130" X-SITE-DEPLOYMENT-ID="sharedthread" WAS-DEFAULT-HOSTNAME="sharedthread-ggeheafjamb9hxc2.scm.centralus-01.azurewebsites.net" X-Forwarded-Proto="https" X-AppService-Proto="https" X-Forwarded-TlsVersion="1.3" X-WAWS-Unencoded-URL="/api/deployments/latest?deployer=GITHUB_ZIP_DEPLOY&amp;time=2025-10-31_13-19-07Z" X-Client-IP="135.232.201.244" X-Client-Port="48130" >
  <step title="Cleanup Xml Logs" date="2025-10-31T13:19:14.694" >
    <step title="Cleanup Infos" date="2025-10-31T13:19:14.740" totalFiles="428" totalCleanup="268" /><!-- duration: 17ms -->
  </step><!-- duration: 67ms -->
  <step title="DeploymentService.GetResult" date="2025-10-31T13:19:14.770" >
    <step title="DeploymentService.GetLatestDeployment" date="2025-10-31T13:19:14.779" >
      <step title="DeploymentManager.GetResults" date="2025-10-31T13:19:14.810" /><!-- duration: 1076ms -->
    </step><!-- duration: 1116ms -->
  </step><!-- duration: 1128ms -->
  <step title="Outgoing response" date="2025-10-31T13:19:15.907" type="response" statusCode="202" statusText="Accepted" /><!-- duration: 9ms -->
</step><!-- duration: 1244ms -->
