<step title="Incoming Request" date="2025-10-30T22:55:11.139" instance="53cb09" url="/api/deployments/latest?deployer=GITHUB_ZIP_DEPLOY&amp;time=2025-10-30_22-55-03Z" method="GET" type="request" pid="822,1,22" Host="sharedthread-ggeheafjamb9hxc2.scm.centralus-01.azurewebsites.net" User-Agent="GITHUBACTIONS_DeployWebAppToAzure_df1ac74e5fcc350eb4fc3a077fcafa660132f4b2532732a238d3f4a07c967089" Authorization="Bas..." Content-Type="application/json; charset=utf-8" Cookie="ARRAffinity=53cb09fa1df56cad4377ddb96071183a2409f29839db9f7c48309c156a15e042;Path=/;HttpOnly;Secure;Domain=sharedthread-ggeheafjamb9hxc2.scm.centralus-01.azurewebsites.net; ARRAffinitySameSite=53cb09fa1df56cad4377ddb96071183a2409f29839db9f7c48309c156a15e042;Path=/;HttpOnly;SameSite=None;Secure;Domain=sharedthread-ggeheafjamb9hxc2.scm.centralus-01.azurewebsites.net" Content-Length="0" X-ARR-LOG-ID="ec116c98-ae88-46d8-9647-532ddd003ffc" CLIENT-IP="4.246.135.3:47130" X-SITE-DEPLOYMENT-ID="sharedthread" WAS-DEFAULT-HOSTNAME="sharedthread-ggeheafjamb9hxc2.scm.centralus-01.azurewebsites.net" X-Forwarded-Proto="https" X-AppService-Proto="https" X-Forwarded-TlsVersion="1.3" X-WAWS-Unencoded-URL="/api/deployments/latest?deployer=GITHUB_ZIP_DEPLOY&amp;time=2025-10-30_22-55-03Z" X-Client-IP="4.246.135.3" X-Client-Port="47130" >
  <step title="Cleanup Xml Logs" date="2025-10-30T22:55:11.142" >
    <step title="Cleanup Infos" date="2025-10-30T22:55:11.153" totalFiles="324" totalCleanup="164" /><!-- duration: 5ms -->
  </step><!-- duration: 20ms -->
  <step title="DeploymentService.GetResult" date="2025-10-30T22:55:11.171" >
    <step title="DeploymentService.GetLatestDeployment" date="2025-10-30T22:55:11.174" >
      <step title="DeploymentManager.GetResults" date="2025-10-30T22:55:11.178" /><!-- duration: 739ms -->
    </step><!-- duration: 747ms -->
  </step><!-- duration: 770ms -->
  <step title="Outgoing response" date="2025-10-30T22:55:11.953" type="response" statusCode="202" statusText="Accepted" /><!-- duration: 3ms -->
</step><!-- duration: 820ms -->
