<step title="Incoming Request" date="2025-10-31T05:30:58.397" instance="53cb09" url="/api/deployments/latest?deployer=GITHUB_ZIP_DEPLOY&amp;time=2025-10-31_05-30-51Z" method="GET" type="request" pid="823,1,41" Host="sharedthread-ggeheafjamb9hxc2.scm.centralus-01.azurewebsites.net" User-Agent="GITHUBACTIONS_DeployWebAppToAzure_df1ac74e5fcc350eb4fc3a077fcafa660132f4b2532732a238d3f4a07c967089" Authorization="Bas..." Content-Type="application/json; charset=utf-8" Cookie="ARRAffinity=53cb09fa1df56cad4377ddb96071183a2409f29839db9f7c48309c156a15e042;Path=/;HttpOnly;Secure;Domain=sharedthread-ggeheafjamb9hxc2.scm.centralus-01.azurewebsites.net; ARRAffinitySameSite=53cb09fa1df56cad4377ddb96071183a2409f29839db9f7c48309c156a15e042;Path=/;HttpOnly;SameSite=None;Secure;Domain=sharedthread-ggeheafjamb9hxc2.scm.centralus-01.azurewebsites.net" Content-Length="0" X-ARR-LOG-ID="02fd1353-dcda-4b04-823d-bb06b6ba85af" CLIENT-IP="68.154.54.100:42017" X-SITE-DEPLOYMENT-ID="sharedthread" WAS-DEFAULT-HOSTNAME="sharedthread-ggeheafjamb9hxc2.scm.centralus-01.azurewebsites.net" X-Forwarded-Proto="https" X-AppService-Proto="https" X-Forwarded-TlsVersion="1.3" X-WAWS-Unencoded-URL="/api/deployments/latest?deployer=GITHUB_ZIP_DEPLOY&amp;time=2025-10-31_05-30-51Z" X-Client-IP="68.154.54.100" X-Client-Port="42017" >
  <step title="Cleanup Xml Logs" date="2025-10-31T05:30:58.417" >
    <step title="Cleanup Infos" date="2025-10-31T05:30:58.553" totalFiles="352" totalCleanup="192" /><!-- duration: 10ms -->
  </step><!-- duration: 176ms -->
  <step title="DeploymentService.GetResult" date="2025-10-31T05:30:58.637" >
    <step title="DeploymentService.GetLatestDeployment" date="2025-10-31T05:30:58.662" >
      <step title="DeploymentManager.GetResults" date="2025-10-31T05:30:58.667" /><!-- duration: 2482ms -->
    </step><!-- duration: 2597ms -->
  </step><!-- duration: 2639ms -->
  <step title="Outgoing response" date="2025-10-31T05:31:01.283" type="response" statusCode="202" statusText="Accepted" /><!-- duration: 9ms -->
</step><!-- duration: 2914ms -->
