<step title="Incoming Request" date="2025-10-29T14:05:21.745" instance="53cb09" url="/api/zipdeploy?isAsync=true&amp;deployer=GITHUB_ZIP_DEPLOY&amp;message=%7B%22type%22%3A%22deployment%22%2C%22sha%22%3A%22a288a90d2ca1e54585b0e903f32af0455fd8b6b2%22%2C%22repoName%22%3A%22mxchestnut%2Fsharedthread%22%2C%22actor%22%3A%22mxchestnut%22%2C%22slotName%22%3A%22production%22%2C%22commitMessage%22%3A%22fix%3A%20make%20Azure%20startup%20script%20resilient%20to%20database%20connection%20failures%5Cn%5Cn-%20Allow%20app%20to%20start%20even%20if%20database%20migrations%20fail%5Cn-%20Add%20proper%20error%20handling%20to%20prevent%20503%20Service%20Unavailable%20errors%5Cn-%20Log%20warnings%20instead%20of%20failing%20deployment%20when%20DB%20is%20not%20configured%22%7D" method="POST" type="request" pid="824,1,16" Host="sharedthread-ggeheafjamb9hxc2.scm.centralus-01.azurewebsites.net" User-Agent="GITHUBACTIONS_DeployWebAppToAzure_df1ac74e5fcc350eb4fc3a077fcafa660132f4b2532732a238d3f4a07c967089" Authorization="Bas..." Content-Type="application/octet-stream" Cookie="ARRAffinity=53cb09fa1df56cad4377ddb96071183a2409f29839db9f7c48309c156a15e042;Path=/;HttpOnly;Secure;Domain=sharedthread-ggeheafjamb9hxc2.scm.centralus-01.azurewebsites.net; ARRAffinitySameSite=53cb09fa1df56cad4377ddb96071183a2409f29839db9f7c48309c156a15e042;Path=/;HttpOnly;SameSite=None;Secure;Domain=sharedthread-ggeheafjamb9hxc2.scm.centralus-01.azurewebsites.net" Transfer-Encoding="chunked" X-ARR-LOG-ID="03e4fd9d-5372-44d1-aef5-4c3e76352ebc" CLIENT-IP="104.209.7.214:27712" X-SITE-DEPLOYMENT-ID="sharedthread" WAS-DEFAULT-HOSTNAME="sharedthread-ggeheafjamb9hxc2.scm.centralus-01.azurewebsites.net" X-Forwarded-Proto="https" X-AppService-Proto="https" X-Forwarded-TlsVersion="1.3" X-WAWS-Unencoded-URL="/api/zipdeploy?isAsync=true&amp;deployer=GITHUB_ZIP_DEPLOY&amp;message=%7B%22type%22%3A%22deployment%22%2C%22sha%22%3A%22a288a90d2ca1e54585b0e903f32af0455fd8b6b2%22%2C%22repoName%22%3A%22mxchestnut%2Fsharedthread%22%2C%22actor%22%3A%22mxchestnut%22%2C%22slotName%22%3A%22production%22%2C%22commitMessage%22%3A%22fix%3A%20make%20Azure%20startup%20script%20resilient%20to%20database%20connection%20failures%5Cn%5Cn-%20Allow%20app%20to%20start%20even%20if%20database%20migrations%20fail%5Cn-%20Add%20proper%20error%20handling%20to%20prevent%20503%20Service%20Unavailable%20errors%5Cn-%20Log%20warnings%20instead%20of%20failing%20deployment%20when%20DB%20is%20not%20configured%22%7D" X-Client-IP="104.209.7.214" X-Client-Port="27712" >
  <step title="Cleanup Xml Logs" date="2025-10-29T14:05:21.753" >
    <step title="Cleanup Infos" date="2025-10-29T14:05:21.775" totalFiles="277" totalCleanup="117" /><!-- duration: 19ms -->
  </step><!-- duration: 67ms -->
  <step title="ZipPushDeploy" date="2025-10-29T14:05:21.910" >
    <step title="ZipDeploy. Run from package. Ignore remote build." date="2025-10-29T14:05:21.953" /><!-- duration: 3ms -->
    <step title="Starting PushDeployAsync" date="2025-10-29T14:05:21.975" /><!-- duration: 9ms -->
    <step title="WEBSITE_RUN_FROM_PACKAGE is set to 1. Writing zip to SitePackagesPath" date="2025-10-29T14:05:22.011" /><!-- duration: 10ms -->
    <step title="Copying zip to SitePackages /home/data/SitePackages/20251029140521.zip from request body" date="2025-10-29T14:05:22.041" /><!-- duration: 8ms -->
    <step title="Writing multipart request body to /home/data/SitePackages/20251029140521.zip" date="2025-10-29T14:05:22.093" /><!-- duration: 12ms -->
    <step title="Deleting outdated zip file /home/data/SitePackages/20251028190653.zip" date="2025-10-29T14:05:44.516" /><!-- duration: 102ms -->
    <step title="Start deployment in the background" date="2025-10-29T14:05:44.750" >
      <step title="Acquiring Deployment Lock" date="2025-10-29T14:05:48.542" /><!-- duration: 28ms -->
      <step title="Acquired Deployment Lock" date="2025-10-29T14:05:48.664" /><!-- duration: 12ms -->
    </step><!-- duration: 4285ms -->
  </step><!-- duration: 27295ms -->
  <step title="Outgoing response" date="2025-10-29T14:05:49.224" type="response" statusCode="202" statusText="Accepted" /><!-- duration: 9ms -->
</step><!-- duration: 27491ms -->
