<step title="BackgroundTrace" date="2025-10-28T08:06:19.215" instance="53cb09" url="/api/zipdeploy" method="POST" >
  <step title="Cleanup Xml Logs" date="2025-10-28T08:06:19.240" /><!-- duration: 17ms -->
  <step title="Creating temporary deployment - FetchDeploymentManager" date="2025-10-28T08:06:19.368" /><!-- duration: 4ms -->
  <step title="Creating temporary deployment" date="2025-10-28T08:06:19.388" /><!-- duration: 227ms -->
  <step title="Performing fetch based deployment" date="2025-10-28T08:06:19.747" >
    <step title="Deployment timer started" date="2025-10-28T08:06:24.581" >
      <step title="DeploymentManager.Deploy(id:d8444f29-440d-4bf1-a646-4648aa755ce9)" date="2025-10-28T08:06:24.655" >
        <step title="Collecting changeset information" date="2025-10-28T08:06:24.747" /><!-- duration: 248ms -->
        <step title="Updating submodules" date="2025-10-28T08:06:25.039" /><!-- duration: 1509ms -->
        <step title="Determining deployment builder" date="2025-10-28T08:06:28.229" >
          <step title="Builder is RunFromZipSiteBuilder" date="2025-10-28T08:06:28.277" /><!-- duration: 53ms -->
        </step><!-- duration: 124ms -->
        <step title="PreDeployment: context.CleanOutputPath False" date="2025-10-28T08:06:28.587" >
          <step title="PreDeployment: context.OutputPath /home/site/wwwroot" date="2025-10-28T08:06:28.798" >
            <step title="Building" date="2025-10-28T08:06:29.195" >
              <step title="Triggering recycle (preview mode disabled)." date="2025-10-28T08:06:30.311" /><!-- duration: 56ms -->
              <step title="Modified file to trigger a restart of the app container." date="2025-10-28T08:06:30.462" /><!-- duration: 28ms -->
              <step title="Skip function trigger and logicapp sync because function is not enabled." date="2025-10-28T08:06:30.512" /><!-- duration: 53ms -->
            </step><!-- duration: 3892ms -->
          </step><!-- duration: 4354ms -->
          <step title="Cleaning up temp files" date="2025-10-28T08:06:33.170" /><!-- duration: 58ms -->
          <step title="Cleaning up temp files" date="2025-10-28T08:06:33.249" /><!-- duration: 544ms -->
          <step title="Reloading status file with latest updates" date="2025-10-28T08:06:34.229" >
            <step title="WebHooksManager.PublishEventAsync: PostDeployment" date="2025-10-28T08:06:34.283" /><!-- duration: 153ms -->
          </step><!-- duration: 245ms -->
          <step title="Cleaning up temporary deployment - fetch deployment was successful" date="2025-10-28T08:06:34.559" /><!-- duration: 37ms -->
        </step><!-- duration: 6486ms -->
      </step><!-- duration: 10606ms -->
