<step title="Incoming Request" date="2025-10-28T18:59:38.644" instance="53cb09" url="/api/zipdeploy?isAsync=true&amp;deployer=GITHUB_ZIP_DEPLOY&amp;message=%7B%22type%22%3A%22deployment%22%2C%22sha%22%3A%22d82e462818514e41a8a6c5f34c917d210711a847%22%2C%22repoName%22%3A%22mxchestnut%2Fsharedthread%22%2C%22actor%22%3A%22mxchestnut%22%2C%22slotName%22%3A%22production%22%2C%22commitMessage%22%3A%22Add%20user%20profile%20editing%20-%20photo%20upload%20and%20bio%22%7D" method="POST" type="request" pid="824,1,24" Host="sharedthread-ggeheafjamb9hxc2.scm.centralus-01.azurewebsites.net" User-Agent="GITHUBACTIONS_DeployWebAppToAzure_df1ac74e5fcc350eb4fc3a077fcafa660132f4b2532732a238d3f4a07c967089" Authorization="Bas..." Content-Type="application/octet-stream" Cookie="ARRAffinity=53cb09fa1df56cad4377ddb96071183a2409f29839db9f7c48309c156a15e042;Path=/;HttpOnly;Secure;Domain=sharedthread-ggeheafjamb9hxc2.scm.centralus-01.azurewebsites.net; ARRAffinitySameSite=53cb09fa1df56cad4377ddb96071183a2409f29839db9f7c48309c156a15e042;Path=/;HttpOnly;SameSite=None;Secure;Domain=sharedthread-ggeheafjamb9hxc2.scm.centralus-01.azurewebsites.net" Transfer-Encoding="chunked" X-ARR-LOG-ID="ccc6c3f3-b7f5-4c62-937c-b66faba17a0f" CLIENT-IP="68.220.62.180:61440" X-SITE-DEPLOYMENT-ID="sharedthread" WAS-DEFAULT-HOSTNAME="sharedthread-ggeheafjamb9hxc2.scm.centralus-01.azurewebsites.net" X-Forwarded-Proto="https" X-AppService-Proto="https" X-Forwarded-TlsVersion="1.3" X-WAWS-Unencoded-URL="/api/zipdeploy?isAsync=true&amp;deployer=GITHUB_ZIP_DEPLOY&amp;message=%7B%22type%22%3A%22deployment%22%2C%22sha%22%3A%22d82e462818514e41a8a6c5f34c917d210711a847%22%2C%22repoName%22%3A%22mxchestnut%2Fsharedthread%22%2C%22actor%22%3A%22mxchestnut%22%2C%22slotName%22%3A%22production%22%2C%22commitMessage%22%3A%22Add%20user%20profile%20editing%20-%20photo%20upload%20and%20bio%22%7D" X-Client-IP="68.220.62.180" X-Client-Port="61440" >
  <step title="Cleanup Xml Logs" date="2025-10-28T18:59:38.648" >
    <step title="Cleanup Infos" date="2025-10-28T18:59:38.657" totalFiles="228" totalCleanup="68" /><!-- duration: 5ms -->
  </step><!-- duration: 17ms -->
  <step title="ZipPushDeploy" date="2025-10-28T18:59:38.679" >
    <step title="ZipDeploy. Run from package. Ignore remote build." date="2025-10-28T18:59:38.690" /><!-- duration: 3ms -->
    <step title="Starting PushDeployAsync" date="2025-10-28T18:59:38.702" /><!-- duration: 4ms -->
    <step title="WEBSITE_RUN_FROM_PACKAGE is set to 1. Writing zip to SitePackagesPath" date="2025-10-28T18:59:38.716" /><!-- duration: 4ms -->
    <step title="Copying zip to SitePackages /home/data/SitePackages/20251028185938.zip from request body" date="2025-10-28T18:59:38.739" /><!-- duration: 23ms -->
    <step title="Writing multipart request body to /home/data/SitePackages/20251028185938.zip" date="2025-10-28T18:59:38.772" /><!-- duration: 9ms -->
    <step title="Deleting outdated zip file /home/data/SitePackages/20251028163651.zip" date="2025-10-28T18:59:49.956" /><!-- duration: 14ms -->
    <step title="Start deployment in the background" date="2025-10-28T18:59:49.990" >
      <step title="Acquiring Deployment Lock" date="2025-10-28T18:59:50.113" /><!-- duration: 9ms -->
      <step title="Acquired Deployment Lock" date="2025-10-28T18:59:50.186" /><!-- duration: 4ms -->
    </step><!-- duration: 298ms -->
  </step><!-- duration: 11616ms -->
  <step title="Outgoing response" date="2025-10-28T18:59:50.299" type="response" statusCode="202" statusText="Accepted" /><!-- duration: 6ms -->
</step><!-- duration: 11665ms -->
