<step title="Incoming Request" date="2025-10-31T15:03:46.630" instance="53cb09" url="/api/deployments/latest?deployer=GITHUB_ZIP_DEPLOY&amp;time=2025-10-31_15-03-39Z" method="GET" type="request" pid="823,1,5" Host="sharedthread-ggeheafjamb9hxc2.scm.centralus-01.azurewebsites.net" User-Agent="GITHUBACTIONS_DeployWebAppToAzure_df1ac74e5fcc350eb4fc3a077fcafa660132f4b2532732a238d3f4a07c967089" Authorization="Bas..." Content-Type="application/json; charset=utf-8" Cookie="ARRAffinity=53cb09fa1df56cad4377ddb96071183a2409f29839db9f7c48309c156a15e042;Path=/;HttpOnly;Secure;Domain=sharedthread-ggeheafjamb9hxc2.scm.centralus-01.azurewebsites.net; ARRAffinitySameSite=53cb09fa1df56cad4377ddb96071183a2409f29839db9f7c48309c156a15e042;Path=/;HttpOnly;SameSite=None;Secure;Domain=sharedthread-ggeheafjamb9hxc2.scm.centralus-01.azurewebsites.net" Content-Length="0" X-ARR-LOG-ID="b35f4e67-4073-48c8-ab9a-9d1bd344025e" CLIENT-IP="4.246.134.184:19522" X-SITE-DEPLOYMENT-ID="sharedthread" WAS-DEFAULT-HOSTNAME="sharedthread-ggeheafjamb9hxc2.scm.centralus-01.azurewebsites.net" X-Forwarded-Proto="https" X-AppService-Proto="https" X-Forwarded-TlsVersion="1.3" X-WAWS-Unencoded-URL="/api/deployments/latest?deployer=GITHUB_ZIP_DEPLOY&amp;time=2025-10-31_15-03-39Z" X-Client-IP="4.246.134.184" X-Client-Port="19522" >
  <step title="Cleanup Xml Logs" date="2025-10-31T15:03:46.632" >
    <step title="Cleanup Infos" date="2025-10-31T15:03:46.650" totalFiles="450" totalCleanup="290" /><!-- duration: 28ms -->
  </step><!-- duration: 51ms -->
  <step title="DeploymentService.GetResult" date="2025-10-31T15:03:46.718" >
    <step title="DeploymentService.GetLatestDeployment" date="2025-10-31T15:03:46.733" >
      <step title="DeploymentManager.GetResults" date="2025-10-31T15:03:46.743" /><!-- duration: 860ms -->
    </step><!-- duration: 875ms -->
  </step><!-- duration: 894ms -->
  <step title="Outgoing response" date="2025-10-31T15:03:47.618" type="response" statusCode="202" statusText="Accepted" /><!-- duration: 4ms -->
</step><!-- duration: 995ms -->
