<step title="Incoming Request" date="2025-10-28T07:51:05.334" instance="53cb09" url="/api/zipdeploy?isAsync=true&amp;deployer=GITHUB_ZIP_DEPLOY&amp;message=%7B%22type%22%3A%22deployment%22%2C%22sha%22%3A%223b4656def9bf25763dd730d8fe398da1e98e763f%22%2C%22repoName%22%3A%22mxchestnut%2Fsharedthread%22%2C%22actor%22%3A%22mxchestnut%22%2C%22slotName%22%3A%22production%22%2C%22commitMessage%22%3A%22%F0%9F%94%A7%20Update%20Azure%20deployment%20to%20use%20publish%20profile%20authentication%22%7D" method="POST" type="request" pid="825,1,76" Host="sharedthread-ggeheafjamb9hxc2.scm.centralus-01.azurewebsites.net" User-Agent="GITHUBACTIONS_DeployWebAppToAzure_df1ac74e5fcc350eb4fc3a077fcafa660132f4b2532732a238d3f4a07c967089" Authorization="Bas..." Content-Type="application/octet-stream" Cookie="ARRAffinity=53cb09fa1df56cad4377ddb96071183a2409f29839db9f7c48309c156a15e042;Path=/;HttpOnly;Secure;Domain=sharedthread-ggeheafjamb9hxc2.scm.centralus-01.azurewebsites.net; ARRAffinitySameSite=53cb09fa1df56cad4377ddb96071183a2409f29839db9f7c48309c156a15e042;Path=/;HttpOnly;SameSite=None;Secure;Domain=sharedthread-ggeheafjamb9hxc2.scm.centralus-01.azurewebsites.net" Transfer-Encoding="chunked" X-ARR-LOG-ID="91f7f200-f6fc-4ed9-8e3b-01fca556c38a" CLIENT-IP="20.161.71.50:31760" X-SITE-DEPLOYMENT-ID="sharedthread" WAS-DEFAULT-HOSTNAME="sharedthread-ggeheafjamb9hxc2.scm.centralus-01.azurewebsites.net" X-Forwarded-Proto="https" X-AppService-Proto="https" X-Forwarded-TlsVersion="1.3" X-WAWS-Unencoded-URL="/api/zipdeploy?isAsync=true&amp;deployer=GITHUB_ZIP_DEPLOY&amp;message=%7B%22type%22%3A%22deployment%22%2C%22sha%22%3A%223b4656def9bf25763dd730d8fe398da1e98e763f%22%2C%22repoName%22%3A%22mxchestnut%2Fsharedthread%22%2C%22actor%22%3A%22mxchestnut%22%2C%22slotName%22%3A%22production%22%2C%22commitMessage%22%3A%22%F0%9F%94%A7%20Update%20Azure%20deployment%20to%20use%20publish%20profile%20authentication%22%7D" X-Client-IP="20.161.71.50" X-Client-Port="31760" >
  <step title="Cleanup Xml Logs" date="2025-10-28T07:51:05.363" /><!-- duration: 46ms -->
  <step title="ZipPushDeploy" date="2025-10-28T07:51:05.623" >
    <step title="ZipDeploy. Run from package. Ignore remote build." date="2025-10-28T07:51:05.656" /><!-- duration: 29ms -->
    <step title="None repository commit" date="2025-10-28T07:51:05.816" >
      <step title="Commit id: cdc4760d-33cb-4af3-9c8a-1b49cb7078e7" date="2025-10-28T07:51:05.822" Message="N/A" AuthorName="N/A" AuthorEmail="N/A" /><!-- duration: 4ms -->
    </step><!-- duration: 15ms -->
    <step title="Starting PushDeployAsync" date="2025-10-28T07:51:05.837" /><!-- duration: 5ms -->
    <step title="WEBSITE_RUN_FROM_PACKAGE is set to 1. Writing zip to SitePackagesPath" date="2025-10-28T07:51:05.885" /><!-- duration: 4ms -->
    <step title="Copying zip to SitePackages /home/data/SitePackages/20251028075105.zip from request body" date="2025-10-28T07:51:05.979" /><!-- duration: 13ms -->
    <step title="Writing multipart request body to /home/data/SitePackages/20251028075105.zip" date="2025-10-28T07:51:05.998" /><!-- duration: 18ms -->
    <step title="Start deployment in the background" date="2025-10-28T07:51:26.270" >
      <step title="Acquiring Deployment Lock" date="2025-10-28T07:51:26.336" /><!-- duration: 7ms -->
      <step title="Acquired Deployment Lock" date="2025-10-28T07:51:26.408" /><!-- duration: 4ms -->
    </step><!-- duration: 330ms -->
  </step><!-- duration: 20994ms -->
  <step title="Outgoing response" date="2025-10-28T07:51:26.648" type="response" statusCode="202" statusText="Accepted" /><!-- duration: 5ms -->
</step><!-- duration: 21322ms -->
