<step title="Incoming Request" date="2025-10-28T18:54:47.981" instance="53cb09" url="/api/zipdeploy?isAsync=true&amp;deployer=GITHUB_ZIP_DEPLOY&amp;message=%7B%22type%22%3A%22deployment%22%2C%22sha%22%3A%22697ce99f8881a480a85bee93061953f0d625fd65%22%2C%22repoName%22%3A%22mxchestnut%2Fsharedthread%22%2C%22actor%22%3A%22mxchestnut%22%2C%22slotName%22%3A%22production%22%2C%22commitMessage%22%3A%22Update%20TODO%20-%20mark%20User%20Menu%20and%20Newsletter%20sections%20as%20completed%22%7D" method="POST" type="request" pid="824,1,24" Host="sharedthread-ggeheafjamb9hxc2.scm.centralus-01.azurewebsites.net" User-Agent="GITHUBACTIONS_DeployWebAppToAzure_df1ac74e5fcc350eb4fc3a077fcafa660132f4b2532732a238d3f4a07c967089" Authorization="Bas..." Content-Type="application/octet-stream" Cookie="ARRAffinity=53cb09fa1df56cad4377ddb96071183a2409f29839db9f7c48309c156a15e042;Path=/;HttpOnly;Secure;Domain=sharedthread-ggeheafjamb9hxc2.scm.centralus-01.azurewebsites.net; ARRAffinitySameSite=53cb09fa1df56cad4377ddb96071183a2409f29839db9f7c48309c156a15e042;Path=/;HttpOnly;SameSite=None;Secure;Domain=sharedthread-ggeheafjamb9hxc2.scm.centralus-01.azurewebsites.net" Transfer-Encoding="chunked" X-ARR-LOG-ID="17b476c9-0eb9-4098-85f2-4258780c4921" CLIENT-IP="20.171.55.53:11296" X-SITE-DEPLOYMENT-ID="sharedthread" WAS-DEFAULT-HOSTNAME="sharedthread-ggeheafjamb9hxc2.scm.centralus-01.azurewebsites.net" X-Forwarded-Proto="https" X-AppService-Proto="https" X-Forwarded-TlsVersion="1.3" X-WAWS-Unencoded-URL="/api/zipdeploy?isAsync=true&amp;deployer=GITHUB_ZIP_DEPLOY&amp;message=%7B%22type%22%3A%22deployment%22%2C%22sha%22%3A%22697ce99f8881a480a85bee93061953f0d625fd65%22%2C%22repoName%22%3A%22mxchestnut%2Fsharedthread%22%2C%22actor%22%3A%22mxchestnut%22%2C%22slotName%22%3A%22production%22%2C%22commitMessage%22%3A%22Update%20TODO%20-%20mark%20User%20Menu%20and%20Newsletter%20sections%20as%20completed%22%7D" X-Client-IP="20.171.55.53" X-Client-Port="11296" >
  <step title="Cleanup Xml Logs" date="2025-10-28T18:54:48.003" >
    <step title="Cleanup Infos" date="2025-10-28T18:54:48.041" totalFiles="219" totalCleanup="59" /><!-- duration: 62ms -->
  </step><!-- duration: 121ms -->
  <step title="ZipPushDeploy" date="2025-10-28T18:54:48.257" >
    <step title="ZipDeploy. Run from package. Ignore remote build." date="2025-10-28T18:54:48.277" /><!-- duration: 17ms -->
    <step title="Starting PushDeployAsync" date="2025-10-28T18:54:48.306" /><!-- duration: 8ms -->
    <step title="WEBSITE_RUN_FROM_PACKAGE is set to 1. Writing zip to SitePackagesPath" date="2025-10-28T18:54:48.352" /><!-- duration: 29ms -->
    <step title="Copying zip to SitePackages /home/data/SitePackages/20251028185448.zip from request body" date="2025-10-28T18:54:48.475" /><!-- duration: 17ms -->
    <step title="Writing multipart request body to /home/data/SitePackages/20251028185448.zip" date="2025-10-28T18:54:48.502" /><!-- duration: 18ms -->
    <step title="Deleting outdated zip file /home/data/SitePackages/20251028162113.zip" date="2025-10-28T18:55:09.764" /><!-- duration: 49ms -->
    <step title="Start deployment in the background" date="2025-10-28T18:55:09.881" >
      <step title="Acquiring Deployment Lock" date="2025-10-28T18:55:10.155" /><!-- duration: 26ms -->
      <step title="Acquired Deployment Lock" date="2025-10-28T18:55:10.354" /><!-- duration: 26ms -->
    </step><!-- duration: 873ms -->
  </step><!-- duration: 22507ms -->
  <step title="Outgoing response" date="2025-10-28T18:55:10.849" type="response" statusCode="202" statusText="Accepted" /><!-- duration: 37ms -->
</step><!-- duration: 22914ms -->
