<step title="BackgroundTrace" date="2025-10-28T13:01:17.552" instance="53cb09" url="/api/zipdeploy" method="POST" >
  <step title="Cleanup Xml Logs" date="2025-10-28T13:01:17.574" /><!-- duration: 10ms -->
  <step title="Creating temporary deployment - FetchDeploymentManager" date="2025-10-28T13:01:17.690" /><!-- duration: 3ms -->
  <step title="Creating temporary deployment" date="2025-10-28T13:01:17.730" /><!-- duration: 175ms -->
  <step title="Performing fetch based deployment" date="2025-10-28T13:01:17.992" >
    <step title="Deployment timer started" date="2025-10-28T13:01:25.891" >
      <step title="DeploymentManager.Deploy(id:9fcc0a85-eaa0-43de-8c5b-6c4becf22d69)" date="2025-10-28T13:01:26.071" >
        <step title="Collecting changeset information" date="2025-10-28T13:01:26.215" /><!-- duration: 674ms -->
        <step title="Updating submodules" date="2025-10-28T13:01:26.898" /><!-- duration: 1151ms -->
        <step title="Determining deployment builder" date="2025-10-28T13:01:28.361" >
          <step title="Builder is RunFromZipSiteBuilder" date="2025-10-28T13:01:28.375" /><!-- duration: 8ms -->
        </step><!-- duration: 33ms -->
        <step title="PreDeployment: context.CleanOutputPath False" date="2025-10-28T13:01:28.451" >
          <step title="PreDeployment: context.OutputPath /home/site/wwwroot" date="2025-10-28T13:01:28.557" >
            <step title="Building" date="2025-10-28T13:01:28.700" >
              <step title="Triggering recycle (preview mode disabled)." date="2025-10-28T13:01:29.291" /><!-- duration: 9ms -->
              <step title="Modified file to trigger a restart of the app container." date="2025-10-28T13:01:29.379" /><!-- duration: 9ms -->
              <step title="Skip function trigger and logicapp sync because function is not enabled." date="2025-10-28T13:01:29.415" /><!-- duration: 11ms -->
              <step title="Purge deployment items" date="2025-10-28T13:01:31.945" >
                <step title="Remove 206ecb63-, Success, received at 10/28/2025 08:28:11" date="2025-10-28T13:01:32.141" /><!-- duration: 19ms -->
              </step><!-- duration: 235ms -->
            </step><!-- duration: 3630ms -->
          </step><!-- duration: 3785ms -->
          <step title="Cleaning up temp files" date="2025-10-28T13:01:32.367" /><!-- duration: 11ms -->
          <step title="Cleaning up temp files" date="2025-10-28T13:01:32.413" /><!-- duration: 524ms -->
          <step title="Reloading status file with latest updates" date="2025-10-28T13:01:32.986" >
            <step title="WebHooksManager.PublishEventAsync: PostDeployment" date="2025-10-28T13:01:32.994" /><!-- duration: 41ms -->
          </step><!-- duration: 53ms -->
          <step title="Cleaning up temporary deployment - fetch deployment was successful" date="2025-10-28T13:01:33.052" /><!-- duration: 3ms -->
        </step><!-- duration: 4721ms -->
      </step><!-- duration: 7124ms -->
