﻿<?xml version="1.0" encoding="utf-8"?>
<deployment>
  <id>384fedc0-a63f-43b3-a8f5-03532485514f</id>
  <author>N/A</author>
  <deployer>GITHUB_ZIP_DEPLOY</deployer>
  <authorEmail>N/A</authorEmail>
  <message>{"type":"deployment","sha":"9c8b9bdccdcf80ffbc220fd937fcbdf9803a3fc2","repoName":"mxchestnut/sharedthread","actor":"mxchestnut","slotName":"production","commitMessage":"Fix duplicate Sentry configuration in next.config.js\n\n- Merged duplicate withSentryConfig imports and exports\n- Removed deprecated instrumentationHook experimental flag\n- Cleaned up wizard-generated duplicate configuration\n\nFixes build error: 'Identifier 'withSentryConfig' has already been declared'"}</message>
  <progress></progress>
  <status>Success</status>
  <statusText></statusText>
  <lastSuccessEndTime>2025-10-31T14:33:09.8398434Z</lastSuccessEndTime>
  <receivedTime>2025-10-31T14:33:06.5522962Z</receivedTime>
  <startTime>2025-10-31T14:33:08.0397134Z</startTime>
  <endTime>2025-10-31T14:33:09.8398434Z</endTime>
  <complete>True</complete>
  <is_temp>False</is_temp>
  <is_readonly>True</is_readonly>
  <buildSummary />
</deployment>