﻿<?xml version="1.0" encoding="utf-8"?>
<deployment>
  <id>9b026159-aa8b-438a-afe1-97b947c6c2f1</id>
  <author>N/A</author>
  <deployer>GITHUB_ZIP_DEPLOY</deployer>
  <authorEmail>N/A</authorEmail>
  <message>{"type":"deployment","sha":"bbc9d5973ae1974fd33b29bc25b80b7a30fdaad5","repoName":"mxchestnut/sharedthread","actor":"mxchestnut","slotName":"production","commitMessage":"Add DISABLE_TAILSCALE env var for initial admin access"}</message>
  <progress></progress>
  <status>Success</status>
  <statusText></statusText>
  <lastSuccessEndTime>2025-10-31T06:26:27.5767259Z</lastSuccessEndTime>
  <receivedTime>2025-10-31T06:26:24.4871656Z</receivedTime>
  <startTime>2025-10-31T06:26:25.8965415Z</startTime>
  <endTime>2025-10-31T06:26:27.5767259Z</endTime>
  <complete>True</complete>
  <is_temp>False</is_temp>
  <is_readonly>True</is_readonly>
  <buildSummary />
</deployment>