﻿<?xml version="1.0" encoding="utf-8"?>
<deployment>
  <id>1b7dfd62-879e-4144-b1d4-c93de2e1b0a1</id>
  <author>N/A</author>
  <deployer>GITHUB_ZIP_DEPLOY</deployer>
  <authorEmail>N/A</authorEmail>
  <message>{"type":"deployment","sha":"abec1ee83199c52e94730ccc77a4b170ebefd76c","repoName":"mxchestnut/sharedthread","actor":"mxchestnut","slotName":"production","commitMessage":"Fix deployment package to include only necessary files with Prisma Client"}</message>
  <progress></progress>
  <status>Success</status>
  <statusText></statusText>
  <lastSuccessEndTime>2025-10-31T12:40:42.1029368Z</lastSuccessEndTime>
  <receivedTime>2025-10-31T12:40:38.2781618Z</receivedTime>
  <startTime>2025-10-31T12:40:39.679688Z</startTime>
  <endTime>2025-10-31T12:40:42.1029368Z</endTime>
  <complete>True</complete>
  <is_temp>False</is_temp>
  <is_readonly>True</is_readonly>
  <buildSummary />
</deployment>