﻿<?xml version="1.0" encoding="utf-8"?>
<deployment>
  <id>11bd4805-8d47-4600-a903-f8ba96d14241</id>
  <author>N/A</author>
  <deployer>GITHUB_ZIP_DEPLOY</deployer>
  <authorEmail>N/A</authorEmail>
  <message>{"type":"deployment","sha":"d65d211f111983b02335a689ceab4e7cef61d884","repoName":"mxchestnut/sharedthread","actor":"mxchestnut","slotName":"production","commitMessage":"docs: comprehensive deployment readiness report\n\n- Document all fixes applied during Azure downtime\n- Complete feature inventory and deployment checklist\n- Lessons learned from deployment issues\n- Ready-to-deploy status with timeline estimates\n- Production-ready with robust error handling and notifications"}</message>
  <progress></progress>
  <status>Success</status>
  <statusText></statusText>
  <lastSuccessEndTime>2025-10-29T16:28:34.3495514Z</lastSuccessEndTime>
  <receivedTime>2025-10-29T16:28:31.1443873Z</receivedTime>
  <startTime>2025-10-29T16:28:32.5538651Z</startTime>
  <endTime>2025-10-29T16:28:34.3495514Z</endTime>
  <complete>True</complete>
  <is_temp>False</is_temp>
  <is_readonly>True</is_readonly>
  <buildSummary />
</deployment>